epoch,step,loss,eval_loss,learning_rate,elapsed_seconds
0.0023752969121140144,10,0.6990828037261962,,1.4251781472684087e-07,1.2160703230001673
0.004750593824228029,20,0.6935052394866943,,3.008709422011085e-07,1.9375791550010035
0.007125890736342043,30,0.6914334774017334,,4.5922406967537616e-07,2.7436821420014894
0.009501187648456057,40,0.7100411415100097,,6.175771971496437e-07,3.4613681709997763
0.011876484560570071,50,0.7219019412994385,,7.759303246239114e-07,4.1182281430010335
0.014251781472684086,60,0.7121703147888183,,9.342834520981791e-07,4.869378020001022
0.0166270783847981,70,0.7149903297424316,,1.0926365795724466e-06,5.602945055001328
0.019002375296912115,80,0.6797848701477051,,1.250989707046714e-06,6.3814478120002605
0.021377672209026127,90,0.7151040077209473,,1.409342834520982e-06,7.242725895001058
0.023752969121140142,100,0.680702018737793,,1.5676959619952494e-06,8.070861345000594
0.026128266033254157,110,0.6533005714416504,,1.7260490894695173e-06,8.781964997000614
0.028503562945368172,120,0.6522369861602784,,1.8844022169437848e-06,9.541614628000389
0.030878859857482184,130,0.7252319812774658,,2.0427553444180522e-06,10.318879731999914
0.0332541567695962,140,0.7098733901977539,,2.20110847189232e-06,10.997846330003085
0.035629453681710214,150,0.7218361377716065,,2.3594615993665876e-06,11.70403452300161
0.03800475059382423,160,0.7147347927093506,,2.5178147268408552e-06,12.513653473000886
0.040380047505938245,170,0.6801484584808349,,2.6761678543151233e-06,13.26693837700077
0.04275534441805225,180,0.7092987060546875,,2.8345209817893906e-06,14.06624849900254
0.04513064133016627,190,0.685973072052002,,2.9928741092636582e-06,14.783368733002135
0.047505938242280284,200,0.6958637237548828,,3.151227236737926e-06,15.506858063999971
0.0498812351543943,210,0.6895657539367676,,3.309580364212193e-06,16.24833589100308
0.052256532066508314,220,0.6865020751953125,,3.467933491686461e-06,16.935763948000385
0.05463182897862233,230,0.6638808727264405,,3.626286619160729e-06,17.698415476002992
0.057007125890736345,240,0.7130697250366211,,3.7846397466349966e-06,18.544048280000425
0.05938242280285035,250,0.7017416954040527,,3.942992874109263e-06,19.255258533001324
0.06175771971496437,260,0.7031708240509034,,4.1013460015835315e-06,19.97452563200204
0.06413301662707839,270,0.6891166687011718,,4.2596991290578e-06,20.777876056999958
0.0665083135391924,280,0.7106669902801513,,4.418052256532067e-06,21.53725903099985
0.0688836104513064,290,0.6957402706146241,,4.576405384006334e-06,22.291232341001887
0.07125890736342043,300,0.696842098236084,,4.734758511480602e-06,23.03608845599956
0.07363420427553444,310,0.687868309020996,,4.89311163895487e-06,23.766982799003017
0.07600950118764846,320,0.6870219230651855,,5.0514647664291375e-06,24.546319363002112
0.07838479809976247,330,0.7010921478271485,,5.209817893903405e-06,25.31968795300054
0.08076009501187649,340,0.6753708839416503,,5.368171021377673e-06,25.99566664899976
0.0831353919239905,350,0.7000930786132813,,5.526524148851941e-06,26.786325920002128
0.0855106888361045,360,0.6873028755187989,,5.684877276326208e-06,27.541765254001803
0.08788598574821853,370,0.6990434169769287,,5.843230403800475e-06,28.34857292200104
0.09026128266033254,380,0.7049437522888183,,6.001583531274743e-06,29.060472846002085
0.09263657957244656,390,0.6680986881256104,,6.159936658749011e-06,29.83586763600033
0.09501187648456057,400,0.698716402053833,,6.318289786223278e-06,30.604835745001765
0.09738717339667459,410,0.7063566207885742,,6.476642913697546e-06,31.30885648399999
0.0997624703087886,420,0.6618050098419189,,6.634996041171814e-06,32.06315486600215
0.1021377672209026,430,0.6751935482025146,,6.7933491686460815e-06,32.79733713600217
0.10451306413301663,440,0.700593090057373,,6.951702296120349e-06,33.54832682400229
0.10688836104513064,450,0.6731072425842285,,7.110055423594616e-06,34.32056303799982
0.10926365795724466,460,0.6874139785766602,,7.268408551068884e-06,35.135833987002115
0.11163895486935867,470,0.7051238059997559,,7.426761678543152e-06,35.88197658200079
0.11401425178147269,480,0.6863258361816407,,7.585114806017419e-06,36.599313566999626
0.1163895486935867,490,0.66708984375,,7.743467933491687e-06,37.35827128100209
0.1187648456057007,500,0.6924343109130859,,7.901821060965956e-06,38.120026556000084
0.12114014251781473,510,0.6807101726531982,,8.060174188440221e-06,38.924321407001116
0.12351543942992874,520,0.68179292678833,,8.21852731591449e-06,39.73745357900043
0.12589073634204276,530,0.6775494575500488,,8.376880443388757e-06,40.440635959002975
0.12826603325415678,540,0.7076621055603027,,8.535233570863025e-06,41.17087278300096
0.13064133016627077,550,0.6988541603088378,,8.693586698337293e-06,41.90175658500084
0.1330166270783848,560,0.7057698726654053,,8.85193982581156e-06,42.651408603000164
0.13539192399049882,570,0.7007222175598145,,9.010292953285828e-06,43.401515417001065
0.1377672209026128,580,0.6994429588317871,,9.168646080760095e-06,44.22440001700306
0.14014251781472684,590,0.683335542678833,,9.326999208234362e-06,44.96813453900177
0.14251781472684086,600,0.6961004734039307,,9.485352335708631e-06,45.76654021200011
0.14489311163895488,610,0.7044391632080078,,9.643705463182899e-06,46.63408376600273
0.14726840855106887,620,0.6980343818664551,,9.802058590657166e-06,47.36296664600013
0.1496437054631829,630,0.7002188205718994,,9.960411718131435e-06,48.20228948899967
0.15201900237529692,640,0.6860573291778564,,1.0118764845605702e-05,48.961665468999854
0.1543942992874109,650,0.6798757076263428,,1.027711797307997e-05,49.719699592002144
0.15676959619952494,660,0.7055862426757813,,1.0435471100554238e-05,50.37274838600206
0.15914489311163896,670,0.6936181068420411,,1.0593824228028504e-05,51.1345400900027
0.16152019002375298,680,0.6855092525482178,,1.0752177355502773e-05,51.80880546800108
0.16389548693586697,690,0.6818519592285156,,1.091053048297704e-05,52.571566669001186
0.166270783847981,700,0.681916332244873,,1.1068883610451307e-05,53.327827701003116
0.16864608076009502,710,0.6932662963867188,,1.1227236737925575e-05,54.03623310400144
0.171021377672209,720,0.6892863273620605,,1.1385589865399842e-05,54.7280217760017
0.17339667458432304,730,0.6880809783935546,,1.154394299287411e-05,55.4976861819996
0.17577197149643706,740,0.6762932300567627,,1.1702296120348378e-05,56.38297255600264
0.17814726840855108,750,0.6838383674621582,,1.1860649247822647e-05,57.131342262000544
0.18052256532066507,760,0.6818356037139892,,1.2019002375296912e-05,57.89898828200239
0.1828978622327791,770,0.6893349170684815,,1.217735550277118e-05,58.635193852001976
0.18527315914489312,780,0.6761362075805664,,1.2335708630245449e-05,59.44062514300094
0.1876484560570071,790,0.6821318626403808,,1.2494061757719716e-05,60.21676882700194
0.19002375296912113,800,0.6911974906921386,,1.2652414885193985e-05,60.94369784900118
0.19239904988123516,810,0.6782151222229004,,1.281076801266825e-05,61.687336728002265
0.19477434679334918,820,0.6856720924377442,,1.296912114014252e-05,62.46183633200053
0.19714964370546317,830,0.6797009468078613,,1.3127474267616787e-05,63.19176446400161
0.1995249406175772,840,0.6814172744750977,,1.3285827395091054e-05,64.07926555599988
0.20190023752969122,850,0.6869440078735352,,1.3444180522565323e-05,64.78044289900208
0.2042755344418052,860,0.6718599319458007,,1.3602533650039588e-05,65.61792350000178
0.20665083135391923,870,0.6813199520111084,,1.3760886777513857e-05,66.41154893200292
0.20902612826603326,880,0.6888582229614257,,1.3919239904988124e-05,67.11683327799983
0.21140142517814728,890,0.6753078937530518,,1.4077593032462393e-05,67.93289358400216
0.21377672209026127,900,0.6889129638671875,,1.423594615993666e-05,68.66996121800184
0.2161520190023753,910,0.6924551963806153,,1.4394299287410926e-05,69.42860306500006
0.21852731591448932,920,0.6605648040771485,,1.4552652414885195e-05,70.22687493100238
0.2209026128266033,930,0.6857215881347656,,1.4711005542359462e-05,70.90883966200272
0.22327790973871733,940,0.6656039237976075,,1.4869358669833731e-05,71.63372229300148
0.22565320665083136,950,0.6782924652099609,,1.5027711797307999e-05,72.49263046800115
0.22802850356294538,960,0.6540213584899902,,1.5186064924782268e-05,73.21143743700304
0.23040380047505937,970,0.6746812343597413,,1.5344418052256533e-05,73.92341200699957
0.2327790973871734,980,0.6806994438171386,,1.55027711797308e-05,74.65613334100271
0.23515439429928742,990,0.6782376289367675,,1.5661124307205068e-05,75.39394827400247
0.2375296912114014,1000,0.6439355373382568,,1.5819477434679335e-05,76.15247648700097
0.23990498812351543,1010,0.6786264896392822,,1.5977830562153605e-05,76.91684294800143
0.24228028503562946,1020,0.6700075626373291,,1.6136183689627873e-05,77.70493007000186
0.24465558194774348,1030,0.6674347400665284,,1.629453681710214e-05,78.44100375100243
0.24703087885985747,1040,0.6730225086212158,,1.6452889944576407e-05,79.21940483599974
0.2494061757719715,1050,0.6789129257202149,,1.6611243072050674e-05,80.01108179800212
0.2517814726840855,1060,0.657719612121582,,1.676959619952494e-05,80.74140786800126
0.25415676959619954,1070,0.6409852981567383,,1.692794932699921e-05,81.46327688500241
0.25653206650831356,1080,0.6542284965515137,,1.708630245447348e-05,82.19643434300087
0.2589073634204275,1090,0.6558476448059082,,1.7244655581947743e-05,82.89385806200153
0.26128266033254155,1100,0.6324752330780029,,1.7403008709422014e-05,83.6303137190007
0.26365795724465557,1110,0.635509729385376,,1.756136183689628e-05,84.34745533800015
0.2660332541567696,1120,0.6116373062133789,,1.7719714964370545e-05,85.1103232509995
0.2684085510688836,1130,0.6000542640686035,,1.7878068091844816e-05,85.9544370850017
0.27078384798099764,1140,0.6022210121154785,,1.8036421219319083e-05,86.65282398199997
0.27315914489311166,1150,0.5942405700683594,,1.819477434679335e-05,87.41060133300198
0.2755344418052256,1160,0.5794695377349853,,1.8353127474267618e-05,88.17343969700232
0.27790973871733965,1170,0.5292840957641601,,1.8511480601741888e-05,88.84575313599998
0.28028503562945367,1180,0.5140912532806396,,1.8669833729216152e-05,89.52212957200027
0.2826603325415677,1190,0.4697432041168213,,1.882818685669042e-05,90.23977357500189
0.2850356294536817,1200,0.4866314888000488,,1.898653998416469e-05,91.05254200100171
0.28741092636579574,1210,0.4926976203918457,,1.9144893111638957e-05,91.74426636600037
0.28978622327790976,1220,0.4266716957092285,,1.9303246239113224e-05,92.44153952300258
0.2921615201900237,1230,0.3745990037918091,,1.946159936658749e-05,93.23463810100293
0.29453681710213775,1240,0.4262221813201904,,1.961995249406176e-05,93.96841769200182
0.29691211401425177,1250,0.4210958003997803,,1.9778305621536026e-05,94.69774519000202
0.2992874109263658,1260,0.36691598892211913,,1.9936658749010293e-05,95.50037197500205
0.3016627078384798,1270,0.372540545463562,,1.998944312483505e-05,96.22211620800226
0.30403800475059384,1280,0.3888261079788208,,1.9971848332893464e-05,97.01491409099981
0.30641330166270786,1290,0.3859692573547363,,1.995425354095188e-05,97.73665138900105
0.3087885985748218,1300,0.37129740715026854,,1.9936658749010293e-05,98.50616278700181
0.31116389548693585,1310,0.3322247743606567,,1.991906395706871e-05,99.24035119499968
0.31353919239904987,1320,0.31876776218414304,,1.9901469165127123e-05,100.0336020950017
0.3159144893111639,1330,0.37278716564178466,,1.988387437318554e-05,100.8449859680004
0.3182897862232779,1340,0.3450961112976074,,1.986627958124395e-05,101.57275136500175
0.32066508313539194,1350,0.3838698625564575,,1.9848684789302368e-05,102.38232300800155
0.32304038004750596,1360,0.3186863899230957,,1.983108999736078e-05,103.11524769500102
0.3254156769596199,1370,0.2619415998458862,,1.9813495205419197e-05,103.93894550100231
0.32779097387173395,1380,0.31137425899505616,,1.979590041347761e-05,104.68367393300286
0.33016627078384797,1390,0.3886111259460449,,1.9778305621536026e-05,105.40182761799952
0.332541567695962,1400,0.37539336681365965,,1.9760710829594442e-05,106.13381936100268
0.334916864608076,1410,0.4395174503326416,,1.9743116037652855e-05,106.85614298400105
0.33729216152019004,1420,0.3557114124298096,,1.972552124571127e-05,107.55080999200072
0.33966745843230406,1430,0.2827326536178589,,1.9707926453769684e-05,108.28693344600106
0.342042755344418,1440,0.3801575183868408,,1.96903316618281e-05,108.96373091700298
0.34441805225653205,1450,0.3074662685394287,,1.9672736869886514e-05,109.66366792600093
0.34679334916864607,1460,0.2638579845428467,,1.965514207794493e-05,110.44946098299988
0.3491686460807601,1470,0.38008365631103513,,1.9637547286003346e-05,111.20620420100022
0.3515439429928741,1480,0.48047475814819335,,1.961995249406176e-05,111.98640645799969
0.35391923990498814,1490,0.36712667942047117,,1.9602357702120175e-05,112.74110548099998
0.35629453681710216,1500,0.3333359956741333,,1.9584762910178588e-05,113.44548269699953
0.3586698337292161,1510,0.3685358762741089,,1.9567168118237004e-05,114.12492589300018
0.36104513064133015,1520,0.3397929906845093,,1.954957332629542e-05,114.8656836730006
0.36342042755344417,1530,0.35111997127532957,,1.9531978534353833e-05,115.51728543400168
0.3657957244655582,1540,0.32230405807495116,,1.951438374241225e-05,116.25625277899962
0.3681710213776722,1550,0.40685386657714845,,1.9496788950470663e-05,117.010473964001
0.37054631828978624,1560,0.27646675109863283,,1.947919415852908e-05,117.7389371470017
0.37292161520190026,1570,0.3462184429168701,,1.946159936658749e-05,118.53590177500155
0.3752969121140142,1580,0.28139424324035645,,1.9444004574645908e-05,119.27405931000249
0.37767220902612825,1590,0.3452425241470337,,1.942640978270432e-05,120.07111931799955
0.38004750593824227,1600,0.3193228006362915,,1.9408814990762737e-05,120.76594476100217
0.3824228028503563,1610,0.38935003280639646,,1.939122019882115e-05,121.50485791200117
0.3847980997624703,1620,0.30639047622680665,,1.9373625406879566e-05,122.24303013300232
0.38717339667458434,1630,0.3839178800582886,,1.935603061493798e-05,122.94127265700081
0.38954869358669836,1640,0.34091193675994874,,1.9338435822996395e-05,123.75485366599969
0.3919239904988123,1650,0.38320446014404297,,1.9320841031054808e-05,124.51857535400268
0.39429928741092635,1660,0.31187074184417723,,1.9303246239113224e-05,125.22284713100089
0.39667458432304037,1670,0.3346025705337524,,1.9285651447171637e-05,126.06270475600104
0.3990498812351544,1680,0.3700034379959106,,1.9268056655230054e-05,126.87104082299993
0.4014251781472684,1690,0.31850419044494627,,1.9250461863288466e-05,127.65417153300223
0.40380047505938244,1700,0.2597072124481201,,1.9232867071346883e-05,128.45236734100035
0.40617577197149646,1710,0.29820663928985597,,1.9215272279405296e-05,129.22356990800108
0.4085510688836104,1720,0.36229453086853025,,1.9197677487463712e-05,130.03593597399959
0.41092636579572445,1730,0.4505207061767578,,1.9180082695522128e-05,130.77737088399954
0.41330166270783847,1740,0.32715730667114257,,1.916248790358054e-05,131.60074565800096
0.4156769596199525,1750,0.33310666084289553,,1.9144893111638957e-05,132.38730421900254
0.4180522565320665,1760,0.332047700881958,,1.912729831969737e-05,133.14060986200275
0.42042755344418054,1770,0.26845355033874513,,1.9109703527755786e-05,134.02028488200085
0.42280285035629456,1780,0.3482555150985718,,1.9092108735814203e-05,134.86927438100247
0.4251781472684085,1790,0.3376011848449707,,1.9074513943872615e-05,135.5891500550024
0.42755344418052255,1800,0.33394784927368165,,1.905691915193103e-05,136.32921837200047
0.42992874109263657,1810,0.349535608291626,,1.9039324359989445e-05,137.00552453600176
0.4323040380047506,1820,0.33190193176269533,,1.902172956804786e-05,137.77745101999972
0.4346793349168646,1830,0.35805320739746094,,1.9004134776106274e-05,138.53590677600005
0.43705463182897863,1840,0.31976141929626467,,1.898653998416469e-05,139.28489941500084
0.43942992874109266,1850,0.2857766628265381,,1.8968945192223103e-05,140.11578264200216
0.4418052256532066,1860,0.39969429969787595,,1.895135040028152e-05,140.90921538800103
0.44418052256532065,1870,0.32107696533203123,,1.8933755608339932e-05,141.66025264600103
0.44655581947743467,1880,0.3429138660430908,,1.8916160816398348e-05,142.39699055399979
0.4489311163895487,1890,0.3440817594528198,,1.889856602445676e-05,143.2692465330001
0.4513064133016627,1900,0.3152251005172729,,1.8880971232515177e-05,144.0434468420026
0.45368171021377673,1910,0.3927219152450562,,1.886337644057359e-05,144.80745659800232
0.45605700712589076,1920,0.25797252655029296,,1.8845781648632006e-05,145.51062820100196
0.4584323040380047,1930,0.24877805709838868,,1.882818685669042e-05,146.29462669500208
0.46080760095011875,1940,0.3972151279449463,,1.8810592064748836e-05,147.03765772800034
0.46318289786223277,1950,0.315958309173584,,1.879299727280725e-05,147.77495725700282
0.4655581947743468,1960,0.2998520374298096,,1.8775402480865665e-05,148.58895553000184
0.4679334916864608,1970,0.2989230155944824,,1.8757807688924078e-05,149.36621561500215
0.47030878859857483,1980,0.30661060810089114,,1.8740212896982494e-05,150.0826989440029
0.47268408551068886,1990,0.39325172901153566,,1.872261810504091e-05,150.84818696900038
0.4750593824228028,2000,0.368499231338501,,1.8705023313099323e-05,151.6082419459999
0.47743467933491684,2010,0.30767526626586916,,1.868742852115774e-05,152.391629785001
0.47980997624703087,2020,0.3936581611633301,,1.8669833729216152e-05,153.1492135160006
0.4821852731591449,2030,0.40715799331665037,,1.8652238937274568e-05,153.86470982300307
0.4845605700712589,2040,0.2925533056259155,,1.8634644145332985e-05,154.58695322700078
0.48693586698337293,2050,0.3668611764907837,,1.8617049353391397e-05,155.35514868600148
0.48931116389548696,2060,0.32111034393310545,,1.8599454561449814e-05,156.1037358169997
0.4916864608076009,2070,0.27156429290771483,,1.8581859769508227e-05,156.95518905000063
0.49406175771971494,2080,0.3472863435745239,,1.8564264977566643e-05,157.70881845300028
0.49643705463182897,2090,0.30022611618041994,,1.854667018562506e-05,158.55063665600028
0.498812351543943,2100,0.3892455339431763,,1.8529075393683472e-05,159.28490453199993
0.501187648456057,2110,0.3939403533935547,,1.8511480601741888e-05,160.03846634700312
0.503562945368171,2120,0.27861618995666504,,1.84938858098003e-05,160.78588475700235
0.505938242280285,2130,0.32341253757476807,,1.8476291017858717e-05,161.65338898100163
0.5083135391923991,2140,0.3614201545715332,,1.845869622591713e-05,162.44957139100006
0.5106888361045131,2150,0.24793469905853271,,1.8441101433975546e-05,163.23627935200057
0.5130641330166271,2160,0.34438583850860593,,1.842350664203396e-05,164.059184724003
0.5154394299287411,2170,0.3041776180267334,,1.8405911850092376e-05,164.82306830900052
0.517814726840855,2180,0.2945161581039429,,1.838831705815079e-05,165.59936853800173
0.5201900237529691,2190,0.309291934967041,,1.8370722266209205e-05,166.3444637749999
0.5225653206650831,2200,0.3339428186416626,,1.8353127474267618e-05,167.06026627400206
0.5249406175771971,2210,0.3232574939727783,,1.8335532682326034e-05,167.83124528100234
0.5273159144893111,2220,0.3724320650100708,,1.8317937890384447e-05,168.6452056140006
0.5296912114014252,2230,0.3136829137802124,,1.8300343098442863e-05,169.40372940100133
0.5320665083135392,2240,0.2938298940658569,,1.8282748306501276e-05,170.17139723000219
0.5344418052256532,2250,0.22589728832244874,,1.8265153514559692e-05,170.99290077499973
0.5368171021377672,2260,0.2872467517852783,,1.8247558722618105e-05,171.68622847000006
0.5391923990498813,2270,0.2695202350616455,,1.822996393067652e-05,172.41156816500006
0.5415676959619953,2280,0.3591963052749634,,1.8212369138734934e-05,173.16628557200238
0.5439429928741093,2290,0.28456902503967285,,1.819477434679335e-05,173.8861964179996
0.5463182897862233,2300,0.28374810218811036,,1.8177179554851767e-05,174.6327701520022
0.5486935866983373,2310,0.3281876564025879,,1.815958476291018e-05,175.3532361260004
0.5510688836104513,2320,0.3648416757583618,,1.8141989970968596e-05,176.13023777200215
0.5534441805225653,2330,0.4180438995361328,,1.812439517902701e-05,176.91701729200213
0.5558194774346793,2340,0.2504679441452026,,1.8106800387085425e-05,177.62484809300076
0.5581947743467933,2350,0.33567609786987307,,1.808920559514384e-05,178.41792575900035
0.5605700712589073,2360,0.22447776794433594,,1.8071610803202254e-05,179.19753302500249
0.5629453681710214,2370,0.3344695806503296,,1.805401601126067e-05,179.96296970700132
0.5653206650831354,2380,0.27928385734558103,,1.8036421219319083e-05,180.75353860900213
0.5676959619952494,2390,0.29065570831298826,,1.80188264273775e-05,181.44329595599993
0.5700712589073634,2400,0.34345622062683107,,1.8001231635435912e-05,182.18287735299964
0.5724465558194775,2410,0.2199878692626953,,1.798363684349433e-05,183.0008428910005
0.5748218527315915,2420,0.37507994174957277,,1.796604205155274e-05,183.74417160200028
0.5771971496437055,2430,0.3335383653640747,,1.7948447259611158e-05,184.43991113200173
0.5795724465558195,2440,0.38541264533996583,,1.793085246766957e-05,185.26864158399985
0.5819477434679335,2450,0.2792865037918091,,1.7913257675727987e-05,185.95956577800098
0.5843230403800475,2460,0.36841044425964353,,1.78956628837864e-05,186.74356803699993
0.5866983372921615,2470,0.3261735916137695,,1.7878068091844816e-05,187.4210240780012
0.5890736342042755,2480,0.3339054584503174,,1.786047329990323e-05,188.17745796300005
0.5914489311163895,2490,0.31240761280059814,,1.7842878507961645e-05,188.87755206600195
0.5938242280285035,2500,0.2300046920776367,,1.7825283716020058e-05,189.51767478400143
0.5961995249406176,2510,0.3311263084411621,,1.7807688924078474e-05,190.3118605060008
0.5985748218527316,2520,0.3234564304351807,,1.7790094132136887e-05,191.051741149
0.6009501187648456,2530,0.3464879035949707,,1.7772499340195303e-05,191.80736910500127
0.6033254156769596,2540,0.321990966796875,,1.7754904548253716e-05,192.63512481400176
0.6057007125890737,2550,0.31768887042999266,,1.7737309756312132e-05,193.44372529400061
0.6080760095011877,2560,0.37595281600952146,,1.7719714964370545e-05,194.14992732500104
0.6104513064133017,2570,0.3476247787475586,,1.770212017242896e-05,194.9076282599999
0.6128266033254157,2580,0.2795718669891357,,1.7684525380487378e-05,195.6150526670026
0.6152019002375297,2590,0.3655141830444336,,1.766693058854579e-05,196.3605913020001
0.6175771971496437,2600,0.34253768920898436,,1.7649335796604207e-05,197.11695584500194
0.6199524940617577,2610,0.29927749633789064,,1.7631741004662623e-05,197.85047808200034
0.6223277909738717,2620,0.36103057861328125,,1.7614146212721036e-05,198.6421489580025
0.6247030878859857,2630,0.42421917915344237,,1.7596551420779452e-05,199.3914975480002
0.6270783847980997,2640,0.31253125667572024,,1.7578956628837865e-05,200.0437731150014
0.6294536817102138,2650,0.30379452705383303,,1.756136183689628e-05,200.82230317700305
0.6318289786223278,2660,0.324708080291748,,1.7543767044954694e-05,201.55728064100185
0.6342042755344418,2670,0.33790299892425535,,1.752617225301311e-05,202.36415425200175
0.6365795724465558,2680,0.26339144706726075,,1.7508577461071527e-05,203.21187386699967
0.6389548693586699,2690,0.2974565505981445,,1.749098266912994e-05,204.04607604600096
0.6413301662707839,2700,0.23752434253692628,,1.7473387877188356e-05,204.77849103100016
0.6437054631828979,2710,0.3107372999191284,,1.745579308524677e-05,205.53260656800194
0.6460807600950119,2720,0.449367618560791,,1.7438198293305185e-05,206.28905521600245
0.6484560570071259,2730,0.35087149143218993,,1.7420603501363598e-05,207.02435472700017
0.6508313539192399,2740,0.24084258079528809,,1.7403008709422014e-05,207.7332089470001
0.6532066508313539,2750,0.3679705381393433,,1.7385413917480427e-05,208.49307265199968
0.6555819477434679,2760,0.34716048240661623,,1.7367819125538843e-05,209.28071278100106
0.6579572446555819,2770,0.35581159591674805,,1.7350224333597256e-05,210.11362619899955
0.6603325415676959,2780,0.26356818675994875,,1.7332629541655672e-05,210.95781169900147
0.66270783847981,2790,0.38566386699676514,,1.7315034749714085e-05,211.70324375400014
0.665083135391924,2800,0.30426242351531985,,1.72974399577725e-05,212.52947632600262
0.667458432304038,2810,0.29491796493530276,,1.7279845165830914e-05,213.28224002900242
0.669833729216152,2820,0.2749812126159668,,1.726225037388933e-05,214.0547089920001
0.672209026128266,2830,0.3093276500701904,,1.7244655581947743e-05,214.72181522900064
0.6745843230403801,2840,0.41362695693969725,,1.722706079000616e-05,215.4989527860016
0.6769596199524941,2850,0.32943272590637207,,1.7209465998064573e-05,216.25541654500194
0.6793349168646081,2860,0.34032866954803465,,1.719187120612299e-05,217.1954252579999
0.6817102137767221,2870,0.2997613430023193,,1.71742764141814e-05,217.8794962730026
0.684085510688836,2880,0.33423557281494143,,1.7156681622239818e-05,218.6906485899999
0.6864608076009501,2890,0.32636566162109376,,1.7139086830298234e-05,219.53819708200172
0.6888361045130641,2900,0.20196962356567383,,1.7121492038356647e-05,220.3241743710023
0.6912114014251781,2910,0.3873835563659668,,1.7103897246415063e-05,221.02425121000124
0.6935866983372921,2920,0.3316648960113525,,1.708630245447348e-05,221.6878217730009
0.6959619952494062,2930,0.3246558427810669,,1.7068707662531892e-05,222.5223963310018
0.6983372921615202,2940,0.331981897354126,,1.705111287059031e-05,223.19195586800197
0.7007125890736342,2950,0.28317453861236574,,1.703351807864872e-05,223.98881270400307
0.7030878859857482,2960,0.25736074447631835,,1.7015923286707138e-05,224.81827667800098
0.7054631828978623,2970,0.3345124006271362,,1.699832849476555e-05,225.56142521500078
0.7078384798099763,2980,0.35307600498199465,,1.6980733702823967e-05,226.39961307400154
0.7102137767220903,2990,0.35138275623321535,,1.696313891088238e-05,227.22796780800127
0.7125890736342043,3000,0.2848417520523071,,1.6945544118940796e-05,227.98764384800234
0.7149643705463183,3010,0.29742162227630614,,1.692794932699921e-05,228.75553548600146
0.7173396674584323,3020,0.27129967212677003,,1.6910354535057625e-05,229.50501998600157
0.7197149643705463,3030,0.25813748836517336,,1.6892759743116038e-05,230.2259809269999
0.7220902612826603,3040,0.25536503791809084,,1.6875164951174454e-05,231.03311992100134
0.7244655581947743,3050,0.33507494926452636,,1.6857570159232867e-05,231.7449684350031
0.7268408551068883,3060,0.30092225074768064,,1.6839975367291283e-05,232.49516312000196
0.7292161520190024,3070,0.23750367164611816,,1.6822380575349696e-05,233.17409706000035
0.7315914489311164,3080,0.2700390100479126,,1.6804785783408113e-05,233.86998053000207
0.7339667458432304,3090,0.32216079235076905,,1.6787190991466525e-05,234.66175124000074
0.7363420427553444,3100,0.30261037349700926,,1.676959619952494e-05,235.4478243550002
0.7387173396674585,3110,0.34931387901306155,,1.6752001407583355e-05,236.16646999300065
0.7410926365795725,3120,0.2840596675872803,,1.673440661564177e-05,236.9013051990005
0.7434679334916865,3130,0.3675244808197021,,1.6716811823700184e-05,237.63659521900263
0.7458432304038005,3140,0.24261798858642578,,1.66992170317586e-05,238.36467722300222
0.7482185273159145,3150,0.3747518539428711,,1.6681622239817016e-05,239.15319629700025
0.7505938242280285,3160,0.43975486755371096,,1.666402744787543e-05,239.98201331900054
0.7529691211401425,3170,0.2987278938293457,,1.6646432655933845e-05,240.68921742300154
0.7553444180522565,3180,0.39548454284667967,,1.6628837863992258e-05,241.47429677699984
0.7577197149643705,3190,0.2987797498703003,,1.6611243072050674e-05,242.24518716400053
0.7600950118764845,3200,0.296187162399292,,1.659364828010909e-05,242.9885046390009
0.7624703087885986,3210,0.25714709758758547,,1.6576053488167504e-05,243.69017451200125
0.7648456057007126,3220,0.21206824779510497,,1.655845869622592e-05,244.3795805080008
0.7672209026128266,3230,0.33230865001678467,,1.6540863904284333e-05,245.2405010270013
0.7695961995249406,3240,0.3203744411468506,,1.652326911234275e-05,245.8568939220022
0.7719714964370546,3250,0.24635252952575684,,1.6505674320401162e-05,246.59245849900253
0.7743467933491687,3260,0.23579599857330322,,1.6488079528459578e-05,247.37067809899963
0.7767220902612827,3270,0.32208619117736814,,1.647048473651799e-05,248.20972380400053
0.7790973871733967,3280,0.24341416358947754,,1.6452889944576407e-05,248.98662444900037
0.7814726840855107,3290,0.3161137580871582,,1.643529515263482e-05,249.8534198280031
0.7838479809976246,3300,0.269690728187561,,1.6417700360693236e-05,250.52301452699976
0.7862232779097387,3310,0.36105847358703613,,1.6400105568751653e-05,251.27225455699954
0.7885985748218527,3320,0.3049353837966919,,1.6382510776810065e-05,251.9351881500006
0.7909738717339667,3330,0.25756709575653075,,1.6364915984868482e-05,252.70743480999954
0.7933491686460807,3340,0.23137025833129882,,1.6347321192926895e-05,253.4742133990003
0.7957244655581948,3350,0.39447062015533446,,1.632972640098531e-05,254.2137771130001
0.7980997624703088,3360,0.2572089672088623,,1.6312131609043724e-05,254.93646025199996
0.8004750593824228,3370,0.27077884674072267,,1.629453681710214e-05,255.78808740300155
0.8028503562945368,3380,0.40367608070373534,,1.6276942025160553e-05,256.50467543200284
0.8052256532066508,3390,0.3272665739059448,,1.625934723321897e-05,257.233293305002
0.8076009501187649,3400,0.34060096740722656,,1.6241752441277382e-05,257.9720077840029
0.8099762470308789,3410,0.2686680555343628,,1.6224157649335798e-05,258.6878924010016
0.8123515439429929,3420,0.3095455884933472,,1.620656285739421e-05,259.4755078570015
0.8147268408551069,3430,0.33707437515258787,,1.6188968065452627e-05,260.2691003470027
0.8171021377672208,3440,0.33783488273620604,,1.617137327351104e-05,260.97367381000004
0.8194774346793349,3450,0.3490041017532349,,1.6153778481569456e-05,261.7508741140009
0.8218527315914489,3460,0.3080588817596436,,1.6136183689627873e-05,262.62841782500254
0.8242280285035629,3470,0.39093961715698244,,1.6118588897686286e-05,263.3053150110027
0.8266033254156769,3480,0.2580625772476196,,1.6100994105744702e-05,264.14320349000263
0.828978622327791,3490,0.25582869052886964,,1.6083399313803115e-05,264.9209467420005
0.831353919239905,3500,0.22671780586242676,,1.606580452186153e-05,265.8295495070015
0.833729216152019,3510,0.32447052001953125,,1.6048209729919947e-05,266.6587092970003
0.836104513064133,3520,0.39453465938568116,,1.603061493797836e-05,267.5311927520015
0.838479809976247,3530,0.2697344541549683,,1.6013020146036776e-05,268.3159543870024
0.8408551068883611,3540,0.32370083332061766,,1.599542535409519e-05,269.1216200529998
0.8432304038004751,3550,0.22048590183258057,,1.5977830562153605e-05,269.8495986470007
0.8456057007125891,3560,0.32277588844299315,,1.596023577021202e-05,270.54028191100224
0.8479809976247031,3570,0.25101871490478517,,1.5942640978270435e-05,271.30469894400085
0.850356294536817,3580,0.21601390838623047,,1.5925046186328847e-05,272.06368017299974
0.8527315914489311,3590,0.27711830139160154,,1.5907451394387264e-05,272.95565094900303
0.8551068883610451,3600,0.3436461925506592,,1.5889856602445677e-05,274.21910084000046
0.8574821852731591,3610,0.34902300834655764,,1.5872261810504093e-05,276.16697141900295
0.8598574821852731,3620,0.28741941452026365,,1.5854667018562506e-05,277.9701002090005
0.8622327790973872,3630,0.31609787940979006,,1.5837072226620922e-05,279.6768714560021
0.8646080760095012,3640,0.27066023349761964,,1.5819477434679335e-05,281.44672298300065
0.8669833729216152,3650,0.201646089553833,,1.580188264273775e-05,283.3029562440024
0.8693586698337292,3660,0.2951130628585815,,1.5784287850796164e-05,285.10892349999995
0.8717339667458432,3670,0.2306676387786865,,1.576669305885458e-05,286.90645095200307
0.8741092636579573,3680,0.2930909156799316,,1.5749098266912993e-05,288.6516464930028
0.8764845605700713,3690,0.28952362537384035,,1.573150347497141e-05,290.4640028290014
0.8788598574821853,3700,0.29954240322113035,,1.5713908683029822e-05,292.21673560199997
0.8812351543942993,3710,0.32537150382995605,,1.569631389108824e-05,293.6580771000008
0.8836104513064132,3720,0.41034507751464844,,1.5678719099146655e-05,295.2576160250028
0.8859857482185273,3730,0.2230276107788086,,1.5661124307205068e-05,299.121937721
0.8883610451306413,3740,0.3063637733459473,,1.5643529515263484e-05,302.38259629800086
0.8907363420427553,3750,0.26721184253692626,,1.5625934723321897e-05,303.48795433000123
0.8931116389548693,3760,0.279969596862793,,1.5608339931380313e-05,304.75610309900003
0.8954869358669834,3770,0.3236761331558228,,1.559074513943873e-05,305.86561396400066
0.8978622327790974,3780,0.2745304346084595,,1.5573150347497142e-05,306.9011777630003
0.9002375296912114,3790,0.22093372344970702,,1.555555555555556e-05,308.88753851
0.9026128266033254,3800,0.26831769943237305,,1.553796076361397e-05,313.0736174720005
0.9049881235154394,3810,0.3232506990432739,,1.5520365971672387e-05,314.197341608
0.9073634204275535,3820,0.2782104730606079,,1.55027711797308e-05,315.3247832289999
0.9097387173396675,3830,0.2914374113082886,,1.5485176387789217e-05,316.38050635400214
0.9121140142517815,3840,0.29117593765258787,,1.546758159584763e-05,317.57989701100087
0.9144893111638955,3850,0.2613892316818237,,1.5449986803906046e-05,320.84844437100037
0.9168646080760094,3860,0.2856626510620117,,1.543239201196446e-05,323.6714236560001
0.9192399049881235,3870,0.22184603214263915,,1.5414797220022875e-05,324.6707863210031
0.9216152019002375,3880,0.31273229122161866,,1.5397202428081288e-05,325.7932200560026
0.9239904988123515,3890,0.28866827487945557,,1.5379607636139704e-05,326.93258762000187
0.9263657957244655,3900,0.16734107732772827,,1.5362012844198117e-05,328.00569681900015
0.9287410926365796,3910,0.2733848333358765,,1.5344418052256533e-05,331.8448603300021
0.9311163895486936,3920,0.3084540843963623,,1.5326823260314946e-05,334.097761686
0.9334916864608076,3930,0.3017791032791138,,1.5309228468373362e-05,335.27721974400265
0.9358669833729216,3940,0.30095930099487306,,1.529163367643178e-05,336.40855602600277
0.9382422802850356,3950,0.31651256084442136,,1.527403888449019e-05,337.57071032500244
0.9406175771971497,3960,0.282293701171875,,1.5256444092548608e-05,338.5893963680028
0.9429928741092637,3970,0.2739877462387085,,1.5238849300607022e-05,339.5096818100028
0.9453681710213777,3980,0.23972420692443847,,1.5221254508665437e-05,340.237284826002
0.9477434679334917,3990,0.27872400283813475,,1.5203659716723851e-05,340.93448330700267
0.9501187648456056,4000,0.3562541723251343,,1.5186064924782268e-05,341.65379385300184
0.9524940617577197,4010,0.22463645935058593,,1.516847013284068e-05,342.3936861969996
0.9548693586698337,4020,0.271724271774292,,1.5150875340899097e-05,343.19130918800147
0.9572446555819477,4030,0.2742636203765869,,1.513328054895751e-05,343.8917144959996
0.9596199524940617,4040,0.3271980285644531,,1.5115685757015926e-05,344.5635463400031
0.9619952494061758,4050,0.3483942270278931,,1.5098090965074339e-05,345.34900791900145
0.9643705463182898,4060,0.2630598783493042,,1.5080496173132755e-05,346.09018404600283
0.9667458432304038,4070,0.2746318817138672,,1.5062901381191168e-05,346.8736643520024
0.9691211401425178,4080,0.3217721462249756,,1.5045306589249584e-05,347.62183677600115
0.9714964370546318,4090,0.33953697681427003,,1.5027711797307999e-05,348.4502030650001
0.9738717339667459,4100,0.22860021591186525,,1.5010117005366413e-05,349.2019847390002
0.9762470308788599,4110,0.3483894348144531,,1.4992522213424828e-05,349.9873371160029
0.9786223277909739,4120,0.2363800048828125,,1.4974927421483242e-05,350.73628540900245
0.9809976247030879,4130,0.20450997352600098,,1.4957332629541657e-05,351.3947982410027
0.9833729216152018,4140,0.29183387756347656,,1.4939737837600073e-05,352.0857016780028
0.9857482185273159,4150,0.28173189163208007,,1.4922143045658486e-05,352.7865683550008
0.9881235154394299,4160,0.27236285209655764,,1.4904548253716902e-05,353.5251029580031
0.9904988123515439,4170,0.38202681541442873,,1.4886953461775315e-05,354.18177264300175
0.9928741092636579,4180,0.27182984352111816,,1.4869358669833731e-05,354.974245024001
0.995249406175772,4190,0.29480030536651614,,1.4851763877892144e-05,355.74782653500006
0.997624703087886,4200,0.34274098873138426,,1.483416908595056e-05,356.53752947900284
1.0,4210,0.441984224319458,,1.4816574294008973e-05,357.22414558400123
1.0,4210,,0.27716749906539917,,359.5668811150026
1.002375296912114,4220,0.34045796394348143,,1.479897950206739e-05,361.00021638900216
1.004750593824228,4230,0.25266203880310056,,1.4781384710125804e-05,361.7006560200025
1.007125890736342,4240,0.37394444942474364,,1.4763789918184219e-05,362.5855505770014
1.009501187648456,4250,0.23428754806518554,,1.4746195126242633e-05,363.24047753299965
1.01187648456057,4260,0.27921323776245116,,1.4728600334301048e-05,363.97623408800064
1.0142517814726841,4270,0.3420436143875122,,1.4711005542359462e-05,364.7839622499996
1.0166270783847982,4280,0.30838966369628906,,1.4693410750417879e-05,365.49220651200085
1.0190023752969122,4290,0.31478128433227537,,1.4675815958476292e-05,366.10600959000294
1.0213776722090262,4300,0.30971946716308596,,1.4658221166534708e-05,366.79282100800265
1.0237529691211402,4310,0.31352949142456055,,1.464062637459312e-05,367.60347944800014
1.0261282660332542,4320,0.30674889087677004,,1.4623031582651537e-05,368.3333452830011
1.0285035629453683,4330,0.27278647422790525,,1.460543679070995e-05,369.0277414730008
1.0308788598574823,4340,0.30713419914245604,,1.4587841998768366e-05,369.7603993820012
1.0332541567695963,4350,0.3140729427337646,,1.4570247206826779e-05,370.4782612150011
1.03562945368171,4360,0.2905756950378418,,1.4552652414885195e-05,371.27066703400124
1.0380047505938241,4370,0.3637199640274048,,1.453505762294361e-05,372.01081398099996
1.0403800475059382,4380,0.3112055540084839,,1.4517462831002024e-05,372.6929885970021
1.0427553444180522,4390,0.3038451671600342,,1.4499868039060439e-05,373.4340122390022
1.0451306413301662,4400,0.37961390018463137,,1.4482273247118855e-05,374.20068088300104
1.0475059382422802,4410,0.2330230712890625,,1.4464678455177268e-05,374.91724382900065
1.0498812351543942,4420,0.26409616470336916,,1.4447083663235684e-05,375.80113902800076
1.0522565320665083,4430,0.2717292308807373,,1.4429488871294097e-05,376.583714968001
1.0546318289786223,4440,0.20325822830200196,,1.4411894079352513e-05,377.22437015800097
1.0570071258907363,4450,0.3177515506744385,,1.4394299287410926e-05,377.95008227400103
1.0593824228028503,4460,0.3048851013183594,,1.4376704495469342e-05,378.7702795820005
1.0617577197149644,4470,0.2839247226715088,,1.4359109703527755e-05,379.5606486780016
1.0641330166270784,4480,0.2259699821472168,,1.4341514911586172e-05,380.29367690100116
1.0665083135391924,4490,0.3283454418182373,,1.4323920119644586e-05,381.0984972900005
1.0688836104513064,4500,0.31213419437408446,,1.4306325327703e-05,382.0072321680018
1.0712589073634204,4510,0.33164923191070556,,1.4288730535761415e-05,382.796102100001
1.0736342042755345,4520,0.29372591972351075,,1.427113574381983e-05,383.5326564650022
1.0760095011876485,4530,0.22317397594451904,,1.4253540951878244e-05,384.2903028300025
1.0783847980997625,4540,0.22509453296661378,,1.423594615993666e-05,385.0622376020001
1.0807600950118765,4550,0.36457464694976804,,1.4218351367995074e-05,385.83457981800166
1.0831353919239906,4560,0.37469437122344973,,1.420075657605349e-05,386.5815047620017
1.0855106888361046,4570,0.25582175254821776,,1.4183161784111904e-05,387.33880815500015
1.0878859857482186,4580,0.285015344619751,,1.4165566992170319e-05,388.14626881799995
1.0902612826603326,4590,0.2596530199050903,,1.4147972200228735e-05,388.9199524180003
1.0926365795724466,4600,0.3150907039642334,,1.4130377408287148e-05,389.65641164000044
1.0950118764845607,4610,0.21170170307159425,,1.4112782616345564e-05,390.4274427270029
1.0973871733966747,4620,0.3021475553512573,,1.4095187824403977e-05,391.15322997800104
1.0997624703087885,4630,0.25194573402404785,,1.4077593032462393e-05,391.99377079900296
1.1021377672209025,4640,0.2598099946975708,,1.4059998240520806e-05,392.71919965500274
1.1045130641330165,4650,0.30860347747802735,,1.4042403448579223e-05,393.4334516550007
1.1068883610451306,4660,0.25934429168701173,,1.4024808656637635e-05,394.09372966199953
1.1092636579572446,4670,0.1869568943977356,,1.4007213864696052e-05,394.7748693120011
1.1116389548693586,4680,0.26880362033843996,,1.3989619072754466e-05,395.6162874010006
1.1140142517814726,4690,0.277949857711792,,1.397202428081288e-05,396.3968255280015
1.1163895486935866,4700,0.249236798286438,,1.3954429488871295e-05,397.1211721260006
1.1187648456057007,4710,0.318203330039978,,1.3936834696929712e-05,397.8708994790031
1.1211401425178147,4720,0.25702366828918455,,1.3919239904988124e-05,398.69389625199983
1.1235154394299287,4730,0.3228705167770386,,1.390164511304654e-05,399.469246077002
1.1258907363420427,4740,0.2710058927536011,,1.3884050321104954e-05,400.1792333370031
1.1282660332541568,4750,0.2795595169067383,,1.386645552916337e-05,400.90131929900235
1.1306413301662708,4760,0.32907140254974365,,1.3848860737221783e-05,401.6177036299996
1.1330166270783848,4770,0.21934340000152588,,1.3831265945280199e-05,402.44302644100026
1.1353919239904988,4780,0.27407729625701904,,1.3813671153338612e-05,403.31821786100045
1.1377672209026128,4790,0.3317610740661621,,1.3796076361397028e-05,404.1635618020009
1.1401425178147269,4800,0.2562063694000244,,1.3778481569455443e-05,404.9696037800022
1.1425178147268409,4810,0.3337599039077759,,1.3760886777513857e-05,405.75907390400243
1.144893111638955,4820,0.3516398429870605,,1.3743291985572272e-05,406.576709637
1.147268408551069,4830,0.36521728038787843,,1.3725697193630686e-05,407.4069777350014
1.149643705463183,4840,0.24847965240478515,,1.3708102401689101e-05,408.22868648700023
1.152019002375297,4850,0.24531712532043456,,1.3690507609747517e-05,408.94584471599956
1.154394299287411,4860,0.3015267848968506,,1.367291281780593e-05,409.73604468100166
1.156769596199525,4870,0.2868239641189575,,1.3655318025864346e-05,410.4938906110001
1.159144893111639,4880,0.29438784122467043,,1.363772323392276e-05,411.2894850590019
1.161520190023753,4890,0.2941783905029297,,1.3620128441981175e-05,411.98544328900243
1.1638954869358669,4900,0.3262113094329834,,1.3602533650039588e-05,412.7318356550022
1.166270783847981,4910,0.2837047576904297,,1.3584938858098005e-05,413.54082668000046
1.168646080760095,4920,0.31993422508239744,,1.3567344066156417e-05,414.2992191080011
1.171021377672209,4930,0.37124588489532473,,1.3549749274214834e-05,415.10177507000117
1.173396674584323,4940,0.24643223285675048,,1.3532154482273248e-05,415.9442339890011
1.175771971496437,4950,0.24812510013580322,,1.3514559690331663e-05,416.7832607090022
1.178147268408551,4960,0.25167891979217527,,1.3496964898390077e-05,417.5295135660017
1.180522565320665,4970,0.29990172386169434,,1.3479370106448492e-05,418.3272128110002
1.182897862232779,4980,0.2969213962554932,,1.3461775314506906e-05,419.09890105500017
1.185273159144893,4990,0.3606225252151489,,1.3444180522565323e-05,419.8187843630003
1.187648456057007,5000,0.23379869461059571,,1.3426585730623736e-05,420.70281595800043
1.190023752969121,5010,0.2653288125991821,,1.3408990938682152e-05,421.4530037040022
1.1923990498812351,5020,0.3266575813293457,,1.3391396146740565e-05,422.1909368990018
1.1947743467933492,5030,0.2976247310638428,,1.3373801354798981e-05,422.9045991130006
1.1971496437054632,5040,0.2719163179397583,,1.3356206562857394e-05,423.723651004002
1.1995249406175772,5050,0.3079670429229736,,1.333861177091581e-05,424.4847538850008
1.2019002375296912,5060,0.2998504161834717,,1.3321016978974225e-05,425.23494623900115
1.2042755344418052,5070,0.2788071632385254,,1.330342218703264e-05,425.999356307002
1.2066508313539193,5080,0.3507148265838623,,1.3285827395091054e-05,426.7680276760002
1.2090261282660333,5090,0.2915228843688965,,1.3268232603149468e-05,427.57528330700006
1.2114014251781473,5100,0.2942901372909546,,1.3250637811207883e-05,428.2813750740024
1.2137767220902613,5110,0.27369842529296873,,1.32330430192663e-05,429.13116631900266
1.2161520190023754,5120,0.19196867942810059,,1.3215448227324712e-05,429.873618681002
1.2185273159144894,5130,0.26839964389801024,,1.3197853435383128e-05,430.6293549130023
1.2209026128266034,5140,0.22965483665466307,,1.3180258643441541e-05,431.3857682230009
1.2232779097387174,5150,0.2809497117996216,,1.3162663851499957e-05,432.1160575790018
1.2256532066508314,5160,0.3140255928039551,,1.314506905955837e-05,432.9023418329998
1.2280285035629455,5170,0.34045546054840087,,1.3127474267616787e-05,433.60333904100116
1.2304038004750595,5180,0.30185327529907224,,1.31098794756752e-05,434.30926789500154
1.2327790973871733,5190,0.24453423023223878,,1.3092284683733616e-05,435.0192171760027
1.2351543942992875,5200,0.30258305072784425,,1.307468989179203e-05,435.82416597700285
1.2375296912114013,5210,0.276205849647522,,1.3057095099850445e-05,436.5578671030016
1.2399049881235154,5220,0.30179424285888673,,1.3039500307908861e-05,437.27614939600244
1.2422802850356294,5230,0.27490930557250975,,1.3021905515967274e-05,438.0510679729996
1.2446555819477434,5240,0.24841163158416749,,1.300431072402569e-05,438.857707590003
1.2470308788598574,5250,0.279512882232666,,1.2986715932084105e-05,439.612286779
1.2494061757719714,5260,0.29405200481414795,,1.296912114014252e-05,440.41899212200224
1.2517814726840855,5270,0.3106360673904419,,1.2951526348200934e-05,441.10138386200197
1.2541567695961995,5280,0.2527637958526611,,1.2933931556259348e-05,441.7982940360016
1.2565320665083135,5290,0.2792919635772705,,1.2916336764317763e-05,442.58992512900295
1.2589073634204275,5300,0.310595178604126,,1.289874197237618e-05,443.386485746003
1.2612826603325415,5310,0.24612910747528077,,1.2881147180434592e-05,444.090345462002
1.2636579572446556,5320,0.242209792137146,,1.2863552388493008e-05,444.845691814
1.2660332541567696,5330,0.3725191593170166,,1.2845957596551421e-05,445.6170179710025
1.2684085510688836,5340,0.261229133605957,,1.2828362804609837e-05,446.3475036279997
1.2707838479809976,5350,0.2765127420425415,,1.281076801266825e-05,447.0680212820007
1.2731591448931117,5360,0.3824603080749512,,1.2793173220726667e-05,447.8575651020001
1.2755344418052257,5370,0.30875244140625,,1.2775578428785081e-05,448.59772081700066
1.2779097387173397,5380,0.22597873210906982,,1.2757983636843496e-05,449.28377545400144
1.2802850356294537,5390,0.2864488124847412,,1.274038884490191e-05,450.0026648500025
1.2826603325415677,5400,0.2964760780334473,,1.2722794052960325e-05,450.76035555600174
1.2850356294536818,5410,0.30017647743225095,,1.270519926101874e-05,451.5223115500012
1.2874109263657958,5420,0.2394571304321289,,1.2687604469077156e-05,452.2440182930004
1.2897862232779098,5430,0.24029040336608887,,1.2670009677135569e-05,453.04455048599993
1.2921615201900236,5440,0.2760025978088379,,1.2652414885193985e-05,453.76514371000303
1.2945368171021379,5450,0.3290750741958618,,1.2634820093252398e-05,454.56045954
1.2969121140142517,5460,0.2740124940872192,,1.2617225301310814e-05,455.3698351730018
1.299287410926366,5470,0.3202536582946777,,1.2599630509369227e-05,456.16367281400017
1.3016627078384797,5480,0.319037127494812,,1.2582035717427643e-05,456.86273302700283
1.304038004750594,5490,0.3390570402145386,,1.2564440925486056e-05,457.6795070190019
1.3064133016627077,5500,0.2628082275390625,,1.2546846133544472e-05,458.4777020930014
1.3087885985748218,5510,0.29074978828430176,,1.2529251341602887e-05,459.2772522580017
1.3111638954869358,5520,0.2873786211013794,,1.2511656549661301e-05,460.0542551640028
1.3135391923990498,5530,0.29039177894592283,,1.2494061757719716e-05,460.8421757560027
1.3159144893111638,5540,0.31299605369567873,,1.247646696577813e-05,461.60354365900275
1.3182897862232779,5550,0.31212491989135743,,1.2458872173836545e-05,462.380879321001
1.3206650831353919,5560,0.23923323154449463,,1.2441277381894961e-05,463.15336349300196
1.323040380047506,5570,0.23769428730010986,,1.2423682589953374e-05,463.9451519070026
1.32541567695962,5580,0.2806047201156616,,1.240608779801179e-05,464.77563219700096
1.327790973871734,5590,0.25933547019958497,,1.2388493006070203e-05,465.5161379250021
1.330166270783848,5600,0.2287384033203125,,1.237089821412862e-05,466.30148845400254
1.332541567695962,5610,0.23812215328216552,,1.2353303422187032e-05,467.0352559060011
1.334916864608076,5620,0.3327324867248535,,1.2335708630245449e-05,467.83425108600204
1.33729216152019,5630,0.2746074914932251,,1.2318113838303861e-05,468.66972844200063
1.339667458432304,5640,0.3164029598236084,,1.2300519046362278e-05,469.4465582190023
1.342042755344418,5650,0.2349555492401123,,1.2282924254420692e-05,470.256204284
1.344418052256532,5660,0.308872127532959,,1.2265329462479107e-05,471.0180975700023
1.3467933491686461,5670,0.3098701000213623,,1.2247734670537521e-05,471.8856118350013
1.3491686460807601,5680,0.17486215829849244,,1.2230139878595938e-05,472.6676929810019
1.3515439429928742,5690,0.26265549659729004,,1.221254508665435e-05,473.4514249269996
1.3539192399049882,5700,0.2804549694061279,,1.2194950294712767e-05,474.1871023290005
1.3562945368171022,5710,0.1960840940475464,,1.217735550277118e-05,474.90772854700117
1.3586698337292162,5720,0.27768545150756835,,1.2159760710829596e-05,475.6807577280015
1.36104513064133,5730,0.25618045330047606,,1.2142165918888009e-05,476.4417748240012
1.3634204275534443,5740,0.2537252902984619,,1.2124571126946425e-05,477.24812410400045
1.365795724465558,5750,0.26546106338500974,,1.2106976335004838e-05,477.93097106999994
1.3681710213776723,5760,0.2890764236450195,,1.2089381543063254e-05,478.6408772020004
1.3705463182897861,5770,0.2573836803436279,,1.2071786751121669e-05,479.4517860090018
1.3729216152019004,5780,0.30325329303741455,,1.2054191959180083e-05,480.1805796680019
1.3752969121140142,5790,0.23099443912506104,,1.2036597167238498e-05,480.91957523699966
1.3776722090261282,5800,0.18257211446762084,,1.2019002375296912e-05,481.7040995810021
1.3800475059382422,5810,0.37403254508972167,,1.2001407583355327e-05,482.4660361950009
1.3824228028503562,5820,0.2847040414810181,,1.1983812791413743e-05,483.261716660003
1.3847980997624703,5830,0.25297658443450927,,1.1966217999472156e-05,484.0352423860022
1.3871733966745843,5840,0.2790433406829834,,1.1948623207530572e-05,484.8240187670017
1.3895486935866983,5850,0.2384329080581665,,1.1931028415588987e-05,485.5525273210005
1.3919239904988123,5860,0.37561233043670655,,1.1913433623647402e-05,486.35214464100136
1.3942992874109263,5870,0.30496644973754883,,1.1895838831705818e-05,487.08344268400106
1.3966745843230404,5880,0.27644665241241456,,1.187824403976423e-05,487.8834705260015
1.3990498812351544,5890,0.27453980445861814,,1.1860649247822647e-05,488.56354184200245
1.4014251781472684,5900,0.2743483066558838,,1.184305445588106e-05,489.31930170300257
1.4038004750593824,5910,0.1992371201515198,,1.1825459663939476e-05,490.115463068003
1.4061757719714965,5920,0.2739454746246338,,1.1807864871997889e-05,490.87706666600207
1.4085510688836105,5930,0.27544116973876953,,1.1790270080056305e-05,491.56078228000115
1.4109263657957245,5940,0.295343017578125,,1.1772675288114718e-05,492.294074884001
1.4133016627078385,5950,0.26664397716522215,,1.1755080496173134e-05,493.02440470000147
1.4156769596199525,5960,0.22717673778533937,,1.1737485704231549e-05,493.79328435000207
1.4180522565320666,5970,0.29479222297668456,,1.1719890912289963e-05,494.5057846849995
1.4204275534441806,5980,0.2319082260131836,,1.1702296120348378e-05,495.2149719709996
1.4228028503562946,5990,0.20236809253692628,,1.1684701328406794e-05,495.913910948002
1.4251781472684084,6000,0.2501686096191406,,1.1667106536465207e-05,496.5836971860008
1.4275534441805227,6010,0.2523123025894165,,1.1649511744523623e-05,497.2287353970023
1.4299287410926365,6020,0.2578991651535034,,1.1631916952582036e-05,497.95921875299973
1.4323040380047507,6030,0.3004258871078491,,1.1614322160640452e-05,498.6782114740017
1.4346793349168645,6040,0.32417945861816405,,1.1596727368698865e-05,499.39168910599983
1.4370546318289787,6050,0.25402035713195803,,1.1579132576757282e-05,500.2053006540009
1.4394299287410925,6060,0.26235404014587405,,1.1561537784815694e-05,501.0117782740017
1.4418052256532066,6070,0.39870057106018064,,1.154394299287411e-05,501.7472302990027
1.4441805225653206,6080,0.18709213733673097,,1.1526348200932525e-05,502.5077075549998
1.4465558194774346,6090,0.3265743970870972,,1.150875340899094e-05,503.28758896100044
1.4489311163895486,6100,0.2214283227920532,,1.1491158617049354e-05,503.968928772003
1.4513064133016627,6110,0.302076530456543,,1.1473563825107769e-05,504.7557313409998
1.4536817102137767,6120,0.27855920791625977,,1.1455969033166184e-05,505.50517574900005
1.4560570071258907,6130,0.2631601572036743,,1.14383742412246e-05,506.3131469550026
1.4584323040380047,6140,0.2785801887512207,,1.1420779449283013e-05,507.11894990200017
1.4608076009501187,6150,0.24912147521972655,,1.1403184657341429e-05,507.8915461810029
1.4631828978622328,6160,0.28619410991668703,,1.1385589865399842e-05,508.67188239499956
1.4655581947743468,6170,0.2392266273498535,,1.1367995073458258e-05,509.4258974330005
1.4679334916864608,6180,0.28291778564453124,,1.1350400281516671e-05,510.1146680510028
1.4703087885985748,6190,0.24020752906799317,,1.1332805489575087e-05,510.8025260320028
1.4726840855106889,6200,0.23615360260009766,,1.13152106976335e-05,511.55394432899993
1.4750593824228029,6210,0.282069730758667,,1.1297615905691916e-05,512.2682275350016
1.477434679334917,6220,0.2872670412063599,,1.128002111375033e-05,513.0328186290026
1.479809976247031,6230,0.3221508741378784,,1.1262426321808745e-05,513.7820904680011
1.482185273159145,6240,0.2004629850387573,,1.124483152986716e-05,514.4795817500017
1.484560570071259,6250,0.27853591442108155,,1.1227236737925575e-05,515.2951364470027
1.486935866983373,6260,0.25215730667114256,,1.1209641945983989e-05,516.0476403749999
1.489311163895487,6270,0.3473543882369995,,1.1192047154042405e-05,516.8902462440019
1.491686460807601,6280,0.19765037298202515,,1.1174452362100818e-05,517.5905439400012
1.4940617577197148,6290,0.236466121673584,,1.1156857570159234e-05,518.4515377669995
1.496437054631829,6300,0.34575495719909666,,1.1139262778217647e-05,519.2463376570013
1.4988123515439429,6310,0.22274267673492432,,1.1121667986276064e-05,520.0339202040013
1.5011876484560571,6320,0.27791016101837157,,1.1104073194334476e-05,520.776286596003
1.503562945368171,6330,0.4042933940887451,,1.1086478402392893e-05,521.5546231150001
1.5059382422802852,6340,0.3026265621185303,,1.1068883610451307e-05,522.2685517419995
1.508313539192399,6350,0.28643145561218264,,1.1051288818509722e-05,523.1404998620019
1.5106888361045132,6360,0.2687556028366089,,1.1033694026568136e-05,523.8735648969996
1.513064133016627,6370,0.24098668098449708,,1.1016099234626551e-05,524.5260530300002
1.5154394299287413,6380,0.2568004608154297,,1.0998504442684966e-05,525.268722699002
1.517814726840855,6390,0.22955586910247802,,1.0980909650743382e-05,525.9521824210024
1.520190023752969,6400,0.28421435356140134,,1.0963314858801795e-05,526.7273946599998
1.522565320665083,6410,0.3137383460998535,,1.0945720066860211e-05,527.5776407810008
1.5249406175771971,6420,0.3415025472640991,,1.0928125274918624e-05,528.3979397080002
1.5273159144893111,6430,0.250747537612915,,1.091053048297704e-05,529.1567698729996
1.5296912114014252,6440,0.26906695365905764,,1.0892935691035453e-05,529.8890691180022
1.5320665083135392,6450,0.2618916749954224,,1.0875340899093869e-05,530.6330326110001
1.5344418052256532,6460,0.3300875186920166,,1.0857746107152282e-05,531.3966792690007
1.5368171021377672,6470,0.3136428356170654,,1.0840151315210698e-05,532.1091684180028
1.5391923990498813,6480,0.33309814929962156,,1.0822556523269115e-05,532.8857331830004
1.5415676959619953,6490,0.2734367370605469,,1.0804961731327527e-05,533.702266651002
1.5439429928741093,6500,0.31311602592468263,,1.0787366939385944e-05,534.5158136460013
1.5463182897862233,6510,0.2901628017425537,,1.0769772147444357e-05,535.2703662550011
1.5486935866983373,6520,0.20162458419799806,,1.0752177355502773e-05,535.9957712060022
1.5510688836104514,6530,0.2803676128387451,,1.0734582563561187e-05,536.7197225990021
1.5534441805225652,6540,0.27270267009735105,,1.0716987771619602e-05,537.4944110600009
1.5558194774346794,6550,0.38079404830932617,,1.0699392979678016e-05,538.2002266689997
1.5581947743467932,6560,0.24357404708862304,,1.0681798187736431e-05,538.8442814379996
1.5605700712589075,6570,0.2094923734664917,,1.0664203395794846e-05,539.563488343003
1.5629453681710213,6580,0.20301976203918456,,1.0646608603853262e-05,540.2534802010014
1.5653206650831355,6590,0.3277441024780273,,1.0629013811911675e-05,541.0315103160028
1.5676959619952493,6600,0.24473946094512938,,1.0611419019970091e-05,541.8172537940009
1.5700712589073635,6610,0.3428347110748291,,1.0593824228028504e-05,542.5512893160012
1.5724465558194773,6620,0.24116029739379882,,1.057622943608692e-05,543.3962371190028
1.5748218527315916,6630,0.328066349029541,,1.0558634644145333e-05,544.1159120580014
1.5771971496437054,6640,0.22079198360443114,,1.054103985220375e-05,544.8769026490008
1.5795724465558196,6650,0.2589901924133301,,1.0523445060262164e-05,545.6486665520024
1.5819477434679334,6660,0.3409022331237793,,1.0505850268320578e-05,546.4542974610013
1.5843230403800475,6670,0.2379150152206421,,1.0488255476378993e-05,547.1488490760021
1.5866983372921615,6680,0.2619065046310425,,1.0470660684437407e-05,547.8497117120023
1.5890736342042755,6690,0.3053119659423828,,1.0453065892495822e-05,548.6453612270016
1.5914489311163895,6700,0.29023447036743166,,1.0435471100554238e-05,549.3661620109997
1.5938242280285035,6710,0.2308741569519043,,1.0417876308612651e-05,550.1400684630025
1.5961995249406176,6720,0.20678539276123048,,1.0400281516671067e-05,550.9309373970027
1.5985748218527316,6730,0.3378167629241943,,1.038268672472948e-05,551.6648553220002
1.6009501187648456,6740,0.28252758979797366,,1.0365091932787897e-05,552.4289879490025
1.6033254156769596,6750,0.26519131660461426,,1.034749714084631e-05,553.1702003890023
1.6057007125890737,6760,0.2182535171508789,,1.0329902348904726e-05,553.9477037190009
1.6080760095011877,6770,0.23066940307617187,,1.0312307556963139e-05,554.7027636849998
1.6104513064133017,6780,0.3564852476119995,,1.0294712765021555e-05,555.4094572880022
1.6128266033254157,6790,0.34383163452148435,,1.027711797307997e-05,556.153859445003
1.6152019002375297,6800,0.35484938621520995,,1.0259523181138384e-05,556.9201798100003
1.6175771971496435,6810,0.2138075590133667,,1.0241928389196798e-05,557.6046787490013
1.6199524940617578,6820,0.2201411485671997,,1.0224333597255213e-05,558.3987180420008
1.6223277909738716,6830,0.35104167461395264,,1.0206738805313628e-05,559.0934487430022
1.6247030878859858,6840,0.2555058240890503,,1.0189144013372044e-05,559.7777198660006
1.6270783847980996,6850,0.25774717330932617,,1.0171549221430457e-05,560.5425558440002
1.6294536817102139,6860,0.3915156364440918,,1.0153954429488873e-05,561.3627862100002
1.6318289786223277,6870,0.273885440826416,,1.0136359637547286e-05,562.2293091499996
1.634204275534442,6880,0.34634358882904054,,1.0118764845605702e-05,563.0981593190008
1.6365795724465557,6890,0.2842671871185303,,1.0101170053664115e-05,563.9342950259997
1.63895486935867,6900,0.36342060565948486,,1.0083575261722531e-05,564.689958160001
1.6413301662707838,6910,0.2905907154083252,,1.0065980469780944e-05,565.4329410050013
1.643705463182898,6920,0.19349853992462157,,1.004838567783936e-05,566.0646232280014
1.6460807600950118,6930,0.2590811014175415,,1.0030790885897775e-05,566.7618517150004
1.648456057007126,6940,0.23996257781982422,,1.001319609395619e-05,567.5364763620018
1.6508313539192399,6950,0.2546634912490845,,9.995601302014604e-06,568.30804833
1.6532066508313539,6960,0.22765743732452393,,9.97800651007302e-06,569.2097806490019
1.655581947743468,6970,0.285587215423584,,9.960411718131435e-06,569.982483011001
1.657957244655582,6980,0.22068259716033936,,9.94281692618985e-06,570.7244415490022
1.660332541567696,6990,0.3646859645843506,,9.925222134248264e-06,571.3890947170003
1.66270783847981,7000,0.2433781147003174,,9.907627342306679e-06,572.1614333800026
1.665083135391924,7010,0.21561036109924317,,9.890032550365093e-06,572.9133673489996
1.667458432304038,7020,0.24566609859466554,,9.872437758423508e-06,573.5934343000008
1.669833729216152,7030,0.29083569049835206,,9.854842966481922e-06,574.407858927003
1.672209026128266,7040,0.21042542457580565,,9.837248174540337e-06,575.2111970530023
1.67458432304038,7050,0.23082537651062013,,9.819653382598751e-06,575.8993597469998
1.676959619952494,7060,0.2610813617706299,,9.802058590657166e-06,576.610901076001
1.6793349168646081,7070,0.27708921432495115,,9.78446379871558e-06,577.3260698630002
1.6817102137767221,7080,0.25330970287322996,,9.766869006773995e-06,578.0873380289995
1.6840855106888362,7090,0.2547749042510986,,9.74927421483241e-06,578.8987215199995
1.68646080760095,7100,0.18104991912841797,,9.731679422890826e-06,579.648052083001
1.6888361045130642,7110,0.3022396802902222,,9.71408463094924e-06,580.4170438630026
1.691211401425178,7120,0.20124442577362062,,9.696489839007655e-06,581.1419368170027
1.6935866983372923,7130,0.2136364459991455,,9.67889504706607e-06,581.9943641660029
1.695961995249406,7140,0.31765012741088866,,9.661300255124484e-06,582.8009342879996
1.6983372921615203,7150,0.31204919815063475,,9.643705463182899e-06,583.6093674870026
1.700712589073634,7160,0.34742939472198486,,9.626110671241313e-06,584.3496624100007
1.7030878859857483,7170,0.19109749794006348,,9.608515879299728e-06,585.1120916670006
1.7054631828978621,7180,0.37800118923187254,,9.590921087358142e-06,585.8702680970018
1.7078384798099764,7190,0.26928560733795165,,9.573326295416557e-06,586.640788945002
1.7102137767220902,7200,0.2600940942764282,,9.555731503474971e-06,587.4425313169995
1.7125890736342044,7210,0.38115534782409666,,9.538136711533386e-06,588.2512655339997
1.7149643705463182,7220,0.20704350471496583,,9.5205419195918e-06,589.0505784190027
1.7173396674584323,7230,0.29538393020629883,,9.502947127650217e-06,589.7949757730021
1.7197149643705463,7240,0.3701277494430542,,9.485352335708631e-06,590.5585078690019
1.7220902612826603,7250,0.24362430572509766,,9.467757543767046e-06,591.3317543330013
1.7244655581947743,7260,0.27999119758605956,,9.45016275182546e-06,592.1538405030005
1.7268408551068883,7270,0.20540077686309816,,9.432567959883875e-06,592.8723255440018
1.7292161520190024,7280,0.2623073816299438,,9.41497316794229e-06,593.6042812260021
1.7315914489311164,7290,0.26185336112976076,,9.397378376000704e-06,594.3082719369995
1.7339667458432304,7300,0.2971564054489136,,9.379783584059119e-06,595.0471780400003
1.7363420427553444,7310,0.2471454381942749,,9.362188792117533e-06,595.8619652980015
1.7387173396674585,7320,0.35881671905517576,,9.344594000175948e-06,596.6704268579997
1.7410926365795725,7330,0.3440067291259766,,9.326999208234362e-06,597.4801455119996
1.7434679334916865,7340,0.2732993602752686,,9.309404416292777e-06,598.2771559920002
1.7458432304038005,7350,0.25056455135345457,,9.291809624351192e-06,599.0067059989997
1.7482185273159145,7360,0.24119114875793457,,9.274214832409608e-06,599.7127298520027
1.7505938242280283,7370,0.1520737886428833,,9.256620040468022e-06,600.4716751520027
1.7529691211401426,7380,0.33920300006866455,,9.239025248526437e-06,601.149260041002
1.7553444180522564,7390,0.25905959606170653,,9.221430456584852e-06,601.8832529780011
1.7577197149643706,7400,0.2223525047302246,,9.203835664643266e-06,602.7198982850023
1.7600950118764844,7410,0.28974783420562744,,9.18624087270168e-06,603.5632435710031
1.7624703087885987,7420,0.21130335330963135,,9.168646080760095e-06,604.3981149220017
1.7648456057007125,7430,0.314990758895874,,9.151051288818511e-06,605.1429688999997
1.7672209026128267,7440,0.28649725914001467,,9.133456496876926e-06,605.8631770230022
1.7695961995249405,7450,0.40737190246582033,,9.11586170493534e-06,606.5717804970009
1.7719714964370548,7460,0.29281208515167234,,9.098266912993755e-06,607.2687837140002
1.7743467933491686,7470,0.23868005275726317,,9.08067212105217e-06,608.0491961700027
1.7767220902612828,7480,0.3188370704650879,,9.063077329110584e-06,608.7973032780028
1.7790973871733966,7490,0.30449137687683103,,9.045482537168999e-06,609.5585466140001
1.7814726840855108,7500,0.23173186779022217,,9.027887745227413e-06,610.2992485320028
1.7838479809976246,7510,0.25749213695526124,,9.010292953285828e-06,611.0945304750021
1.7862232779097387,7520,0.30872220993041993,,8.992698161344243e-06,611.8652976270023
1.7885985748218527,7530,0.2708810567855835,,8.975103369402657e-06,612.5718163790007
1.7909738717339667,7540,0.2598804235458374,,8.957508577461073e-06,613.2834315450018
1.7933491686460807,7550,0.33460168838500975,,8.939913785519488e-06,614.0627036850019
1.7957244655581948,7560,0.17197508811950685,,8.922318993577902e-06,614.7433107960023
1.7980997624703088,7570,0.24710421562194823,,8.904724201636317e-06,615.5445989250002
1.8004750593824228,7580,0.28142831325531004,,8.887129409694732e-06,616.2977165610027
1.8028503562945368,7590,0.33625881671905516,,8.869534617753146e-06,617.0617328330009
1.8052256532066508,7600,0.2603243350982666,,8.85193982581156e-06,617.8580488810003
1.8076009501187649,7610,0.2695047616958618,,8.834345033869975e-06,618.6809242279996
1.809976247030879,7620,0.2733494281768799,,8.81675024192839e-06,619.4378112980012
1.812351543942993,7630,0.37427053451538084,,8.799155449986804e-06,620.1553588900024
1.814726840855107,7640,0.22561237812042237,,8.781560658045219e-06,620.8638870150025
1.817102137767221,7650,0.2238999128341675,,8.763965866103634e-06,621.7068707010003
1.8194774346793348,7660,0.3298019886016846,,8.746371074162048e-06,622.4667770460001
1.821852731591449,7670,0.27176942825317385,,8.728776282220464e-06,623.2161471060026
1.8242280285035628,7680,0.3075070381164551,,8.711181490278879e-06,623.9251318720017
1.826603325415677,7690,0.2566030979156494,,8.693586698337293e-06,624.7108311940028
1.8289786223277908,7700,0.257251238822937,,8.675991906395708e-06,625.528671696
1.831353919239905,7710,0.2549724578857422,,8.658397114454123e-06,626.3627179110008
1.833729216152019,7720,0.34925801753997804,,8.640802322512537e-06,627.1080063370027
1.8361045130641331,7730,0.248848032951355,,8.623207530570952e-06,627.9025677770005
1.838479809976247,7740,0.26279995441436765,,8.605612738629366e-06,629.7612812760017
1.8408551068883612,7750,0.25089244842529296,,8.588017946687781e-06,631.3012578680027
1.843230403800475,7760,0.22093992233276366,,8.570423154746195e-06,634.6803444180005
1.8456057007125892,7770,0.20406618118286132,,8.55282836280461e-06,637.0592075599998
1.847980997624703,7780,0.19955726861953735,,8.535233570863025e-06,639.3602606320019
1.850356294536817,7790,0.23235392570495605,,8.517638778921439e-06,640.6574879180007
1.852731591448931,7800,0.29493937492370603,,8.500043986979855e-06,641.8882571320028
1.855106888361045,7810,0.19805543422698973,,8.48244919503827e-06,643.1392515549996
1.8574821852731591,7820,0.3193467140197754,,8.464854403096684e-06,646.5978999840008
1.8598574821852731,7830,0.229158616065979,,8.447259611155099e-06,648.0929894940018
1.8622327790973872,7840,0.2886507034301758,,8.429664819213514e-06,651.3983452620014
1.8646080760095012,7850,0.28291361331939696,,8.412070027271928e-06,652.458070050001
1.8669833729216152,7860,0.32032318115234376,,8.394475235330343e-06,653.5799507820011
1.8693586698337292,7870,0.30068397521972656,,8.376880443388757e-06,654.6314867170004
1.8717339667458432,7880,0.21686208248138428,,8.359285651447172e-06,655.7770128940028
1.8741092636579573,7890,0.2126544952392578,,8.341690859505586e-06,659.695577368002
1.8764845605700713,7900,0.2365628719329834,,8.324096067564001e-06,661.8534969579996
1.8788598574821853,7910,0.2828373908996582,,8.306501275622416e-06,663.0313816130001
1.8812351543942993,7920,0.30792722702026365,,8.28890648368083e-06,664.2679155760015
1.8836104513064131,7930,0.19660598039627075,,8.271311691739245e-06,665.33408891
1.8859857482185274,7940,0.2692261695861816,,8.253716899797661e-06,666.4715312910012
1.8883610451306412,7950,0.36579580307006837,,8.236122107856076e-06,668.127804300002
1.8907363420427554,7960,0.23125391006469725,,8.21852731591449e-06,670.9704829229995
1.8931116389548692,7970,0.24136621952056886,,8.200932523972905e-06,674.4821355860004
1.8954869358669835,7980,0.23289852142333983,,8.18333773203132e-06,675.637998385002
1.8978622327790973,7990,0.38694400787353517,,8.165742940089734e-06,676.7762495000025
1.9002375296912115,8000,0.18847814798355103,,8.148148148148148e-06,677.892249433
1.9026128266033253,8010,0.29183824062347413,,8.130553356206563e-06,678.9543331400018
1.9049881235154396,8020,0.2974431276321411,,8.112958564264977e-06,681.6620918150002
1.9073634204275534,8030,0.29311041831970214,,8.095363772323392e-06,684.9057198560004
1.9097387173396676,8040,0.20508580207824706,,8.077768980381807e-06,685.9756386780027
1.9121140142517814,8050,0.20471506118774413,,8.060174188440221e-06,687.0761849459996
1.9144893111638956,8060,0.37957234382629396,,8.042579396498637e-06,688.1775293060018
1.9168646080760094,8070,0.30712954998016356,,8.024984604557052e-06,689.496756145003
1.9192399049881235,8080,0.35487027168273927,,8.007389812615467e-06,690.6715951030019
1.9216152019002375,8090,0.20537300109863282,,7.989795020673881e-06,695.0483630039998
1.9239904988123515,8100,0.30298786163330077,,7.972200228732296e-06,696.8202517509999
1.9263657957244655,8110,0.25829205513000486,,7.954605436790712e-06,697.9375521280017
1.9287410926365796,8120,0.3005273103713989,,7.937010644849126e-06,699.0068688700012
1.9311163895486936,8130,0.29454526901245115,,7.919415852907541e-06,700.248977852003
1.9334916864608076,8140,0.21661243438720704,,7.901821060965956e-06,701.5076549840014
1.9358669833729216,8150,0.20162034034729004,,7.88422626902437e-06,704.2983311540011
1.9382422802850356,8160,0.2600531101226807,,7.866631477082785e-06,707.4794341300003
1.9406175771971497,8170,0.2987052440643311,,7.8490366851412e-06,708.6603239720025
1.9429928741092637,8180,0.23141148090362548,,7.831441893199614e-06,709.8209523570004
1.9453681710213777,8190,0.17340575456619262,,7.813847101258028e-06,710.9249717400016
1.9477434679334917,8200,0.28932995796203614,,7.796252309316443e-06,712.0063344080008
1.9501187648456058,8210,0.18268083333969115,,7.778657517374858e-06,713.0771322280016
1.9524940617577196,8220,0.28698718547821045,,7.761062725433272e-06,717.0286791550025
1.9548693586698338,8230,0.255338454246521,,7.743467933491687e-06,719.0495570679996
1.9572446555819476,8240,0.2696026086807251,,7.725873141550101e-06,720.213179188002
1.9596199524940618,8250,0.23546817302703857,,7.708278349608517e-06,721.3691998909999
1.9619952494061756,8260,0.2735816717147827,,7.690683557666932e-06,722.5729361560007
1.96437054631829,8270,0.27994594573974607,,7.673088765725347e-06,723.6877517089997
1.9667458432304037,8280,0.2144603729248047,,7.655493973783761e-06,724.5660865470018
1.969121140142518,8290,0.28837876319885253,,7.637899181842176e-06,725.3078642610017
1.9714964370546317,8300,0.31386020183563235,,7.62030438990059e-06,726.0878672500003
1.973871733966746,8310,0.36256837844848633,,7.602709597959005e-06,726.7505708520002
1.9762470308788598,8320,0.2625093698501587,,7.585114806017419e-06,727.5238154040017
1.978622327790974,8330,0.26922032833099363,,7.567520014075834e-06,728.2763248160009
1.9809976247030878,8340,0.21086840629577636,,7.549925222134249e-06,728.9743642290014
1.9833729216152018,8350,0.3525151252746582,,7.532330430192664e-06,729.7162774370008
1.9857482185273159,8360,0.28107805252075196,,7.5147356382510785e-06,730.4801221980015
1.98812351543943,8370,0.27029619216918943,,7.497140846309493e-06,731.1779312140025
1.990498812351544,8380,0.21542446613311766,,7.479546054367908e-06,731.9936495470029
1.992874109263658,8390,0.22547993659973145,,7.461951262426322e-06,732.7288317340026
1.995249406175772,8400,0.225730037689209,,7.444356470484737e-06,733.3866653540026
1.997624703087886,8410,0.3572657108306885,,7.426761678543152e-06,734.1442481900012
2.0,8420,0.24115595817565919,,7.409166886601567e-06,734.7760439220001
2.0,8420,,0.25969913601875305,,737.093754087
2.002375296912114,8430,0.31122913360595705,,7.391572094659981e-06,738.5315485570027
2.004750593824228,8440,0.27866032123565676,,7.373977302718396e-06,739.3153316730022
2.007125890736342,8450,0.2714371204376221,,7.35638251077681e-06,739.9972462140031
2.009501187648456,8460,0.3388993740081787,,7.338787718835225e-06,740.6841832220016
2.01187648456057,8470,0.20787208080291747,,7.3211929268936395e-06,741.4106698249998
2.014251781472684,8480,0.24943528175354004,,7.303598134952055e-06,742.1694774230018
2.016627078384798,8490,0.23334906101226807,,7.2860033430104695e-06,742.934318726002
2.019002375296912,8500,0.24611952304840087,,7.268408551068884e-06,743.7129586030023
2.021377672209026,8510,0.3289381980895996,,7.250813759127299e-06,744.5463899480019
2.02375296912114,8520,0.2105638027191162,,7.233218967185713e-06,745.2780428540027
2.026128266033254,8530,0.29724721908569335,,7.215624175244128e-06,745.982091676
2.0285035629453683,8540,0.28147814273834226,,7.198029383302543e-06,746.6986446680021
2.030878859857482,8550,0.30003986358642576,,7.180434591360958e-06,747.414079872
2.0332541567695963,8560,0.31021742820739745,,7.162839799419372e-06,748.1998712400018
2.03562945368171,8570,0.26920223236083984,,7.145245007477787e-06,748.9563697110025
2.0380047505938244,8580,0.23584456443786622,,7.127650215536201e-06,749.5926363239996
2.040380047505938,8590,0.23320956230163575,,7.110055423594616e-06,750.300337318
2.0427553444180524,8600,0.3518676280975342,,7.0924606316530305e-06,751.0406346540003
2.045130641330166,8610,0.2762287616729736,,7.074865839711446e-06,751.7314353559996
2.0475059382422804,8620,0.15246741771697997,,7.0572710477698605e-06,752.4589798590023
2.0498812351543942,8630,0.2724190950393677,,7.039676255828275e-06,753.1714251830017
2.0522565320665085,8640,0.26389572620391843,,7.02208146388669e-06,753.9174283989996
2.0546318289786223,8650,0.23066799640655516,,7.004486671945104e-06,754.7237399879996
2.0570071258907365,8660,0.27017936706542967,,6.986891880003519e-06,755.4438197090021
2.0593824228028503,8670,0.22796406745910644,,6.969297088061934e-06,756.1757459880027
2.0617577197149646,8680,0.24341304302215577,,6.951702296120349e-06,756.8855623090021
2.0641330166270784,8690,0.3104358434677124,,6.934107504178763e-06,757.6748161980031
2.0665083135391926,8700,0.20501255989074707,,6.916512712237179e-06,758.4697335410019
2.0688836104513064,8710,0.3993374347686768,,6.898917920295593e-06,759.1715740450018
2.07125890736342,8720,0.1775524139404297,,6.881323128354009e-06,759.8644767510013
2.0736342042755345,8730,0.2616437435150146,,6.863728336412423e-06,760.5354832490011
2.0760095011876483,8740,0.23449442386627198,,6.846133544470838e-06,761.3885684100023
2.0783847980997625,8750,0.35851123332977297,,6.828538752529252e-06,762.1377350740004
2.0807600950118763,8760,0.32103989124298093,,6.810943960587667e-06,762.9584849660023
2.0831353919239906,8770,0.29472713470458983,,6.7933491686460815e-06,763.7855092850004
2.0855106888361044,8780,0.336992883682251,,6.775754376704496e-06,764.5553398820011
2.0878859857482186,8790,0.32934064865112306,,6.7581595847629114e-06,765.2606513050014
2.0902612826603324,8800,0.2707240104675293,,6.740564792821326e-06,765.9893613090026
2.0926365795724466,8810,0.20758523941040039,,6.7229700008797406e-06,766.7769980310004
2.0950118764845604,8820,0.2747471570968628,,6.705375208938155e-06,767.5818815580024
2.0973871733966747,8830,0.2731695890426636,,6.68778041699657e-06,768.2768962490009
2.0997624703087885,8840,0.22398881912231444,,6.670185625054984e-06,769.0550145529996
2.1021377672209027,8850,0.26592540740966797,,6.6525908331134e-06,769.8960574680023
2.1045130641330165,8860,0.2333369016647339,,6.634996041171814e-06,770.6076780220028
2.1068883610451308,8870,0.28520519733428956,,6.617401249230229e-06,771.3513145310026
2.1092636579572446,8880,0.26754438877105713,,6.599806457288643e-06,772.1799210280005
2.111638954869359,8890,0.2001193046569824,,6.582211665347058e-06,772.9887251260006
2.1140142517814726,8900,0.2618366241455078,,6.5646168734054725e-06,773.7439897340009
2.116389548693587,8910,0.23769750595092773,,6.547022081463887e-06,774.467581754001
2.1187648456057007,8920,0.27463574409484864,,6.5294272895223024e-06,775.2026486470022
2.121140142517815,8930,0.3415627717971802,,6.511832497580717e-06,775.934272333001
2.1235154394299287,8940,0.2961421012878418,,6.4942377056391316e-06,776.6255545870008
2.125890736342043,8950,0.3168636798858643,,6.476642913697546e-06,777.3358649420006
2.1282660332541568,8960,0.224440336227417,,6.459048121755961e-06,778.0502011099998
2.130641330166271,8970,0.31018776893615724,,6.441453329814375e-06,778.7306421810026
2.133016627078385,8980,0.19716348648071289,,6.423858537872791e-06,779.4245361030007
2.1353919239904986,8990,0.29278388023376467,,6.406263745931205e-06,780.2201538460031
2.137767220902613,9000,0.25171260833740233,,6.38866895398962e-06,780.9024755060018
2.1401425178147266,9010,0.2813068628311157,,6.371074162048034e-06,781.6524024120008
2.142517814726841,9020,0.2171407461166382,,6.353479370106449e-06,782.4329521569998
2.1448931116389547,9030,0.27118141651153566,,6.3358845781648635e-06,783.163233901003
2.147268408551069,9040,0.2793229103088379,,6.318289786223278e-06,783.8742597090022
2.1496437054631827,9050,0.25430419445037844,,6.3006949942816934e-06,784.6506893570004
2.152019002375297,9060,0.16801278591156005,,6.283100202340108e-06,785.3518906370009
2.1543942992874108,9070,0.27543139457702637,,6.2655054103985226e-06,786.0516692609999
2.156769596199525,9080,0.28148698806762695,,6.247910618456937e-06,786.8345529920007
2.159144893111639,9090,0.2482391357421875,,6.230315826515352e-06,787.6321163300017
2.161520190023753,9100,0.2982456207275391,,6.212721034573766e-06,788.4129749450003
2.163895486935867,9110,0.3228734016418457,,6.195126242632181e-06,789.2416881070021
2.166270783847981,9120,0.30613253116607664,,6.177531450690596e-06,789.9733515020016
2.168646080760095,9130,0.2619837999343872,,6.159936658749011e-06,790.6465538090015
2.171021377672209,9140,0.37706704139709474,,6.142341866807425e-06,791.4572892160031
2.173396674584323,9150,0.28697383403778076,,6.12474707486584e-06,792.2156004700009
2.175771971496437,9160,0.24302759170532226,,6.1071522829242545e-06,792.9279917010026
2.178147268408551,9170,0.2611656904220581,,6.089557490982669e-06,793.7164107240023
2.1805225653206652,9180,0.2784951448440552,,6.0719626990410844e-06,794.4971524390021
2.182897862232779,9190,0.16349458694458008,,6.054367907099499e-06,795.2901164030009
2.1852731591448933,9200,0.2621570587158203,,6.0367731151579136e-06,796.0343237390007
2.187648456057007,9210,0.29946026802062986,,6.019178323216328e-06,796.7446734799996
2.1900237529691213,9220,0.26291279792785643,,6.001583531274743e-06,797.4664462350011
2.192399049881235,9230,0.18501787185668944,,5.983988739333157e-06,798.207443770003
2.1947743467933494,9240,0.3345010280609131,,5.966393947391572e-06,799.0434580410001
2.197149643705463,9250,0.1980297327041626,,5.948799155449987e-06,799.8144769710016
2.199524940617577,9260,0.32994081974029543,,5.931204363508402e-06,800.5970946660018
2.201900237529691,9270,0.23945972919464112,,5.913609571566816e-06,801.3302182860025
2.204275534441805,9280,0.26878981590270995,,5.896014779625231e-06,801.9742884620027
2.2066508313539193,9290,0.29322645664215086,,5.8784199876836455e-06,802.7690177360018
2.209026128266033,9300,0.2809720754623413,,5.86082519574206e-06,803.584197608001
2.2114014251781473,9310,0.26730496883392335,,5.843230403800475e-06,804.3896439410019
2.213776722090261,9320,0.2608011484146118,,5.82563561185889e-06,805.1884300240017
2.2161520190023754,9330,0.2593693256378174,,5.808040819917305e-06,805.9877579540007
2.218527315914489,9340,0.2591101169586182,,5.79044602797572e-06,806.7578503360019
2.2209026128266034,9350,0.24074182510375977,,5.7728512360341345e-06,807.5579199540007
2.223277909738717,9360,0.2416534423828125,,5.75525644409255e-06,808.3910423779998
2.2256532066508314,9370,0.3329074144363403,,5.7376616521509645e-06,809.088324170003
2.2280285035629452,9380,0.19713481664657592,,5.720066860209379e-06,809.8043430620019
2.2304038004750595,9390,0.2171335220336914,,5.702472068267794e-06,810.5408437870028
2.2327790973871733,9400,0.22001688480377196,,5.684877276326208e-06,811.3503735900013
2.2351543942992875,9410,0.26298620700836184,,5.667282484384623e-06,812.1289443700007
2.2375296912114013,9420,0.2775233030319214,,5.649687692443037e-06,812.9698215669996
2.2399049881235156,9430,0.24163389205932617,,5.632092900501453e-06,813.7331914390015
2.2422802850356294,9440,0.3004964113235474,,5.614498108559867e-06,814.4768782190004
2.2446555819477436,9450,0.2007601499557495,,5.596903316618282e-06,815.2107425670001
2.2470308788598574,9460,0.2513768672943115,,5.579308524676696e-06,816.058857723001
2.2494061757719717,9470,0.26903867721557617,,5.561713732735111e-06,816.8671248909995
2.2517814726840855,9480,0.23568494319915773,,5.5441189407935255e-06,817.6120229600019
2.2541567695961997,9490,0.26658718585968016,,5.526524148851941e-06,818.3812396050016
2.2565320665083135,9500,0.32860288619995115,,5.5089293569103555e-06,819.1498950800014
2.2589073634204277,9510,0.3604974031448364,,5.49133456496877e-06,819.9176719150018
2.2612826603325415,9520,0.3522817611694336,,5.473739773027185e-06,820.7316477580025
2.2636579572446553,9530,0.2024158239364624,,5.456144981085599e-06,821.5085338030003
2.2660332541567696,9540,0.18263072967529298,,5.438550189144014e-06,822.250594481
2.268408551068884,9550,0.2604471921920776,,5.420955397202428e-06,822.9562936490001
2.2707838479809976,9560,0.21912868022918702,,5.403360605260844e-06,823.667111179002
2.2731591448931114,9570,0.24746463298797608,,5.385765813319258e-06,824.4411214610009
2.2755344418052257,9580,0.18533635139465332,,5.368171021377673e-06,825.1637178840028
2.2779097387173395,9590,0.24199295043945312,,5.350576229436087e-06,825.8612605199996
2.2802850356294537,9600,0.23506755828857423,,5.332981437494502e-06,826.6038090430011
2.2826603325415675,9610,0.23999509811401368,,5.3153866455529165e-06,827.3161459069997
2.2850356294536818,9620,0.279640793800354,,5.297791853611331e-06,828.0104351940026
2.2874109263657956,9630,0.29288926124572756,,5.2801970616697465e-06,828.804099328001
2.28978622327791,9640,0.27101430892944334,,5.262602269728161e-06,829.5823736100028
2.2921615201900236,9650,0.24529798030853273,,5.245007477786576e-06,830.2899043260004
2.294536817102138,9660,0.26624982357025145,,5.22741268584499e-06,831.0631664570028
2.2969121140142517,9670,0.310878586769104,,5.209817893903405e-06,831.8021973989999
2.299287410926366,9680,0.26892426013946535,,5.192223101961819e-06,832.4340391580008
2.3016627078384797,9690,0.2468533992767334,,5.174628310020235e-06,833.145096401
2.304038004750594,9700,0.28505454063415525,,5.157033518078649e-06,834.0110580500004
2.3064133016627077,9710,0.28445019721984866,,5.139438726137064e-06,834.7094217760023
2.308788598574822,9720,0.22113561630249023,,5.121843934195478e-06,835.4058959230024
2.311163895486936,9730,0.3371166467666626,,5.104249142253893e-06,836.1446530890025
2.31353919239905,9740,0.21158246994018554,,5.0866543503123075e-06,836.8320110189998
2.315914489311164,9750,0.29669201374053955,,5.069059558370722e-06,837.5829609339999
2.318289786223278,9760,0.24692938327789307,,5.0514647664291375e-06,838.3736171700002
2.320665083135392,9770,0.2584645748138428,,5.033869974487552e-06,839.1781849930012
2.323040380047506,9780,0.3516968250274658,,5.016275182545967e-06,840.0154803389996
2.32541567695962,9790,0.27708323001861573,,4.998680390604381e-06,840.7978589030026
2.3277909738717337,9800,0.26343603134155275,,4.981085598662796e-06,841.5577983170006
2.330166270783848,9810,0.31887967586517335,,4.963490806721211e-06,842.2622555520029
2.332541567695962,9820,0.26332826614379884,,4.945896014779626e-06,843.1180844670016
2.334916864608076,9830,0.30662026405334475,,4.92830122283804e-06,843.9055556450003
2.33729216152019,9840,0.26376378536224365,,4.910706430896455e-06,844.687383104003
2.339667458432304,9850,0.314451789855957,,4.89311163895487e-06,845.3733635460012
2.342042755344418,9860,0.27534549236297606,,4.875516847013285e-06,846.1813256830028
2.344418052256532,9870,0.2825450897216797,,4.857922055071699e-06,846.9049818820022
2.346793349168646,9880,0.1789404034614563,,4.840327263130114e-06,847.6870304240001
2.34916864608076,9890,0.27595360279083253,,4.8227324711885285e-06,848.4831572190014
2.351543942992874,9900,0.20532875061035155,,4.805137679246943e-06,849.2122107280011
2.353919239904988,9910,0.24456748962402344,,4.7875428873053585e-06,849.9424362000027
2.356294536817102,9920,0.32358057498931886,,4.769948095363773e-06,850.7499736560021
2.3586698337292162,9930,0.2588474750518799,,4.752353303422188e-06,851.5442558499999
2.36104513064133,9940,0.275341796875,,4.734758511480602e-06,852.2835094370021
2.3634204275534443,9950,0.19183987379074097,,4.717163719539017e-06,852.9871841750028
2.365795724465558,9960,0.27433133125305176,,4.699568927597431e-06,853.7389776760028
2.3681710213776723,9970,0.2999849557876587,,4.681974135655846e-06,854.5074494820001
2.370546318289786,9980,0.2632430076599121,,4.664379343714261e-06,855.2286014090023
2.3729216152019004,9990,0.34893791675567626,,4.646784551772676e-06,856.0444996620026
2.375296912114014,10000,0.3128514289855957,,4.62918975983109e-06,856.7413243570008
2.3776722090261284,10010,0.2447793960571289,,4.611594967889505e-06,857.5944385310031
2.380047505938242,10020,0.2663841962814331,,4.5940001759479195e-06,858.3174369190019
2.3824228028503565,10030,0.28634986877441404,,4.576405384006334e-06,859.0380380650022
2.3847980997624703,10040,0.3199976682662964,,4.5588105920647495e-06,859.7243970750023
2.3871733966745845,10050,0.3674617767333984,,4.541215800123164e-06,860.4923696820006
2.3895486935866983,10060,0.27744040489196775,,4.523621008181579e-06,861.3061974390002
2.391923990498812,10070,0.27211034297943115,,4.506026216239993e-06,861.9912837619995
2.3942992874109263,10080,0.26142737865447996,,4.488431424298408e-06,862.7642855680024
2.3966745843230406,10090,0.28652751445770264,,4.470836632356822e-06,863.4084779420009
2.3990498812351544,10100,0.1996931791305542,,4.453241840415237e-06,864.1690027630029
2.401425178147268,10110,0.28595643043518065,,4.435647048473652e-06,864.8666978090005
2.4038004750593824,10120,0.29483048915863036,,4.418052256532067e-06,865.6310257520017
2.4061757719714967,10130,0.30129432678222656,,4.400457464590482e-06,866.4310021390011
2.4085510688836105,10140,0.1856175661087036,,4.382862672648897e-06,867.2689514379999
2.4109263657957243,10150,0.27260451316833495,,4.365267880707311e-06,868.025433990002
2.4133016627078385,10160,0.30558617115020753,,4.347673088765726e-06,868.8507549170026
2.4156769596199523,10170,0.25316615104675294,,4.3300782968241405e-06,869.5812505860013
2.4180522565320666,10180,0.30809760093688965,,4.312483504882555e-06,870.2989628899995
2.4204275534441804,10190,0.26681013107299806,,4.29488871294097e-06,871.1744917060023
2.4228028503562946,10200,0.2638865947723389,,4.277293920999385e-06,871.9462431430002
2.4251781472684084,10210,0.23570282459259034,,4.2596991290578e-06,872.7422589590024
2.4275534441805227,10220,0.30058214664459226,,4.242104337116214e-06,873.5203326420014
2.4299287410926365,10230,0.2597325801849365,,4.224509545174629e-06,874.2877142220023
2.4323040380047507,10240,0.25381858348846437,,4.206914753233043e-06,875.0889375940023
2.4346793349168645,10250,0.25713112354278567,,4.189319961291458e-06,875.9082218140029
2.4370546318289787,10260,0.2408672332763672,,4.171725169349872e-06,876.6787955729997
2.4394299287410925,10270,0.2669494152069092,,4.154130377408288e-06,877.4036305340014
2.441805225653207,10280,0.37496888637542725,,4.136535585466702e-06,878.1033445120011
2.4441805225653206,10290,0.32665879726409913,,4.118940793525117e-06,879.015211664002
2.446555819477435,10300,0.20567660331726073,,4.1013460015835315e-06,879.8903479470027
2.4489311163895486,10310,0.2374638080596924,,4.083751209641946e-06,880.716760790001
2.451306413301663,10320,0.26192669868469237,,4.066156417700361e-06,881.543658134
2.4536817102137767,10330,0.1515372633934021,,4.048561625758776e-06,882.3324570260011
2.456057007125891,10340,0.15329784154891968,,4.030966833817191e-06,883.0546211170004
2.4584323040380047,10350,0.26972055435180664,,4.013372041875605e-06,883.8127239580026
2.460807600950119,10360,0.24479873180389405,,3.99577724993402e-06,884.5244283490028
2.4631828978622328,10370,0.25903294086456297,,3.978182457992434e-06,885.2342712310019
2.4655581947743466,10380,0.21593594551086426,,3.960587666050849e-06,886.0194663710026
2.467933491686461,10390,0.3108114242553711,,3.942992874109263e-06,886.7944496439995
2.470308788598575,10400,0.24722959995269775,,3.925398082167679e-06,887.4783785930013
2.472684085510689,10410,0.2870474100112915,,3.907803290226093e-06,889.593061409003
2.4750593824228027,10420,0.2721342325210571,,3.890208498284508e-06,890.829847914003
2.477434679334917,10430,0.21525771617889405,,3.8726137063429225e-06,894.7020570920031
2.4798099762470307,10440,0.25759437084198,,3.855018914401337e-06,896.7810861120015
2.482185273159145,10450,0.25416083335876466,,3.8374241224597525e-06,897.9458139520029
2.4845605700712587,10460,0.25822434425354,,3.819829330518167e-06,899.1938334590013
2.486935866983373,10470,0.3289635419845581,,3.802234538576582e-06,900.4861556739997
2.489311163895487,10480,0.28994753360748293,,3.7846397466349966e-06,901.5811806849997
2.491686460807601,10490,0.252647852897644,,3.767044954693411e-06,904.774804482
2.494061757719715,10500,0.23686273097991944,,3.749450162751826e-06,906.7034479810027
2.496437054631829,10510,0.31446185111999514,,3.7318553708102407e-06,908.3660169150025
2.498812351543943,10520,0.22106246948242186,,3.7142605788686553e-06,909.5244537280014
2.501187648456057,10530,0.2834584951400757,,3.69666578692707e-06,910.5645631710031
2.503562945368171,10540,0.2351762056350708,,3.679070994985485e-06,911.80513126
2.505938242280285,10550,0.33245410919189455,,3.6614762030438994e-06,913.663801419003
2.508313539192399,10560,0.2803727388381958,,3.643881411102314e-06,917.7467079660018
2.510688836104513,10570,0.2751796245574951,,3.626286619160729e-06,918.9174209180019
2.513064133016627,10580,0.2967653274536133,,3.6086918272191435e-06,920.1045004469997
2.5154394299287413,10590,0.29156591892242434,,3.591097035277558e-06,920.9554544130006
2.517814726840855,10600,0.2570851564407349,,3.573502243335973e-06,922.1073590920023
2.520190023752969,10610,0.1594219446182251,,3.5559074513943876e-06,923.23338668
2.522565320665083,10620,0.313917350769043,,3.538312659452802e-06,925.7040415740012
2.5249406175771973,10630,0.19245476722717286,,3.5207178675112167e-06,929.1448500950028
2.527315914489311,10640,0.21091361045837403,,3.5031230755696317e-06,930.310830477003
2.529691211401425,10650,0.3182270288467407,,3.4855282836280463e-06,931.4388573700016
2.532066508313539,10660,0.2846323728561401,,3.467933491686461e-06,932.5993930719997
2.5344418052256534,10670,0.29723119735717773,,3.450338699744876e-06,933.8014565560006
2.5368171021377672,10680,0.3015293598175049,,3.4327439078032904e-06,934.806647808
2.539192399049881,10690,0.2899827480316162,,3.415149115861705e-06,938.3057006260024
2.5415676959619953,10700,0.27497005462646484,,3.39755432392012e-06,940.9243900900001
2.5439429928741095,10710,0.23408291339874268,,3.3799595319785345e-06,942.1096621640027
2.5463182897862233,10720,0.24226210117340088,,3.362364740036949e-06,943.4113772750025
2.548693586698337,10730,0.2952496290206909,,3.344769948095364e-06,944.5401914620015
2.5510688836104514,10740,0.29730496406555174,,3.3271751561537786e-06,945.6829398959999
2.553444180522565,10750,0.25689544677734377,,3.309580364212193e-06,948.1234875860027
2.5558194774346794,10760,0.24060444831848143,,3.2919855722706086e-06,951.690855300003
2.558194774346793,10770,0.2234598159790039,,3.274390780329023e-06,952.8460804030001
2.5605700712589075,10780,0.29563398361206056,,3.2567959883874377e-06,953.9683630720028
2.5629453681710213,10790,0.23764827251434326,,3.2392011964458527e-06,955.0155694810019
2.5653206650831355,10800,0.348215651512146,,3.2216064045042672e-06,956.2071277150026
2.5676959619952493,10810,0.2674644947052002,,3.204011612562682e-06,957.2469741890018
2.5700712589073635,10820,0.2058335065841675,,3.1864168206210968e-06,960.6358678060024
2.5724465558194773,10830,0.2538753032684326,,3.1688220286795113e-06,962.143064803
2.5748218527315916,10840,0.2975585699081421,,3.151227236737926e-06,965.0421041480004
2.5771971496437054,10850,0.28468081951141355,,3.1336324447963405e-06,966.1854450300016
2.5795724465558196,10860,0.2767263174057007,,3.1160376528547555e-06,967.2435976850029
2.5819477434679334,10870,0.2949543476104736,,3.09844286091317e-06,968.3017003109999
2.5843230403800472,10880,0.3327634334564209,,3.0808480689715846e-06,969.5018476520017
2.5866983372921615,10890,0.26098382472991943,,3.0632532770299996e-06,973.2093758379997
2.5890736342042757,10900,0.2718603849411011,,3.045658485088414e-06,975.5589223770003
2.5914489311163895,10910,0.24617602825164794,,3.0280636931468287e-06,976.6069308760016
2.5938242280285033,10920,0.26352658271789553,,3.0104689012052437e-06,978.533828073003
2.5961995249406176,10930,0.18883442878723145,,2.9928741092636582e-06,982.1563846010031
2.598574821852732,10940,0.21391551494598388,,2.975279317322073e-06,986.1957275109999
2.6009501187648456,10950,0.1967156171798706,,2.9576845253804874e-06,988.2689317470031
2.6033254156769594,10960,0.2359788179397583,,2.9400897334389023e-06,990.0028364280006
2.6057007125890737,10970,0.3145418643951416,,2.922494941497317e-06,991.4307843509996
2.608076009501188,10980,0.28890955448150635,,2.9049001495557315e-06,993.1917996709999
2.6104513064133017,10990,0.21912224292755128,,2.8873053576141465e-06,996.6923768000015
2.6128266033254155,11000,0.26836562156677246,,2.869710565672561e-06,998.6217973780003
2.6152019002375297,11010,0.23901515007019042,,2.8521157737309756e-06,1000.3792849250021
2.6175771971496435,11020,0.2847234487533569,,2.8345209817893906e-06,1003.1890904259999
2.619952494061758,11030,0.3197340965270996,,2.816926189847805e-06,1006.3637178589997
2.6223277909738716,11040,0.3292186975479126,,2.7993313979062197e-06,1008.3209799680008
2.624703087885986,11050,0.2676424503326416,,2.7817366059646343e-06,1011.154543654
2.6270783847980996,11060,0.31784372329711913,,2.7641418140230492e-06,1013.2602856869999
2.629453681710214,11070,0.30512776374816897,,2.746547022081464e-06,1014.4173943610003
2.6318289786223277,11080,0.2871002435684204,,2.728952230139879e-06,1015.495793377002
2.634204275534442,11090,0.2780630350112915,,2.7113574381982938e-06,1016.5446378220004
2.6365795724465557,11100,0.15688220262527466,,2.6937626462567083e-06,1020.2004789380007
2.63895486935867,11110,0.1719202756881714,,2.6761678543151233e-06,1022.5091227060002
2.6413301662707838,11120,0.2738043308258057,,2.658573062373538e-06,1023.5769458200011
2.643705463182898,11130,0.2869579792022705,,2.6409782704319524e-06,1025.644467446
2.646080760095012,11140,0.266850209236145,,2.6233834784903674e-06,1026.8127286430026
2.648456057007126,11150,0.2962946891784668,,2.605788686548782e-06,1028.7472965140005
2.65083135391924,11160,0.3152059555053711,,2.5881938946071966e-06,1032.0413242790019
2.653206650831354,11170,0.22488985061645508,,2.570599102665611e-06,1033.2636727900026
2.655581947743468,11180,0.21974735260009765,,2.553004310724026e-06,1035.3578992360017
2.6579572446555817,11190,0.1928941488265991,,2.5354095187824407e-06,1037.2772887470019
2.660332541567696,11200,0.2997887372970581,,2.5178147268408552e-06,1038.8176522909998
2.66270783847981,11210,0.21991829872131347,,2.5002199348992702e-06,1041.8854816250023
2.665083135391924,11220,0.2879929542541504,,2.4826251429576848e-06,1045.440136553003
2.667458432304038,11230,0.13598734140396118,,2.4650303510160993e-06,1046.523635433001
2.669833729216152,11240,0.18163238763809203,,2.4474355590745143e-06,1047.7012491250025
2.6722090261282663,11250,0.2655313968658447,,2.429840767132929e-06,1048.8389635540007
2.67458432304038,11260,0.24471547603607177,,2.4122459751913434e-06,1049.9082613070022
2.676959619952494,11270,0.3233511209487915,,2.394651183249758e-06,1051.0330558940004
2.679334916864608,11280,0.3470327615737915,,2.377056391308173e-06,1054.5340207860027
2.6817102137767224,11290,0.2256012201309204,,2.3594615993665876e-06,1057.2680679450023
2.684085510688836,11300,0.2152109146118164,,2.341866807425002e-06,1058.4446819879995
2.68646080760095,11310,0.27170848846435547,,2.324272015483417e-06,1059.659162027001
2.688836104513064,11320,0.22331342697143555,,2.306677223541832e-06,1060.8667186519997
2.691211401425178,11330,0.2747675657272339,,2.2890824316002467e-06,1062.5815816089998
2.6935866983372923,11340,0.2870232820510864,,2.2714876396586612e-06,1066.7517391770016
2.695961995249406,11350,0.23999621868133544,,2.253892847717076e-06,1068.6071395860017
2.6983372921615203,11360,0.33058953285217285,,2.2362980557754908e-06,1069.763342178001
2.700712589073634,11370,0.22336018085479736,,2.2187032638339053e-06,1070.9733118040022
2.7030878859857483,11380,0.401080322265625,,2.20110847189232e-06,1072.0225961409997
2.705463182897862,11390,0.21081814765930176,,2.183513679950735e-06,1073.963330437
2.7078384798099764,11400,0.2480720043182373,,2.1659188880091494e-06,1075.3271204610028
2.71021377672209,11410,0.1658273696899414,,2.148324096067564e-06,1078.4722977100027
2.7125890736342044,11420,0.17316431999206544,,2.130729304125979e-06,1080.866722660001
2.7149643705463182,11430,0.28200037479400636,,2.1131345121843935e-06,1084.3407537340026
2.7173396674584325,11440,0.28099832534790037,,2.095539720242808e-06,1085.500725635
2.7197149643705463,11450,0.24923367500305177,,2.077944928301223e-06,1086.7349050690027
2.72209026128266,11460,0.23373775482177733,,2.0603501363596377e-06,1087.8756322789995
2.7244655581947743,11470,0.24421417713165283,,2.0427553444180522e-06,1088.969221665
2.7268408551068886,11480,0.24201173782348634,,2.025160552476467e-06,1090.0638955370014
2.7292161520190024,11490,0.20346474647521973,,2.0075657605348818e-06,1093.6796824330013
2.731591448931116,11500,0.26009573936462405,,1.9899709685932968e-06,1096.0528044800012
2.7339667458432304,11510,0.325424337387085,,1.9723761766517113e-06,1097.9675897110028
2.7363420427553447,11520,0.2817567825317383,,1.954781384710126e-06,1099.8385849330007
2.7387173396674585,11530,0.21328403949737548,,1.937186592768541e-06,1101.7737839559995
2.7410926365795723,11540,0.18279291391372682,,1.9195918008269554e-06,1103.868610755002
2.7434679334916865,11550,0.2502079725265503,,1.90199700888537e-06,1106.148815481003
2.7458432304038007,11560,0.36800758838653563,,1.8844022169437848e-06,1109.4633872129998
2.7482185273159145,11570,0.26227765083312987,,1.8668074250021995e-06,1112.2861141720023
2.7505938242280283,11580,0.32354714870452883,,1.849212633060614e-06,1113.3309181360019
2.7529691211401426,11590,0.2773606300354004,,1.8316178411190289e-06,1114.3283663399998
2.7553444180522564,11600,0.1721699595451355,,1.8140230491774436e-06,1115.4291710780017
2.7577197149643706,11610,0.19148186445236207,,1.7964282572358582e-06,1116.5707669889998
2.7600950118764844,11620,0.2735133171081543,,1.778833465294273e-06,1117.6309098710008
2.7624703087885987,11630,0.23694853782653807,,1.7612386733526875e-06,1121.2746700310017
2.7648456057007125,11640,0.2798932552337646,,1.7436438814111025e-06,1123.7580714270007
2.7672209026128267,11650,0.29879188537597656,,1.7260490894695173e-06,1124.7613253240015
2.7695961995249405,11660,0.3277280330657959,,1.7084542975279319e-06,1126.0223941330005
2.7719714964370548,11670,0.28224494457244875,,1.6908595055863466e-06,1127.2057896000006
2.7743467933491686,11680,0.24559543132781983,,1.6732647136447614e-06,1128.2941993870008
2.776722090261283,11690,0.2571720600128174,,1.655669921703176e-06,1130.3694466400011
2.7790973871733966,11700,0.19723150730133057,,1.6380751297615907e-06,1132.8740417090012
2.781472684085511,11710,0.2779138803482056,,1.6204803378200053e-06,1134.8003827370012
2.7838479809976246,11720,0.2508739948272705,,1.60288554587842e-06,1135.920090876003
2.7862232779097384,11730,0.24747514724731445,,1.5852907539368349e-06,1137.1068103910002
2.7885985748218527,11740,0.3118264198303223,,1.5676959619952494e-06,1138.1606591880009
2.790973871733967,11750,0.23454658985137938,,1.5501011700536642e-06,1139.06763659
2.7933491686460807,11760,0.24465343952178956,,1.5325063781120788e-06,1142.9229861759995
2.7957244655581945,11770,0.27060842514038086,,1.5149115861704935e-06,1145.1457595520005
2.798099762470309,11780,0.29927682876586914,,1.4973167942289083e-06,1146.2397683810013
2.800475059382423,11790,0.29500572681427,,1.4797220022873233e-06,1147.354087783002
2.802850356294537,11800,0.1458186149597168,,1.4621272103457379e-06,1148.516740561001
2.8052256532066506,11810,0.28455533981323244,,1.4445324184041526e-06,1149.634241294003
2.807600950118765,11820,0.19657565355300904,,1.4269376264625672e-06,1151.174503055001
2.809976247030879,11830,0.23380656242370607,,1.409342834520982e-06,1155.3001754700017
2.812351543942993,11840,0.24357435703277588,,1.3917480425793967e-06,1156.6123508620003
2.8147268408551067,11850,0.23134384155273438,,1.3741532506378113e-06,1157.6757610250024
2.817102137767221,11860,0.2529921531677246,,1.356558458696226e-06,1158.8322939460013
2.8194774346793348,11870,0.29911882877349855,,1.3389636667546406e-06,1159.9461287090016
2.821852731591449,11880,0.3116668701171875,,1.3213688748130554e-06,1160.9956574000025
2.824228028503563,11890,0.33577446937561034,,1.3037740828714702e-06,1163.0308032989997
2.826603325415677,11900,0.29714179039001465,,1.2861792909298847e-06,1166.9957494560003
2.828978622327791,11910,0.18838274478912354,,1.2685844989882995e-06,1168.1694069540026
2.831353919239905,11920,0.3049140930175781,,1.250989707046714e-06,1169.2567020980023
2.833729216152019,11930,0.18932414054870605,,1.233394915105129e-06,1170.3358580330023
2.836104513064133,11940,0.3226841926574707,,1.2158001231635436e-06,1171.5422064840022
2.838479809976247,11950,0.20242908000946044,,1.1982053312219584e-06,1172.7504796790017
2.840855106888361,11960,0.3409357309341431,,1.1806105392803732e-06,1176.5104303200023
2.843230403800475,11970,0.2976325750350952,,1.1630157473387877e-06,1178.6629640770007
2.8456057007125892,11980,0.21715188026428223,,1.1454209553972025e-06,1179.8180941810024
2.847980997624703,11990,0.2773500680923462,,1.1278261634556173e-06,1180.934692165003
2.850356294536817,12000,0.21865625381469728,,1.110231371514032e-06,1181.9977015300028
2.852731591448931,12010,0.24172625541687012,,1.0926365795724466e-06,1183.3014121020024
2.8551068883610453,12020,0.34814043045043946,,1.0750417876308614e-06,1187.4741442640006
2.857482185273159,12030,0.2809309482574463,,1.057446995689276e-06,1189.130439056
2.859857482185273,12040,0.17643963098526,,1.0398522037476907e-06,1190.2309066680027
2.862232779097387,12050,0.17767231464385985,,1.0222574118061055e-06,1191.413743778001
2.8646080760095014,12060,0.2483919858932495,,1.00466261986452e-06,1192.5081201100002
2.866983372921615,12070,0.2192539930343628,,9.87067827922935e-07,1193.6291599230026
2.869358669833729,12080,0.19109505414962769,,9.694730359813496e-07,1195.7577697820016
2.8717339667458432,12090,0.23819005489349365,,9.518782440397643e-07,1198.213916216002
2.8741092636579575,12100,0.34913811683654783,,9.342834520981791e-07,1200.1453611890029
2.8764845605700713,12110,0.2990790605545044,,9.166886601565937e-07,1201.1811176110023
2.878859857482185,12120,0.2099991798400879,,8.990938682150084e-07,1202.2924563790002
2.8812351543942993,12130,0.20157511234283448,,8.814990762734231e-07,1203.462066524
2.883610451306413,12140,0.28004088401794436,,8.639042843318378e-07,1204.9327554520023
2.8859857482185274,12150,0.31215856075286863,,8.463094923902526e-07,1209.0771666940018
2.888361045130641,12160,0.26006488800048827,,8.287147004486673e-07,1210.6672071770008
2.8907363420427554,12170,0.2504903316497803,,8.11119908507082e-07,1211.8441314539996
2.8931116389548692,12180,0.3022312641143799,,7.935251165654967e-07,1213.0022506839996
2.8954869358669835,12190,0.21412899494171142,,7.759303246239114e-07,1214.1589489409998
2.8978622327790973,12200,0.27121031284332275,,7.583355326823261e-07,1215.3079426680015
2.9002375296912115,12210,0.2608004570007324,,7.407407407407407e-07,1218.196536360003
2.9026128266033253,12220,0.23134009838104247,,7.231459487991555e-07,1221.2760170969996
2.9049881235154396,12230,0.2586113929748535,,7.055511568575703e-07,1222.3723420880015
2.9073634204275534,12240,0.27757997512817384,,6.879563649159849e-07,1223.542228166003
2.9097387173396676,12250,0.23743596076965331,,6.703615729743996e-07,1224.7322044009998
2.9121140142517814,12260,0.20682427883148194,,6.527667810328144e-07,1225.7774663870005
2.9144893111638956,12270,0.18345524072647096,,6.351719890912291e-07,1229.2279508499996
2.9168646080760094,12280,0.24608445167541504,,6.175771971496437e-07,1233.169019709003
2.9192399049881237,12290,0.23255953788757325,,5.999824052080585e-07,1234.2516296050017
2.9216152019002375,12300,0.28469624519348147,,5.823876132664732e-07,1235.5181938080023
2.9239904988123513,12310,0.2598904609680176,,5.647928213248878e-07,1236.6415626119997
2.9263657957244655,12320,0.2646151542663574,,5.471980293833026e-07,1237.748144991001
2.92874109263658,12330,0.24909677505493164,,5.296032374417173e-07,1238.7899479330008
2.9311163895486936,12340,0.22270920276641845,,5.12008445500132e-07,1241.698642321
2.9334916864608074,12350,0.26545066833496095,,4.944136535585467e-07,1244.9123475020024
2.9358669833729216,12360,0.34623870849609373,,4.768188616169614e-07,1245.9671635420018
2.938242280285036,12370,0.25584912300109863,,4.5922406967537616e-07,1247.0839404780018
2.9406175771971497,12380,0.30360233783721924,,4.416292777337908e-07,1248.187844682001
2.9429928741092635,12390,0.31431968212127687,,4.2403448579220555e-07,1249.3123343629995
2.9453681710213777,12400,0.2966360569000244,,4.064396938506202e-07,1250.2808013760005
2.947743467933492,12410,0.17581818103790284,,3.88844901909035e-07,1254.136282468
2.9501187648456058,12420,0.34173533916473386,,3.7125010996744966e-07,1256.3684362170025
2.9524940617577196,12430,0.2278303623199463,,3.536553180258644e-07,1257.423665647002
2.954869358669834,12440,0.17932429313659667,,3.3606052608427905e-07,1258.649873485003
2.9572446555819476,12450,0.2259397029876709,,3.184657341426938e-07,1260.2889361510024
2.959619952494062,12460,0.22928335666656494,,3.008709422011085e-07,1262.1851861130017
2.9619952494061756,12470,0.28638834953308107,,2.832761502595232e-07,1265.9747475309996
2.96437054631829,12480,0.27635998725891114,,2.6568135831793793e-07,1267.6749776370016
2.9667458432304037,12490,0.28277676105499266,,2.480865663763526e-07,1268.7412600330026
2.969121140142518,12500,0.22800228595733643,,2.3049177443476735e-07,1269.8960889459995
2.9714964370546317,12510,0.3161568880081177,,2.1289698249318201e-07,1271.0699876790022
2.973871733966746,12520,0.19935991764068603,,1.9530219055159676e-07,1272.4757378409995
2.97624703087886,12530,0.3471503257751465,,1.7770739861001143e-07,1276.844010808003
2.978622327790974,12540,0.2727181911468506,,1.6011260666842618e-07,1279.7069257080002
2.980997624703088,12550,0.25201418399810793,,1.4251781472684087e-07,1281.635477011001
2.983372921615202,12560,0.23956165313720704,,1.249230227852556e-07,1282.7431940970018
2.985748218527316,12570,0.248421573638916,,1.0732823084367029e-07,1283.9096496450002
2.9881235154394297,12580,0.3496222972869873,,8.9733438902085e-08,1284.969021836001
2.990498812351544,12590,0.24148402214050294,,7.213864696049969e-08,1288.1156006180026
2.992874109263658,12600,0.26931400299072267,,5.45438550189144e-08,1290.7559687089997
2.995249406175772,12610,0.20500438213348388,,3.694906307732912e-08,1292.680998926
2.9976247030878858,12620,0.3524280309677124,,1.9354271135743822e-08,1293.802079838002
3.0,12630,0.23588647842407226,,1.7594791941585293e-09,1295.731256547002
3.0,12630,,0.2616725564002991,,1302.8722081660017
3.0,12630,,,,1303.4032014520017
