epoch,step,loss,eval_loss,learning_rate,elapsed_seconds
0.0023752969121140144,10,0.6850388526916504,,1.4251781472684087e-07,1.4261356440001691
0.004750593824228029,20,0.6942628383636474,,3.008709422011085e-07,2.2046656200000143
0.007125890736342043,30,0.6919347286224365,,4.5922406967537616e-07,3.0376264749993425
0.009501187648456057,40,0.6892762184143066,,6.175771971496437e-07,3.808528875000775
0.011876484560570071,50,0.6988272190093994,,7.759303246239114e-07,4.499406388000352
0.014251781472684086,60,0.7004211902618408,,9.342834520981791e-07,5.28159286600021
0.0166270783847981,70,0.6836691856384277,,1.0926365795724466e-06,6.057314245999805
0.019002375296912115,80,0.698689079284668,,1.250989707046714e-06,6.886799306999819
0.021377672209026127,90,0.6959736347198486,,1.409342834520982e-06,7.817538770999818
0.023752969121140142,100,0.6899168014526367,,1.5676959619952494e-06,8.64907741100069
0.026128266033254157,110,0.692741870880127,,1.7260490894695173e-06,9.382506182000725
0.028503562945368172,120,0.6828821182250977,,1.8844022169437848e-06,10.196788066999943
0.030878859857482184,130,0.7013595104217529,,2.0427553444180522e-06,11.03215688400087
0.0332541567695962,140,0.6834553718566895,,2.20110847189232e-06,11.760879974999625
0.035629453681710214,150,0.6921384811401368,,2.3594615993665876e-06,12.5136846660007
0.03800475059382423,160,0.6936975479125976,,2.5178147268408552e-06,13.38255823899999
0.040380047505938245,170,0.6823058128356934,,2.6761678543151233e-06,14.188928388000932
0.04275534441805225,180,0.6858335018157959,,2.8345209817893906e-06,15.04881460100114
0.04513064133016627,190,0.6858085632324219,,2.9928741092636582e-06,15.81827043300109
0.047505938242280284,200,0.6819735527038574,,3.151227236737926e-06,16.59181635599998
0.0498812351543943,210,0.691625452041626,,3.309580364212193e-06,17.37448351800049
0.052256532066508314,220,0.6808094501495361,,3.467933491686461e-06,18.113514455000768
0.05463182897862233,230,0.6854513645172119,,3.626286619160729e-06,18.914822101000027
0.057007125890736345,240,0.6827291488647461,,3.7846397466349966e-06,19.801326811000763
0.05938242280285035,250,0.6934377670288085,,3.942992874109263e-06,20.545883998000136
0.06175771971496437,260,0.6855895042419433,,4.1013460015835315e-06,21.299948817000768
0.06413301662707839,270,0.685537052154541,,4.2596991290578e-06,22.139395191999938
0.0665083135391924,280,0.7166881084442138,,4.418052256532067e-06,22.93528043600054
0.0688836104513064,290,0.6966832637786865,,4.576405384006334e-06,23.72488351299944
0.07125890736342043,300,0.6921968460083008,,4.734758511480602e-06,24.503443331001108
0.07363420427553444,310,0.6883985996246338,,4.89311163895487e-06,25.270606493999367
0.07600950118764846,320,0.6872021675109863,,5.0514647664291375e-06,26.080723466000563
0.07838479809976247,330,0.7101553440093994,,5.209817893903405e-06,26.893608194999615
0.08076009501187649,340,0.6792658805847168,,5.368171021377673e-06,27.62309983799969
0.0831353919239905,350,0.6861319065093994,,5.526524148851941e-06,28.468511562999993
0.0855106888361045,360,0.6826304435729981,,5.684877276326208e-06,29.279328716000236
0.08788598574821853,370,0.6827475070953369,,5.843230403800475e-06,30.14088288200037
0.09026128266033254,380,0.7071969509124756,,6.001583531274743e-06,30.8984806440003
0.09263657957244656,390,0.6750306129455567,,6.159936658749011e-06,31.71898354500081
0.09501187648456057,400,0.6923603534698486,,6.318289786223278e-06,32.53479836400038
0.09738717339667459,410,0.6814627647399902,,6.476642913697546e-06,33.32932139600052
0.0997624703087886,420,0.665511178970337,,6.634996041171814e-06,34.146068211000966
0.1021377672209026,430,0.6860256195068359,,6.7933491686460815e-06,35.003706309000336
0.10451306413301663,440,0.7025032997131347,,6.951702296120349e-06,35.92492629300068
0.10688836104513064,450,0.6703808784484864,,7.110055423594616e-06,36.83551444300065
0.10926365795724466,460,0.6872872352600098,,7.268408551068884e-06,37.70726727300098
0.11163895486935867,470,0.7098591804504395,,7.426761678543152e-06,38.50439505599934
0.11401425178147269,480,0.6880631446838379,,7.585114806017419e-06,39.26659295299942
0.1163895486935867,490,0.691280746459961,,7.743467933491687e-06,40.06620984300025
0.1187648456057007,500,0.6931053638458252,,7.901821060965956e-06,40.86872722299995
0.12114014251781473,510,0.6714080810546875,,8.060174188440221e-06,41.71596263200081
0.12351543942992874,520,0.6806760787963867,,8.21852731591449e-06,42.59103155000048
0.12589073634204276,530,0.6822307109832764,,8.376880443388757e-06,43.37293653400047
0.12826603325415678,540,0.6841307640075683,,8.535233570863025e-06,44.16653997100002
0.13064133016627077,550,0.6972351551055909,,8.693586698337293e-06,44.965982298999734
0.1330166270783848,560,0.7102216720581055,,8.85193982581156e-06,45.7617387829996
0.13539192399049882,570,0.6822122573852539,,9.010292953285828e-06,46.55346238799939
0.1377672209026128,580,0.675471305847168,,9.168646080760095e-06,47.45623968700056
0.14014251781472684,590,0.6764513969421386,,9.326999208234362e-06,48.26156824300051
0.14251781472684086,600,0.697678804397583,,9.485352335708631e-06,49.1049586019999
0.14489311163895488,610,0.6896578788757324,,9.643705463182899e-06,50.01733607800088
0.14726840855106887,620,0.6950323104858398,,9.802058590657166e-06,50.78224679400046
0.1496437054631829,630,0.6853133201599121,,9.960411718131435e-06,51.669009081000695
0.15201900237529692,640,0.6723216056823731,,1.0118764845605702e-05,52.48875611400035
0.1543942992874109,650,0.6776844978332519,,1.027711797307997e-05,53.304114922000736
0.15676959619952494,660,0.7015239238739014,,1.0435471100554238e-05,53.99776090399973
0.15914489311163896,670,0.7017062187194825,,1.0593824228028504e-05,54.80377446199964
0.16152019002375298,680,0.663171911239624,,1.0752177355502773e-05,55.52119931699963
0.16389548693586697,690,0.6831319808959961,,1.091053048297704e-05,56.33056639499955
0.166270783847981,700,0.6883650779724121,,1.1068883610451307e-05,57.127830339000866
0.16864608076009502,710,0.6926157951354981,,1.1227236737925575e-05,57.87433855299969
0.171021377672209,720,0.6898131370544434,,1.1385589865399842e-05,58.60724250900057
0.17339667458432304,730,0.6922984600067139,,1.154394299287411e-05,59.41572842700043
0.17577197149643706,740,0.6784871578216553,,1.1702296120348378e-05,60.3413733769994
0.17814726840855108,750,0.6863632678985596,,1.1860649247822647e-05,61.12534822899943
0.18052256532066507,760,0.6825185298919678,,1.2019002375296912e-05,61.936590666000484
0.1828978622327791,770,0.6907445907592773,,1.217735550277118e-05,62.71456643500096
0.18527315914489312,780,0.6786759376525879,,1.2335708630245449e-05,63.56707377600105
0.1876484560570071,790,0.6715814113616944,,1.2494061757719716e-05,64.38352108599975
0.19002375296912113,800,0.7026064395904541,,1.2652414885193985e-05,65.14550808400054
0.19239904988123516,810,0.6813179969787597,,1.281076801266825e-05,65.92852625100022
0.19477434679334918,820,0.6919851779937745,,1.296912114014252e-05,66.73721439499968
0.19714964370546317,830,0.6818626403808594,,1.3127474267616787e-05,67.49598476199935
0.1995249406175772,840,0.6830931663513183,,1.3285827395091054e-05,68.42031287899954
0.20190023752969122,850,0.6874504089355469,,1.3444180522565323e-05,69.159196427001
0.2042755344418052,860,0.6757678031921387,,1.3602533650039588e-05,70.03532167999947
0.20665083135391923,870,0.6967126369476319,,1.3760886777513857e-05,70.86573660400063
0.20902612826603326,880,0.6892253398895264,,1.3919239904988124e-05,71.59980149700095
0.21140142517814728,890,0.6834887981414794,,1.4077593032462393e-05,72.45024386099976
0.21377672209026127,900,0.6834606170654297,,1.423594615993666e-05,73.22671119200095
0.2161520190023753,910,0.6924597263336182,,1.4394299287410926e-05,74.01091097199969
0.21852731591448932,920,0.6754482746124267,,1.4552652414885195e-05,74.85236499799976
0.2209026128266033,930,0.687755823135376,,1.4711005542359462e-05,75.56752908300041
0.22327790973871733,940,0.6619039535522461,,1.4869358669833731e-05,76.32641521799997
0.22565320665083136,950,0.6853840351104736,,1.5027711797307999e-05,77.22276997300105
0.22802850356294538,960,0.6835909366607666,,1.5186064924782268e-05,77.97783432100005
0.23040380047505937,970,0.7005420207977295,,1.5344418052256533e-05,78.7230551419998
0.2327790973871734,980,0.694633674621582,,1.55027711797308e-05,79.4919219479998
0.23515439429928742,990,0.6824337005615234,,1.5661124307205068e-05,80.26003975099957
0.2375296912114014,1000,0.6671151638031005,,1.5819477434679335e-05,81.05658750899966
0.23990498812351543,1010,0.6834044456481934,,1.5977830562153605e-05,81.8580622720001
0.24228028503562946,1020,0.6996291637420654,,1.6136183689627873e-05,82.68338790000053
0.24465558194774348,1030,0.677921724319458,,1.629453681710214e-05,83.45507133799947
0.24703087885985747,1040,0.6711510181427002,,1.6452889944576407e-05,84.2708686950009
0.2494061757719715,1050,0.6981441974639893,,1.6611243072050674e-05,85.09963160500047
0.2517814726840855,1060,0.6832519054412842,,1.676959619952494e-05,85.86920203400041
0.25415676959619954,1070,0.684770154953003,,1.692794932699921e-05,86.62946411399935
0.25653206650831356,1080,0.6949478626251221,,1.708630245447348e-05,87.39717351699983
0.2589073634204275,1090,0.6984640121459961,,1.7244655581947743e-05,88.13737355600097
0.26128266033254155,1100,0.6829925537109375,,1.7403008709422014e-05,88.91352463400108
0.26365795724465557,1110,0.6847343921661377,,1.756136183689628e-05,89.66619084100057
0.2660332541567696,1120,0.6637691497802735,,1.7719714964370545e-05,90.4634941839995
0.2684085510688836,1130,0.6718029022216797,,1.7878068091844816e-05,91.34811871400052
0.27078384798099764,1140,0.700810432434082,,1.8036421219319083e-05,92.08470644699992
0.27315914489311166,1150,0.6988923072814941,,1.819477434679335e-05,92.87292347500079
0.2755344418052256,1160,0.6774755477905273,,1.8353127474267618e-05,93.67306403899966
0.27790973871733965,1170,0.6868139266967773,,1.8511480601741888e-05,94.37880475200109
0.28028503562945367,1180,0.687802505493164,,1.8669833729216152e-05,95.08743226200022
0.2826603325415677,1190,0.677791690826416,,1.882818685669042e-05,95.83371111899942
0.2850356294536817,1200,0.6848398208618164,,1.898653998416469e-05,96.67999652599974
0.28741092636579574,1210,0.6917752265930176,,1.9144893111638957e-05,97.39975675000096
0.28978622327790976,1220,0.6760262489318848,,1.9303246239113224e-05,98.1199924499997
0.2921615201900237,1230,0.6997093200683594,,1.946159936658749e-05,98.94486644599965
0.29453681710213775,1240,0.6786508560180664,,1.961995249406176e-05,99.70850133900058
0.29691211401425177,1250,0.6731915473937988,,1.9778305621536026e-05,100.47755165499984
0.2992874109263658,1260,0.6691121101379395,,1.9936658749010293e-05,101.3185455769999
0.3016627078384798,1270,0.6737256050109863,,1.998944312483505e-05,102.07454616299947
0.30403800475059384,1280,0.6671130180358886,,1.9971848332893464e-05,102.90160121000008
0.30641330166270786,1290,0.7136564731597901,,1.995425354095188e-05,103.65914355799941
0.3087885985748218,1300,0.6875022888183594,,1.9936658749010293e-05,104.46641605399964
0.31116389548693585,1310,0.6762699127197266,,1.991906395706871e-05,105.23418379400027
0.31353919239904987,1320,0.6760466575622559,,1.9901469165127123e-05,106.06845069600058
0.3159144893111639,1330,0.6932354927062988,,1.988387437318554e-05,106.91046014700078
0.3182897862232779,1340,0.6802869319915772,,1.986627958124395e-05,107.66317580100076
0.32066508313539194,1350,0.6649837970733643,,1.9848684789302368e-05,108.5194188660007
0.32304038004750596,1360,0.6628600120544433,,1.983108999736078e-05,109.28511414100103
0.3254156769596199,1370,0.6672744750976562,,1.9813495205419197e-05,110.16713981999965
0.32779097387173395,1380,0.667582893371582,,1.979590041347761e-05,110.95830630400087
0.33016627078384797,1390,0.6566752433776856,,1.9778305621536026e-05,111.72079893000046
0.332541567695962,1400,0.6650350093841553,,1.9760710829594442e-05,112.4974635489998
0.334916864608076,1410,0.685241413116455,,1.9743116037652855e-05,113.28351674300029
0.33729216152019004,1420,0.6757856845855713,,1.972552124571127e-05,114.025780123
0.33966745843230406,1430,0.6666357517242432,,1.9707926453769684e-05,114.80012719499973
0.342042755344418,1440,0.6647881031036377,,1.96903316618281e-05,115.51425227900108
0.34441805225653205,1450,0.6938244819641113,,1.9672736869886514e-05,116.246314592001
0.34679334916864607,1460,0.6654266357421875,,1.965514207794493e-05,117.0692919560006
0.3491686460807601,1470,0.6941033840179444,,1.9637547286003346e-05,117.86499392000042
0.3515439429928741,1480,0.6864835739135742,,1.961995249406176e-05,118.68537545000072
0.35391923990498814,1490,0.6854938507080078,,1.9602357702120175e-05,119.48734362600044
0.35629453681710216,1500,0.6676129341125489,,1.9584762910178588e-05,120.23015109500011
0.3586698337292161,1510,0.6527829647064209,,1.9567168118237004e-05,120.9439882429997
0.36104513064133015,1520,0.6697463035583496,,1.954957332629542e-05,121.72146860500106
0.36342042755344417,1530,0.6755640983581543,,1.9531978534353833e-05,122.40819248800108
0.3657957244655582,1540,0.6715166568756104,,1.951438374241225e-05,123.19573756200043
0.3681710213776722,1550,0.664532470703125,,1.9496788950470663e-05,123.99986693000028
0.37054631828978624,1560,0.6679832458496093,,1.947919415852908e-05,124.77718908600036
0.37292161520190026,1570,0.6818564891815185,,1.946159936658749e-05,125.60567557600007
0.3752969121140142,1580,0.6547037601470947,,1.9444004574645908e-05,126.37957281600029
0.37767220902612825,1590,0.664443826675415,,1.942640978270432e-05,127.2225411140007
0.38004750593824227,1600,0.6601300716400147,,1.9408814990762737e-05,127.9778412630003
0.3824228028503563,1610,0.684099817276001,,1.939122019882115e-05,128.76561808900078
0.3847980997624703,1620,0.6650355815887451,,1.9373625406879566e-05,129.54698075399938
0.38717339667458434,1630,0.6670401573181153,,1.935603061493798e-05,130.2848701820003
0.38954869358669836,1640,0.6503846168518066,,1.9338435822996395e-05,131.1438981730007
0.3919239904988123,1650,0.6824949741363525,,1.9320841031054808e-05,131.9451766029997
0.39429928741092635,1660,0.6746689319610596,,1.9303246239113224e-05,132.6958578570011
0.39667458432304037,1670,0.693585729598999,,1.9285651447171637e-05,133.57941031500013
0.3990498812351544,1680,0.6966557025909423,,1.9268056655230054e-05,134.43564899000012
0.4014251781472684,1690,0.6712392807006836,,1.9250461863288466e-05,135.2579703320007
0.40380047505938244,1700,0.658616590499878,,1.9232867071346883e-05,136.10515608199967
0.40617577197149646,1710,0.6531981468200684,,1.9215272279405296e-05,136.92160934899948
0.4085510688836104,1720,0.6792510032653809,,1.9197677487463712e-05,137.78676077400087
0.41092636579572445,1730,0.6601974964141846,,1.9180082695522128e-05,138.56706950499938
0.41330166270783847,1740,0.6553059577941894,,1.916248790358054e-05,139.43341948099987
0.4156769596199525,1750,0.6686581611633301,,1.9144893111638957e-05,140.26498619700033
0.4180522565320665,1760,0.6794093608856201,,1.912729831969737e-05,141.05731241899957
0.42042755344418054,1770,0.6729262828826904,,1.9109703527755786e-05,141.98086070300087
0.42280285035629456,1780,0.6644420146942138,,1.9092108735814203e-05,142.87558104500022
0.4251781472684085,1790,0.6675282955169678,,1.9074513943872615e-05,143.63057663499967
0.42755344418052255,1800,0.6759261131286621,,1.905691915193103e-05,144.4076485099995
0.42992874109263657,1810,0.6690193176269531,,1.9039324359989445e-05,145.11848476200066
0.4323040380047506,1820,0.6692376136779785,,1.902172956804786e-05,145.92634916899988
0.4346793349168646,1830,0.6752542495727539,,1.9004134776106274e-05,146.72092614100075
0.43705463182897863,1840,0.6837295055389404,,1.898653998416469e-05,147.50788829700105
0.43942992874109266,1850,0.6581596374511719,,1.8968945192223103e-05,148.38252750299944
0.4418052256532066,1860,0.6578332901000976,,1.895135040028152e-05,149.21871912000097
0.44418052256532065,1870,0.6650383472442627,,1.8933755608339932e-05,150.00848114099972
0.44655581947743467,1880,0.6836282730102539,,1.8916160816398348e-05,150.79046712499985
0.4489311163895487,1890,0.6581915378570556,,1.889856602445676e-05,151.70547853000062
0.4513064133016627,1900,0.657130765914917,,1.8880971232515177e-05,152.52809492199958
0.45368171021377673,1910,0.6761147975921631,,1.886337644057359e-05,153.33159001500098
0.45605700712589076,1920,0.6819647789001465,,1.8845781648632006e-05,154.06782399900112
0.4584323040380047,1930,0.6616281032562256,,1.882818685669042e-05,154.89642801899936
0.46080760095011875,1940,0.6802273273468018,,1.8810592064748836e-05,155.6812895260009
0.46318289786223277,1950,0.6599776268005371,,1.879299727280725e-05,156.45779476899952
0.4655581947743468,1960,0.6414143562316894,,1.8775402480865665e-05,157.31288962399958
0.4679334916864608,1970,0.6717850685119628,,1.8757807688924078e-05,158.13149132999933
0.47030878859857483,1980,0.6480237007141113,,1.8740212896982494e-05,158.8869501049994
0.47268408551068886,1990,0.6572133541107178,,1.872261810504091e-05,159.6932704259998
0.4750593824228028,2000,0.6806402206420898,,1.8705023313099323e-05,160.49508266300109
0.47743467933491684,2010,0.6607597827911377,,1.868742852115774e-05,161.3180140830009
0.47980997624703087,2020,0.6595057010650635,,1.8669833729216152e-05,162.11717186500027
0.4821852731591449,2030,0.6764779567718506,,1.8652238937274568e-05,162.87394034300087
0.4845605700712589,2040,0.6523313522338867,,1.8634644145332985e-05,163.63625214400054
0.48693586698337293,2050,0.6800103187561035,,1.8617049353391397e-05,164.4404673709996
0.48931116389548696,2060,0.6976646900177002,,1.8599454561449814e-05,165.22572312299963
0.4916864608076009,2070,0.6650895595550537,,1.8581859769508227e-05,166.11974022600043
0.49406175771971494,2080,0.6405558586120605,,1.8564264977566643e-05,166.92380598599993
0.49643705463182897,2090,0.6593258857727051,,1.854667018562506e-05,167.8067223020007
0.498812351543943,2100,0.6604126930236817,,1.8529075393683472e-05,168.58434312600002
0.501187648456057,2110,0.6605029582977295,,1.8511480601741888e-05,169.3799779790006
0.503562945368171,2120,0.668958330154419,,1.84938858098003e-05,170.16926816600062
0.505938242280285,2130,0.6611087322235107,,1.8476291017858717e-05,171.0784220509995
0.5083135391923991,2140,0.6722075939178467,,1.845869622591713e-05,171.91906068299977
0.5106888361045131,2150,0.6457946300506592,,1.8441101433975546e-05,172.7411274139995
0.5130641330166271,2160,0.6979500770568847,,1.842350664203396e-05,173.6035699189997
0.5154394299287411,2170,0.6581769943237304,,1.8405911850092376e-05,174.41379804200005
0.517814726840855,2180,0.688590669631958,,1.838831705815079e-05,175.23763964300088
0.5201900237529691,2190,0.6741706371307373,,1.8370722266209205e-05,176.0301574389996
0.5225653206650831,2200,0.6738746166229248,,1.8353127474267618e-05,176.7810984480002
0.5249406175771971,2210,0.6724705696105957,,1.8335532682326034e-05,177.58932947500034
0.5273159144893111,2220,0.6551485061645508,,1.8317937890384447e-05,178.44625357100085
0.5296912114014252,2230,0.6637260913848877,,1.8300343098442863e-05,179.24385642500056
0.5320665083135392,2240,0.6707644462585449,,1.8282748306501276e-05,180.0592289110009
0.5344418052256532,2250,0.6680814743041992,,1.8265153514559692e-05,180.93438745899948
0.5368171021377672,2260,0.6552911758422851,,1.8247558722618105e-05,181.67080922400055
0.5391923990498813,2270,0.6660081386566162,,1.822996393067652e-05,182.46301674800088
0.5415676959619953,2280,0.6268162727355957,,1.8212369138734934e-05,183.2693592329997
0.5439429928741093,2290,0.6577297687530518,,1.819477434679335e-05,184.03784073099996
0.5463182897862233,2300,0.6466872215270996,,1.8177179554851767e-05,184.83400841799994
0.5486935866983373,2310,0.6479176998138427,,1.815958476291018e-05,185.5996441339994
0.5510688836104513,2320,0.6456136226654052,,1.8141989970968596e-05,186.41792910100048
0.5534441805225653,2330,0.6599970817565918,,1.812439517902701e-05,187.24421492300098
0.5558194774346793,2340,0.6888389587402344,,1.8106800387085425e-05,187.99389301600058
0.5581947743467933,2350,0.6391023159027099,,1.808920559514384e-05,188.83187135700064
0.5605700712589073,2360,0.6392072677612305,,1.8071610803202254e-05,189.65346699600013
0.5629453681710214,2370,0.6807090759277343,,1.805401601126067e-05,190.4607717029994
0.5653206650831354,2380,0.6654138565063477,,1.8036421219319083e-05,191.29775831200095
0.5676959619952494,2390,0.6380974769592285,,1.80188264273775e-05,192.02333038300094
0.5700712589073634,2400,0.6562156677246094,,1.8001231635435912e-05,192.7986194519999
0.5724465558194775,2410,0.6521119117736817,,1.798363684349433e-05,193.6803705000002
0.5748218527315915,2420,0.6398290157318115,,1.796604205155274e-05,194.46032984900012
0.5771971496437055,2430,0.6647994518280029,,1.7948447259611158e-05,195.18764129800002
0.5795724465558195,2440,0.647905683517456,,1.793085246766957e-05,196.07325464600035
0.5819477434679335,2450,0.6441603183746338,,1.7913257675727987e-05,196.8225304589996
0.5843230403800475,2460,0.6371335983276367,,1.78956628837864e-05,197.64295197399952
0.5866983372921615,2470,0.6662857055664062,,1.7878068091844816e-05,198.36307318900072
0.5890736342042755,2480,0.6321799278259277,,1.786047329990323e-05,199.15528676699978
0.5914489311163895,2490,0.6584724903106689,,1.7842878507961645e-05,199.8859683770006
0.5938242280285035,2500,0.6144404888153077,,1.7825283716020058e-05,200.54831684999954
0.5961995249406176,2510,0.6679009437561035,,1.7807688924078474e-05,201.3838926770004
0.5985748218527316,2520,0.6477541923522949,,1.7790094132136887e-05,202.16501949300073
0.6009501187648456,2530,0.6550158500671387,,1.7772499340195303e-05,202.94961877999958
0.6033254156769596,2540,0.650273609161377,,1.7754904548253716e-05,203.81797046800057
0.6057007125890737,2550,0.6599819183349609,,1.7737309756312132e-05,204.66399320299934
0.6080760095011877,2560,0.6483816146850586,,1.7719714964370545e-05,205.40598626700012
0.6104513064133017,2570,0.6507364273071289,,1.770212017242896e-05,206.1929768909995
0.6128266033254157,2580,0.6460743904113769,,1.7684525380487378e-05,206.92393198900027
0.6152019002375297,2590,0.6597967624664307,,1.766693058854579e-05,207.69375289100026
0.6175771971496437,2600,0.6426299095153809,,1.7649335796604207e-05,208.47518216900062
0.6199524940617577,2610,0.6593145370483399,,1.7631741004662623e-05,209.2289337050006
0.6223277909738717,2620,0.6444094181060791,,1.7614146212721036e-05,210.05082864200085
0.6247030878859857,2630,0.6507265567779541,,1.7596551420779452e-05,210.83797026499997
0.6270783847980997,2640,0.6449118614196777,,1.7578956628837865e-05,211.521333435001
0.6294536817102138,2650,0.6607842922210694,,1.756136183689628e-05,212.34578696500103
0.6318289786223278,2660,0.6352102279663085,,1.7543767044954694e-05,213.1299541419994
0.6342042755344418,2670,0.6741699695587158,,1.752617225301311e-05,213.97705339700042
0.6365795724465558,2680,0.6494199275970459,,1.7508577461071527e-05,214.8653717289999
0.6389548693586699,2690,0.6651998996734619,,1.749098266912994e-05,215.7459921339996
0.6413301662707839,2700,0.6420817375183105,,1.7473387877188356e-05,216.508423149
0.6437054631828979,2710,0.6590162754058838,,1.745579308524677e-05,217.30759852899973
0.6460807600950119,2720,0.636399793624878,,1.7438198293305185e-05,218.10179250200054
0.6484560570071259,2730,0.6549713611602783,,1.7420603501363598e-05,218.87708024099993
0.6508313539192399,2740,0.6580659866333007,,1.7403008709422014e-05,219.62440424899978
0.6532066508313539,2750,0.6542200088500977,,1.7385413917480427e-05,220.4203998640005
0.6555819477434679,2760,0.673201608657837,,1.7367819125538843e-05,221.24781485300082
0.6579572446555819,2770,0.6425036430358887,,1.7350224333597256e-05,222.12367428700054
0.6603325415676959,2780,0.6305636405944824,,1.7332629541655672e-05,223.00622588899932
0.66270783847981,2790,0.6404613018035888,,1.7315034749714085e-05,223.78247286499936
0.665083135391924,2800,0.6205041885375977,,1.72974399577725e-05,224.643196463001
0.667458432304038,2810,0.6374941349029541,,1.7279845165830914e-05,225.43543887099986
0.669833729216152,2820,0.6397040843963623,,1.726225037388933e-05,226.24793348000094
0.672209026128266,2830,0.6172648429870605,,1.7244655581947743e-05,226.94703714000025
0.6745843230403801,2840,0.6584140300750733,,1.722706079000616e-05,227.756016274001
0.6769596199524941,2850,0.6508706569671631,,1.7209465998064573e-05,228.5573797039997
0.6793349168646081,2860,0.6305807113647461,,1.719187120612299e-05,229.5407586350011
0.6817102137767221,2870,0.6581629753112793,,1.71742764141814e-05,230.25670942100078
0.684085510688836,2880,0.6331889152526855,,1.7156681622239818e-05,231.104019452001
0.6864608076009501,2890,0.6333106517791748,,1.7139086830298234e-05,231.99236518200087
0.6888361045130641,2900,0.6212785720825196,,1.7121492038356647e-05,232.8135822080003
0.6912114014251781,2910,0.620166826248169,,1.7103897246415063e-05,233.541591186
0.6935866983372921,2920,0.6385912895202637,,1.708630245447348e-05,234.23846735200095
0.6959619952494062,2930,0.6497887134552002,,1.7068707662531892e-05,235.115144495001
0.6983372921615202,2940,0.6556623458862305,,1.705111287059031e-05,235.82444303299962
0.7007125890736342,2950,0.6719380855560303,,1.703351807864872e-05,236.64965556400057
0.7030878859857482,2960,0.6386039733886719,,1.7015923286707138e-05,237.50855640200098
0.7054631828978623,2970,0.6146922588348389,,1.699832849476555e-05,238.29691429100058
0.7078384798099763,2980,0.6399354457855224,,1.6980733702823967e-05,239.1899720750007
0.7102137767220903,2990,0.6643600463867188,,1.696313891088238e-05,240.05736135200095
0.7125890736342043,3000,0.6484229087829589,,1.6945544118940796e-05,240.86454113299988
0.7149643705463183,3010,0.6497809410095214,,1.692794932699921e-05,241.67915922199973
0.7173396674584323,3020,0.657361364364624,,1.6910354535057625e-05,242.4650681510011
0.7197149643705463,3030,0.6306095123291016,,1.6892759743116038e-05,243.21698711700083
0.7220902612826603,3040,0.6523680686950684,,1.6875164951174454e-05,244.06351987699964
0.7244655581947743,3050,0.6142913818359375,,1.6857570159232867e-05,244.811704224001
0.7268408551068883,3060,0.6428141117095947,,1.6839975367291283e-05,245.60329853499934
0.7292161520190024,3070,0.6280521392822266,,1.6822380575349696e-05,246.33173028900092
0.7315914489311164,3080,0.6492547035217285,,1.6804785783408113e-05,247.06862182000077
0.7339667458432304,3090,0.6523897171020507,,1.6787190991466525e-05,247.88020658200003
0.7363420427553444,3100,0.6412417888641357,,1.676959619952494e-05,248.69734027400045
0.7387173396674585,3110,0.6638001918792724,,1.6752001407583355e-05,249.45929800200065
0.7410926365795725,3120,0.6473312377929688,,1.673440661564177e-05,250.23339477400077
0.7434679334916865,3130,0.6428903579711914,,1.6716811823700184e-05,250.99851137299993
0.7458432304038005,3140,0.5974005222320556,,1.66992170317586e-05,251.7668082399996
0.7482185273159145,3150,0.6288136959075927,,1.6681622239817016e-05,252.5927586939997
0.7505938242280285,3160,0.6395703792572022,,1.666402744787543e-05,253.45978638000088
0.7529691211401425,3170,0.6361075878143311,,1.6646432655933845e-05,254.1976584059994
0.7553444180522565,3180,0.665919017791748,,1.6628837863992258e-05,255.01967720600078
0.7577197149643705,3190,0.6630350112915039,,1.6611243072050674e-05,255.83229889500035
0.7600950118764845,3200,0.6453709602355957,,1.659364828010909e-05,256.61690216200077
0.7624703087885986,3210,0.6382634162902832,,1.6576053488167504e-05,257.368036535001
0.7648456057007126,3220,0.6190029621124268,,1.655845869622592e-05,258.09413798700007
0.7672209026128266,3230,0.6271259784698486,,1.6540863904284333e-05,259.00497564800025
0.7695961995249406,3240,0.6241483688354492,,1.652326911234275e-05,259.66034034400036
0.7719714964370546,3250,0.6389247417449951,,1.6505674320401162e-05,260.4380013099999
0.7743467933491687,3260,0.6480481147766113,,1.6488079528459578e-05,261.2578657570011
0.7767220902612827,3270,0.6280813217163086,,1.647048473651799e-05,262.1397582620011
0.7790973871733967,3280,0.6362860202789307,,1.6452889944576407e-05,262.95770844599974
0.7814726840855107,3290,0.6380997180938721,,1.643529515263482e-05,263.8670519080006
0.7838479809976246,3300,0.6252191066741943,,1.6417700360693236e-05,264.56656295299945
0.7862232779097387,3310,0.6663909435272217,,1.6400105568751653e-05,265.3610533579995
0.7885985748218527,3320,0.6719516754150391,,1.6382510776810065e-05,266.0625406100007
0.7909738717339667,3330,0.6096967220306396,,1.6364915984868482e-05,266.8658719169998
0.7933491686460807,3340,0.6331007003784179,,1.6347321192926895e-05,267.67117958000017
0.7957244655581948,3350,0.6586717128753662,,1.632972640098531e-05,268.4453467510011
0.7980997624703088,3360,0.6254861354827881,,1.6312131609043724e-05,269.20512244900056
0.8004750593824228,3370,0.6371306896209716,,1.629453681710214e-05,270.09467021599994
0.8028503562945368,3380,0.6259709358215332,,1.6276942025160553e-05,270.8495592979998
0.8052256532066508,3390,0.6354629993438721,,1.625934723321897e-05,271.6274205890004
0.8076009501187649,3400,0.6349293708801269,,1.6241752441277382e-05,272.40929929199956
0.8099762470308789,3410,0.6515308380126953,,1.6224157649335798e-05,273.16203795399997
0.8123515439429929,3420,0.6549456596374512,,1.620656285739421e-05,273.9878860009994
0.8147268408551069,3430,0.6419503211975097,,1.6188968065452627e-05,274.8224154439995
0.8171021377672208,3440,0.6186682701110839,,1.617137327351104e-05,275.56172406299993
0.8194774346793349,3450,0.6584688186645508,,1.6153778481569456e-05,276.4012031889997
0.8218527315914489,3460,0.6330351829528809,,1.6136183689627873e-05,277.3248481539995
0.8242280285035629,3470,0.6553579807281494,,1.6118588897686286e-05,278.0458137450005
0.8266033254156769,3480,0.6140613555908203,,1.6100994105744702e-05,278.92418791899945
0.828978622327791,3490,0.6293392658233643,,1.6083399313803115e-05,279.74403445400094
0.831353919239905,3500,0.600559139251709,,1.606580452186153e-05,280.698263495
0.833729216152019,3510,0.6352482318878174,,1.6048209729919947e-05,281.5685096270008
0.836104513064133,3520,0.6260029792785644,,1.603061493797836e-05,282.4844307410003
0.838479809976247,3530,0.60639328956604,,1.6013020146036776e-05,283.3081608100001
0.8408551068883611,3540,0.6410025596618653,,1.599542535409519e-05,284.14523844699943
0.8432304038004751,3550,0.6206487655639649,,1.5977830562153605e-05,284.91778058899945
0.8456057007125891,3560,0.6078876972198486,,1.596023577021202e-05,285.6464011829994
0.8479809976247031,3570,0.62318115234375,,1.5942640978270435e-05,286.4619599630005
0.850356294536817,3580,0.640565013885498,,1.5925046186328847e-05,287.253196908001
0.8527315914489311,3590,0.6052775859832764,,1.5907451394387264e-05,288.19247696599996
0.8551068883610451,3600,0.6210680484771729,,1.5889856602445677e-05,289.04935688099977
0.8574821852731591,3610,0.6298771858215332,,1.5872261810504093e-05,289.8403965279995
0.8598574821852731,3620,0.6503129482269288,,1.5854667018562506e-05,290.62376355299966
0.8622327790973872,3630,0.6283674716949463,,1.5837072226620922e-05,291.3566106319995
0.8646080760095012,3640,0.5970767498016357,,1.5819477434679335e-05,292.16309733399976
0.8669833729216152,3650,0.6361629486083984,,1.580188264273775e-05,293.0288689049994
0.8693586698337292,3660,0.6440167427062988,,1.5784287850796164e-05,293.8855925530006
0.8717339667458432,3670,0.5800636291503907,,1.576669305885458e-05,294.65232584099977
0.8741092636579573,3680,0.6257711410522461,,1.5749098266912993e-05,295.5140957910007
0.8764845605700713,3690,0.594441032409668,,1.573150347497141e-05,296.34714262799935
0.8788598574821853,3700,0.6559607028961182,,1.5713908683029822e-05,297.15574697400007
0.8812351543942993,3710,0.5976309776306152,,1.569631389108824e-05,297.9070487049994
0.8836104513064132,3720,0.6355493068695068,,1.5678719099146655e-05,298.6430466950005
0.8859857482185273,3730,0.6174188613891601,,1.5661124307205068e-05,299.3743935000002
0.8883610451306413,3740,0.5994537353515625,,1.5643529515263484e-05,300.28200005300096
0.8907363420427553,3750,0.6413183689117432,,1.5625934723321897e-05,301.05385979200037
0.8931116389548693,3760,0.5871023178100586,,1.5608339931380313e-05,301.9256840930011
0.8954869358669834,3770,0.6239508628845215,,1.559074513943873e-05,302.6920604830011
0.8978622327790974,3780,0.6133458614349365,,1.5573150347497142e-05,303.4132739560009
0.9002375296912114,3790,0.6499786376953125,,1.555555555555556e-05,304.2663753729994
0.9026128266033254,3800,0.6234639167785645,,1.553796076361397e-05,305.08906242299963
0.9049881235154394,3810,0.6163115978240967,,1.5520365971672387e-05,305.8597511520002
0.9073634204275535,3820,0.6021796226501465,,1.55027711797308e-05,306.6426509080011
0.9097387173396675,3830,0.5886433124542236,,1.5485176387789217e-05,307.3786090169997
0.9121140142517815,3840,0.6044867038726807,,1.546758159584763e-05,308.2167499210009
0.9144893111638955,3850,0.5858451843261718,,1.5449986803906046e-05,309.0675821540008
0.9168646080760094,3860,0.6146131992340088,,1.543239201196446e-05,309.8198738280007
0.9192399049881235,3870,0.5930694580078125,,1.5414797220022875e-05,310.51469409200035
0.9216152019002375,3880,0.6321488380432129,,1.5397202428081288e-05,311.2945131569995
0.9239904988123515,3890,0.579296064376831,,1.5379607636139704e-05,312.09330404499997
0.9263657957244655,3900,0.6038997173309326,,1.5362012844198117e-05,312.84548524300044
0.9287410926365796,3910,0.618012809753418,,1.5344418052256533e-05,313.6909795240008
0.9311163895486936,3920,0.5996879577636719,,1.5326823260314946e-05,314.4536715989998
0.9334916864608076,3930,0.6000792503356933,,1.5309228468373362e-05,315.2767756840003
0.9358669833729216,3940,0.6467044830322266,,1.529163367643178e-05,316.06601043000046
0.9382422802850356,3950,0.603062629699707,,1.527403888449019e-05,316.87759568600086
0.9406175771971497,3960,0.6098728656768799,,1.5256444092548608e-05,317.59109991900004
0.9429928741092637,3970,0.579101848602295,,1.5238849300607022e-05,318.32798108300085
0.9453681710213777,3980,0.5656649589538574,,1.5221254508665437e-05,319.1122500900001
0.9477434679334917,3990,0.5946211814880371,,1.5203659716723851e-05,319.86990629700085
0.9501187648456056,4000,0.6247089385986329,,1.5186064924782268e-05,320.64563342400106
0.9524940617577197,4010,0.6375354290008545,,1.516847013284068e-05,321.4407818359996
0.9548693586698337,4020,0.614485502243042,,1.5150875340899097e-05,322.30104436200054
0.9572446555819477,4030,0.6482695579528809,,1.513328054895751e-05,323.0585778780005
0.9596199524940617,4040,0.6015108108520508,,1.5115685757015926e-05,323.773964207001
0.9619952494061758,4050,0.6043304443359375,,1.5098090965074339e-05,324.61597197899937
0.9643705463182898,4060,0.6154121398925781,,1.5080496173132755e-05,325.4133201679997
0.9667458432304038,4070,0.6025619506835938,,1.5062901381191168e-05,326.2512992970005
0.9691211401425178,4080,0.600736427307129,,1.5045306589249584e-05,327.0546936179999
0.9714964370546318,4090,0.6327154159545898,,1.5027711797307999e-05,327.94325839700105
0.9738717339667459,4100,0.621948528289795,,1.5010117005366413e-05,328.748837481
0.9762470308788599,4110,0.6236608028411865,,1.4992522213424828e-05,329.5873071120004
0.9786223277909739,4120,0.610346508026123,,1.4974927421483242e-05,330.38975962100085
0.9809976247030879,4130,0.5886711597442627,,1.4957332629541657e-05,331.0844666539997
0.9833729216152018,4140,0.6520305633544922,,1.4939737837600073e-05,331.8150833670006
0.9857482185273159,4150,0.6038562297821045,,1.4922143045658486e-05,332.5705888240009
0.9881235154394299,4160,0.6044506549835205,,1.4904548253716902e-05,333.35318426699996
0.9904988123515439,4170,0.6096841335296631,,1.4886953461775315e-05,334.0506795710007
0.9928741092636579,4180,0.6304933547973632,,1.4869358669833731e-05,334.9015460009996
0.995249406175772,4190,0.6025317668914795,,1.4851763877892144e-05,335.7189357520001
0.997624703087886,4200,0.633515739440918,,1.483416908595056e-05,336.5592647480007
1.0,4210,0.621243953704834,,1.4816574294008973e-05,337.29335543900015
1.0,4210,,0.6012851595878601,,339.69713642900024
1.002375296912114,4220,0.5970400810241699,,1.479897950206739e-05,341.0997932520004
1.004750593824228,4230,0.5953183650970459,,1.4781384710125804e-05,341.8547682600001
1.007125890736342,4240,0.6388826370239258,,1.4763789918184219e-05,342.79059113900075
1.009501187648456,4250,0.6099787712097168,,1.4746195126242633e-05,343.48691866899935
1.01187648456057,4260,0.6185836315155029,,1.4728600334301048e-05,344.2755168620006
1.0142517814726841,4270,0.584329891204834,,1.4711005542359462e-05,345.1341713239999
1.0166270783847982,4280,0.6024500370025635,,1.4693410750417879e-05,345.8892038060003
1.0190023752969122,4290,0.6031003952026367,,1.4675815958476292e-05,346.5442582730011
1.0213776722090262,4300,0.5902212619781494,,1.4658221166534708e-05,347.2741542189997
1.0237529691211402,4310,0.6195750713348389,,1.464062637459312e-05,348.1406575199999
1.0261282660332542,4320,0.6210360050201416,,1.4623031582651537e-05,348.91670935799993
1.0285035629453683,4330,0.6217414379119873,,1.460543679070995e-05,349.65545819
1.0308788598574823,4340,0.5859774589538574,,1.4587841998768366e-05,350.4290175790011
1.0332541567695963,4350,0.6264068603515625,,1.4570247206826779e-05,351.1944109970009
1.03562945368171,4360,0.6306990623474121,,1.4552652414885195e-05,352.05051164699944
1.0380047505938241,4370,0.6205087661743164,,1.453505762294361e-05,352.8399091480005
1.0403800475059382,4380,0.6026774883270264,,1.4517462831002024e-05,353.5659857690007
1.0427553444180522,4390,0.575320053100586,,1.4499868039060439e-05,354.35862407900095
1.0451306413301662,4400,0.6092954158782959,,1.4482273247118855e-05,355.17538968200097
1.0475059382422802,4410,0.563884162902832,,1.4464678455177268e-05,355.9406870700004
1.0498812351543942,4420,0.5784600734710693,,1.4447083663235684e-05,356.8786876489994
1.0522565320665083,4430,0.5768848896026612,,1.4429488871294097e-05,357.7080262489999
1.0546318289786223,4440,0.5998029232025146,,1.4411894079352513e-05,358.39625825999974
1.0570071258907363,4450,0.6327654838562011,,1.4394299287410926e-05,359.17027245700046
1.0593824228028503,4460,0.5800341606140137,,1.4376704495469342e-05,360.039073846001
1.0617577197149644,4470,0.5982201576232911,,1.4359109703527755e-05,360.880526373001
1.0641330166270784,4480,0.5795828819274902,,1.4341514911586172e-05,361.659363322
1.0665083135391924,4490,0.603321123123169,,1.4323920119644586e-05,362.50887225800034
1.0688836104513064,4500,0.6257641792297364,,1.4306325327703e-05,363.46820544100046
1.0712589073634204,4510,0.6034714221954346,,1.4288730535761415e-05,364.3020444550002
1.0736342042755345,4520,0.5948454856872558,,1.427113574381983e-05,365.0893204540007
1.0760095011876485,4530,0.570148515701294,,1.4253540951878244e-05,365.91358186400066
1.0783847980997625,4540,0.5864840984344483,,1.423594615993666e-05,366.7441009160011
1.0807600950118765,4550,0.5716295719146729,,1.4218351367995074e-05,367.5705032950009
1.0831353919239906,4560,0.5873178005218506,,1.420075657605349e-05,368.36147992299993
1.0855106888361046,4570,0.5668139934539795,,1.4183161784111904e-05,369.1666614900005
1.0878859857482186,4580,0.5785772800445557,,1.4165566992170319e-05,370.03284775000066
1.0902612826603326,4590,0.628346061706543,,1.4147972200228735e-05,370.8588314610006
1.0926365795724466,4600,0.6078267097473145,,1.4130377408287148e-05,371.6400455100011
1.0950118764845607,4610,0.5628522872924805,,1.4112782616345564e-05,372.4516778239995
1.0973871733966747,4620,0.6004479408264161,,1.4095187824403977e-05,373.22698110700003
1.0997624703087885,4630,0.6426466464996338,,1.4077593032462393e-05,374.1183250209997
1.1021377672209025,4640,0.5817050457000732,,1.4059998240520806e-05,374.8943552340006
1.1045130641330165,4650,0.5852679252624512,,1.4042403448579223e-05,375.6499414940008
1.1068883610451306,4660,0.6027718544006347,,1.4024808656637635e-05,376.34969527500107
1.1092636579572446,4670,0.5539757251739502,,1.4007213864696052e-05,377.0751439680007
1.1116389548693586,4680,0.6216345310211182,,1.3989619072754466e-05,377.96619968900086
1.1140142517814726,4690,0.5901870727539062,,1.397202428081288e-05,378.7975394290006
1.1163895486935866,4700,0.5697708129882812,,1.3954429488871295e-05,379.560428013001
1.1187648456057007,4710,0.5783596992492676,,1.3936834696929712e-05,380.35397911899963
1.1211401425178147,4720,0.6053036212921142,,1.3919239904988124e-05,381.2279518960004
1.1235154394299287,4730,0.5735795497894287,,1.390164511304654e-05,382.0691694699999
1.1258907363420427,4740,0.5493907928466797,,1.3884050321104954e-05,382.8274995720003
1.1282660332541568,4750,0.591603946685791,,1.386645552916337e-05,383.59548921699934
1.1306413301662708,4760,0.5929596900939942,,1.3848860737221783e-05,384.3533556250004
1.1330166270783848,4770,0.5785977840423584,,1.3831265945280199e-05,385.21487330799937
1.1353919239904988,4780,0.6319217681884766,,1.3813671153338612e-05,386.1133206610011
1.1377672209026128,4790,0.5592991352081299,,1.3796076361397028e-05,386.9463003710007
1.1401425178147269,4800,0.5949755191802979,,1.3778481569455443e-05,387.7197953220002
1.1425178147268409,4810,0.6182572364807128,,1.3760886777513857e-05,388.5211692590001
1.144893111638955,4820,0.5988789558410644,,1.3743291985572272e-05,389.38364001300033
1.147268408551069,4830,0.626024866104126,,1.3725697193630686e-05,390.2634034439998
1.149643705463183,4840,0.5516146183013916,,1.3708102401689101e-05,391.13551334300064
1.152019002375297,4850,0.5536440849304199,,1.3690507609747517e-05,391.8976609809997
1.154394299287411,4860,0.6000263690948486,,1.367291281780593e-05,392.7394263690003
1.156769596199525,4870,0.5799160003662109,,1.3655318025864346e-05,393.54507589900095
1.159144893111639,4880,0.5684516906738282,,1.363772323392276e-05,394.3864801100008
1.161520190023753,4890,0.6085744380950928,,1.3620128441981175e-05,395.11966092200055
1.1638954869358669,4900,0.5903360366821289,,1.3602533650039588e-05,395.9004863499995
1.166270783847981,4910,0.5908710956573486,,1.3584938858098005e-05,396.7317499340006
1.168646080760095,4920,0.5978756904602051,,1.3567344066156417e-05,397.5151538000009
1.171021377672209,4930,0.5868317604064941,,1.3549749274214834e-05,398.3259334640006
1.173396674584323,4940,0.5690070152282715,,1.3532154482273248e-05,399.2002868230011
1.175771971496437,4950,0.5352640151977539,,1.3514559690331663e-05,400.07116066100025
1.178147268408551,4960,0.590756893157959,,1.3496964898390077e-05,400.85300156499943
1.180522565320665,4970,0.6121370315551757,,1.3479370106448492e-05,401.69802795800024
1.182897862232779,4980,0.5697511196136474,,1.3461775314506906e-05,402.5127094670006
1.185273159144893,4990,0.5817667007446289,,1.3444180522565323e-05,403.2657736069996
1.187648456057007,5000,0.5750732421875,,1.3426585730623736e-05,404.1784040040002
1.190023752969121,5010,0.5801105976104737,,1.3408990938682152e-05,404.960082992
1.1923990498812351,5020,0.6058768272399903,,1.3391396146740565e-05,405.735528059
1.1947743467933492,5030,0.604454517364502,,1.3373801354798981e-05,406.4778615609994
1.1971496437054632,5040,0.5924901008605957,,1.3356206562857394e-05,407.32747331800056
1.1995249406175772,5050,0.5785717010498047,,1.333861177091581e-05,408.1329003009996
1.2019002375296912,5060,0.5907578468322754,,1.3321016978974225e-05,408.9244634309998
1.2042755344418052,5070,0.5556749820709228,,1.330342218703264e-05,409.72652867299985
1.2066508313539193,5080,0.5987017154693604,,1.3285827395091054e-05,410.5368782250007
1.2090261282660333,5090,0.5982550144195556,,1.3268232603149468e-05,411.38674883100066
1.2114014251781473,5100,0.5782895088195801,,1.3250637811207883e-05,412.12722907600073
1.2137767220902613,5110,0.5712509155273438,,1.32330430192663e-05,413.025419081001
1.2161520190023754,5120,0.5851387500762939,,1.3215448227324712e-05,413.8059606229999
1.2185273159144894,5130,0.5928005695343017,,1.3197853435383128e-05,414.58702063500095
1.2209026128266034,5140,0.5240318775177002,,1.3180258643441541e-05,415.3888836120004
1.2232779097387174,5150,0.6340513229370117,,1.3162663851499957e-05,416.1643246170006
1.2256532066508314,5160,0.6130065441131591,,1.314506905955837e-05,416.99844031500106
1.2280285035629455,5170,0.6156571865081787,,1.3127474267616787e-05,417.7438336939995
1.2304038004750595,5180,0.5883204460144043,,1.31098794756752e-05,418.4777062080011
1.2327790973871733,5190,0.5770413398742675,,1.3092284683733616e-05,419.22362613100086
1.2351543942992875,5200,0.5836237907409668,,1.307468989179203e-05,420.0679142610006
1.2375296912114013,5210,0.5719302654266357,,1.3057095099850445e-05,420.84498841499953
1.2399049881235154,5220,0.5666985511779785,,1.3039500307908861e-05,421.60242526600086
1.2422802850356294,5230,0.5523956298828125,,1.3021905515967274e-05,422.4236600839995
1.2446555819477434,5240,0.57840576171875,,1.300431072402569e-05,423.27244210000026
1.2470308788598574,5250,0.5393142700195312,,1.2986715932084105e-05,424.0698733780009
1.2494061757719714,5260,0.53270263671875,,1.296912114014252e-05,424.91940183299994
1.2517814726840855,5270,0.5559350967407226,,1.2951526348200934e-05,425.6320808720011
1.2541567695961995,5280,0.5644093036651612,,1.2933931556259348e-05,426.3665705700005
1.2565320665083135,5290,0.5930972099304199,,1.2916336764317763e-05,427.2026876529999
1.2589073634204275,5300,0.5954423904418945,,1.289874197237618e-05,428.0364473520003
1.2612826603325415,5310,0.548027515411377,,1.2881147180434592e-05,428.77874701400106
1.2636579572446556,5320,0.5824678421020508,,1.2863552388493008e-05,429.5699284000002
1.2660332541567696,5330,0.5861000061035156,,1.2845957596551421e-05,430.3767923760006
1.2684085510688836,5340,0.5849262237548828,,1.2828362804609837e-05,431.148376051
1.2707838479809976,5350,0.5684384346008301,,1.281076801266825e-05,431.9048380990007
1.2731591448931117,5360,0.5920969009399414,,1.2793173220726667e-05,432.74243156800003
1.2755344418052257,5370,0.5819016456604004,,1.2775578428785081e-05,433.5212412340006
1.2779097387173397,5380,0.5493597507476806,,1.2757983636843496e-05,434.2431228200003
1.2802850356294537,5390,0.5490777015686035,,1.274038884490191e-05,435.002001406001
1.2826603325415677,5400,0.5601059436798096,,1.2722794052960325e-05,435.81934721700054
1.2850356294536818,5410,0.5909459114074707,,1.270519926101874e-05,436.63162720199944
1.2874109263657958,5420,0.58692307472229,,1.2687604469077156e-05,437.3955644990001
1.2897862232779098,5430,0.612275505065918,,1.2670009677135569e-05,438.23658985099974
1.2921615201900236,5440,0.5781667709350586,,1.2652414885193985e-05,439.00553340700026
1.2945368171021379,5450,0.5740886688232422,,1.2634820093252398e-05,439.83794950800075
1.2969121140142517,5460,0.5558576583862305,,1.2617225301310814e-05,440.6893163069999
1.299287410926366,5470,0.6063258171081543,,1.2599630509369227e-05,441.51856184400094
1.3016627078384797,5480,0.5659339427947998,,1.2582035717427643e-05,442.24403900200014
1.304038004750594,5490,0.55991530418396,,1.2564440925486056e-05,443.10123878500053
1.3064133016627077,5500,0.5655243396759033,,1.2546846133544472e-05,443.9392022209995
1.3087885985748218,5510,0.618511962890625,,1.2529251341602887e-05,444.7820549450007
1.3111638954869358,5520,0.5544720649719238,,1.2511656549661301e-05,445.59203053999954
1.3135391923990498,5530,0.5559137344360352,,1.2494061757719716e-05,446.42609794500095
1.3159144893111638,5540,0.5598406791687012,,1.247646696577813e-05,447.2219704170002
1.3182897862232779,5550,0.5645093441009521,,1.2458872173836545e-05,448.03409909699985
1.3206650831353919,5560,0.5401307106018066,,1.2441277381894961e-05,448.8424077559994
1.323040380047506,5570,0.5183470726013184,,1.2423682589953374e-05,449.6662183740009
1.32541567695962,5580,0.5737107753753662,,1.240608779801179e-05,450.5349773750004
1.327790973871734,5590,0.5644173145294189,,1.2388493006070203e-05,451.3103051620001
1.330166270783848,5600,0.5511278629302978,,1.237089821412862e-05,452.13063507300103
1.332541567695962,5610,0.5357881546020508,,1.2353303422187032e-05,452.8888280530009
1.334916864608076,5620,0.5968520164489746,,1.2335708630245449e-05,453.72326753299967
1.33729216152019,5630,0.58273344039917,,1.2318113838303861e-05,454.5972536190002
1.339667458432304,5640,0.580689525604248,,1.2300519046362278e-05,455.40768980199937
1.342042755344418,5650,0.5567243576049805,,1.2282924254420692e-05,456.25373397800104
1.344418052256532,5660,0.5525897026062012,,1.2265329462479107e-05,457.0498903480002
1.3467933491686461,5670,0.5921861171722412,,1.2247734670537521e-05,457.961175153001
1.3491686460807601,5680,0.5289300918579102,,1.2230139878595938e-05,458.7826425309995
1.3515439429928742,5690,0.6008904933929443,,1.221254508665435e-05,459.6022197750008
1.3539192399049882,5700,0.5447564125061035,,1.2194950294712767e-05,460.3800816920011
1.3562945368171022,5710,0.5523281574249268,,1.217735550277118e-05,461.141054310001
1.3586698337292162,5720,0.5469014167785644,,1.2159760710829596e-05,461.9599398720002
1.36104513064133,5730,0.5627594947814941,,1.2142165918888009e-05,462.7596981349998
1.3634204275534443,5740,0.5635776519775391,,1.2124571126946425e-05,463.60934368000017
1.365795724465558,5750,0.5430296897888184,,1.2106976335004838e-05,464.3331678850009
1.3681710213776723,5760,0.5280056953430176,,1.2089381543063254e-05,465.07690418899983
1.3705463182897861,5770,0.5684195995330811,,1.2071786751121669e-05,465.93450948899954
1.3729216152019004,5780,0.5827652931213378,,1.2054191959180083e-05,466.71359175200087
1.3752969121140142,5790,0.5270749092102051,,1.2036597167238498e-05,467.493047416001
1.3776722090261282,5800,0.4988105297088623,,1.2019002375296912e-05,468.31832841100004
1.3800475059382422,5810,0.6048287868499755,,1.2001407583355327e-05,469.09896024299996
1.3824228028503562,5820,0.5645161628723144,,1.1983812791413743e-05,469.905572271
1.3847980997624703,5830,0.5212377071380615,,1.1966217999472156e-05,470.6551094770002
1.3871733966745843,5840,0.5506855964660644,,1.1948623207530572e-05,471.42622091200064
1.3895486935866983,5850,0.55784912109375,,1.1931028415588987e-05,472.1574871779994
1.3919239904988123,5860,0.5876006603240966,,1.1913433623647402e-05,472.96702122699935
1.3942992874109263,5870,0.5605780601501464,,1.1895838831705818e-05,473.6962111339999
1.3966745843230404,5880,0.6010832786560059,,1.187824403976423e-05,474.49487081200095
1.3990498812351544,5890,0.5706771850585938,,1.1860649247822647e-05,475.19140199200046
1.4014251781472684,5900,0.5535705089569092,,1.184305445588106e-05,475.9557341969994
1.4038004750593824,5910,0.5566096782684327,,1.1825459663939476e-05,476.770429012
1.4061757719714965,5920,0.5623825073242188,,1.1807864871997889e-05,477.5492588699999
1.4085510688836105,5930,0.5392968654632568,,1.1790270080056305e-05,478.2520121910002
1.4109263657957245,5940,0.5532205104827881,,1.1772675288114718e-05,479.02251531
1.4133016627078385,5950,0.5940171718597412,,1.1755080496173134e-05,479.7778773860009
1.4156769596199525,5960,0.5264800071716309,,1.1737485704231549e-05,480.5752760209998
1.4180522565320666,5970,0.5530201911926269,,1.1719890912289963e-05,481.30776217899984
1.4204275534441806,5980,0.5424993515014649,,1.1702296120348378e-05,482.02843155499977
1.4228028503562946,5990,0.5615016937255859,,1.1684701328406794e-05,482.75524424499963
1.4251781472684084,6000,0.5675799369812011,,1.1667106536465207e-05,483.448046386
1.4275534441805227,6010,0.5835047721862793,,1.1649511744523623e-05,484.12158881600044
1.4299287410926365,6020,0.556093406677246,,1.1631916952582036e-05,484.8840072670009
1.4323040380047507,6030,0.5408381462097168,,1.1614322160640452e-05,485.6587907530011
1.4346793349168645,6040,0.5612328529357911,,1.1596727368698865e-05,486.40828039200096
1.4370546318289787,6050,0.5461246490478515,,1.1579132576757282e-05,487.256890734001
1.4394299287410925,6060,0.5762994289398193,,1.1561537784815694e-05,488.0999574540001
1.4418052256532066,6070,0.5949187278747559,,1.154394299287411e-05,488.87530490800054
1.4441805225653206,6080,0.5541296482086182,,1.1526348200932525e-05,489.67117873700045
1.4465558194774346,6090,0.5755809307098388,,1.150875340899094e-05,490.4882785310001
1.4489311163895486,6100,0.5427114486694335,,1.1491158617049354e-05,491.1978498360004
1.4513064133016627,6110,0.5597614765167236,,1.1473563825107769e-05,492.0347471620007
1.4536817102137767,6120,0.6047169208526612,,1.1455969033166184e-05,492.8217247440007
1.4560570071258907,6130,0.5528061389923096,,1.14383742412246e-05,493.67469664999953
1.4584323040380047,6140,0.5635454177856445,,1.1420779449283013e-05,494.51064073499947
1.4608076009501187,6150,0.5212853908538818,,1.1403184657341429e-05,495.3167786140002
1.4631828978622328,6160,0.5599625110626221,,1.1385589865399842e-05,496.132825476001
1.4655581947743468,6170,0.5632115840911865,,1.1367995073458258e-05,496.91714377599965
1.4679334916864608,6180,0.5213591098785401,,1.1350400281516671e-05,497.6340097560005
1.4703087885985748,6190,0.5305295467376709,,1.1332805489575087e-05,498.3436319810007
1.4726840855106889,6200,0.5472496509552002,,1.13152106976335e-05,499.1305087130004
1.4750593824228029,6210,0.5367706298828125,,1.1297615905691916e-05,499.8802019880004
1.477434679334917,6220,0.5489142417907715,,1.128002111375033e-05,500.67778906900094
1.479809976247031,6230,0.5399199485778808,,1.1262426321808745e-05,501.4712965630006
1.482185273159145,6240,0.5779215335845947,,1.124483152986716e-05,502.1959843780005
1.484560570071259,6250,0.5909877777099609,,1.1227236737925575e-05,503.05856159500036
1.486935866983373,6260,0.5448778629302978,,1.1209641945983989e-05,503.8579297689994
1.489311163895487,6270,0.5791001796722413,,1.1192047154042405e-05,504.74883710799986
1.491686460807601,6280,0.5369569778442382,,1.1174452362100818e-05,505.473520431
1.4940617577197148,6290,0.5065203666687011,,1.1156857570159234e-05,506.3719873259997
1.496437054631829,6300,0.5965590953826905,,1.1139262778217647e-05,507.19826791000014
1.4988123515439429,6310,0.5526193618774414,,1.1121667986276064e-05,508.030737557001
1.5011876484560571,6320,0.538410758972168,,1.1104073194334476e-05,508.8170997950001
1.503562945368171,6330,0.5848616123199463,,1.1086478402392893e-05,509.6354258600004
1.5059382422802852,6340,0.5774916648864746,,1.1068883610451307e-05,510.3889770650003
1.508313539192399,6350,0.5590625286102295,,1.1051288818509722e-05,511.29759547700087
1.5106888361045132,6360,0.5380796909332275,,1.1033694026568136e-05,512.060828646001
1.513064133016627,6370,0.5008279323577881,,1.1016099234626551e-05,512.7453248340007
1.5154394299287413,6380,0.5466124057769776,,1.0998504442684966e-05,513.5261551420008
1.517814726840855,6390,0.5397494316101075,,1.0980909650743382e-05,514.2390230460005
1.520190023752969,6400,0.5922583103179931,,1.0963314858801795e-05,515.0465433520003
1.522565320665083,6410,0.5628325462341308,,1.0945720066860211e-05,515.932320109001
1.5249406175771971,6420,0.5298842906951904,,1.0928125274918624e-05,516.8024158890003
1.5273159144893111,6430,0.5136375904083252,,1.091053048297704e-05,517.5959489590005
1.5296912114014252,6440,0.559379243850708,,1.0892935691035453e-05,518.353967123001
1.5320665083135392,6450,0.5543328762054444,,1.0875340899093869e-05,519.1345076840007
1.5344418052256532,6460,0.5534205436706543,,1.0857746107152282e-05,519.9308688199999
1.5368171021377672,6470,0.5223408222198487,,1.0840151315210698e-05,520.6733658520006
1.5391923990498813,6480,0.5523094177246094,,1.0822556523269115e-05,521.4893678580011
1.5415676959619953,6490,0.5562036514282227,,1.0804961731327527e-05,522.3484659460009
1.5439429928741093,6500,0.5630609512329101,,1.0787366939385944e-05,523.1975892129994
1.5463182897862233,6510,0.5145272731781005,,1.0769772147444357e-05,523.9883983960008
1.5486935866983373,6520,0.5128775596618652,,1.0752177355502773e-05,524.745803156
1.5510688836104514,6530,0.552429485321045,,1.0734582563561187e-05,525.5198408910001
1.5534441805225652,6540,0.522376537322998,,1.0716987771619602e-05,526.3305533330004
1.5558194774346794,6550,0.5271878719329834,,1.0699392979678016e-05,527.0643781580002
1.5581947743467932,6560,0.5237942695617676,,1.0681798187736431e-05,527.7444073709994
1.5605700712589075,6570,0.5265151977539062,,1.0664203395794846e-05,528.5132695760003
1.5629453681710213,6580,0.5201837062835694,,1.0646608603853262e-05,529.239384601
1.5653206650831355,6590,0.546355152130127,,1.0629013811911675e-05,530.0521274399998
1.5676959619952493,6600,0.5395965576171875,,1.0611419019970091e-05,530.8777021799997
1.5700712589073635,6610,0.5864913940429688,,1.0593824228028504e-05,531.6457433720007
1.5724465558194773,6620,0.5287678241729736,,1.057622943608692e-05,532.5291692530009
1.5748218527315916,6630,0.5556502342224121,,1.0558634644145333e-05,533.2775281209997
1.5771971496437054,6640,0.5092332363128662,,1.054103985220375e-05,534.0630143710005
1.5795724465558196,6650,0.5653641700744629,,1.0523445060262164e-05,534.864012774
1.5819477434679334,6660,0.5729433059692383,,1.0505850268320578e-05,535.6884301270002
1.5843230403800475,6670,0.5059501647949218,,1.0488255476378993e-05,536.4102789059998
1.5866983372921615,6680,0.5580035209655761,,1.0470660684437407e-05,537.1408952220008
1.5890736342042755,6690,0.539106035232544,,1.0453065892495822e-05,537.9723971620006
1.5914489311163895,6700,0.5406867027282715,,1.0435471100554238e-05,538.7272120830003
1.5938242280285035,6710,0.5332441806793213,,1.0417876308612651e-05,539.535445906
1.5961995249406176,6720,0.5289485931396485,,1.0400281516671067e-05,540.3656337200009
1.5985748218527316,6730,0.5621034145355225,,1.038268672472948e-05,541.1341699889999
1.6009501187648456,6740,0.5196123123168945,,1.0365091932787897e-05,541.9322330840005
1.6033254156769596,6750,0.566953706741333,,1.034749714084631e-05,542.7074572170004
1.6057007125890737,6760,0.5697221755981445,,1.0329902348904726e-05,543.5177983400008
1.6080760095011877,6770,0.5341162204742431,,1.0312307556963139e-05,544.3088220680002
1.6104513064133017,6780,0.5423411846160888,,1.0294712765021555e-05,545.0540751530007
1.6128266033254157,6790,0.5508823871612549,,1.027711797307997e-05,545.8324189169998
1.6152019002375297,6800,0.5281224727630616,,1.0259523181138384e-05,546.6298695820005
1.6175771971496435,6810,0.5272508144378663,,1.0241928389196798e-05,547.3402243090004
1.6199524940617578,6820,0.545013427734375,,1.0224333597255213e-05,548.1677359050009
1.6223277909738716,6830,0.5330520153045655,,1.0206738805313628e-05,548.8997106019997
1.6247030878859858,6840,0.5568938255310059,,1.0189144013372044e-05,549.6203080199994
1.6270783847980996,6850,0.557256555557251,,1.0171549221430457e-05,550.4246926920005
1.6294536817102139,6860,0.5273460388183594,,1.0153954429488873e-05,551.2795538400005
1.6318289786223277,6870,0.5379791259765625,,1.0136359637547286e-05,552.1741382210002
1.634204275534442,6880,0.5407825469970703,,1.0118764845605702e-05,553.0713391780009
1.6365795724465557,6890,0.5369891166687012,,1.0101170053664115e-05,553.9401740770008
1.63895486935867,6900,0.5796256542205811,,1.0083575261722531e-05,554.7270067410009
1.6413301662707838,6910,0.5305130004882812,,1.0065980469780944e-05,555.5017888660004
1.643705463182898,6920,0.5148456573486329,,1.004838567783936e-05,556.1588774800002
1.6460807600950118,6930,0.5241781234741211,,1.0030790885897775e-05,556.8894360970007
1.648456057007126,6940,0.5463381767272949,,1.001319609395619e-05,557.6927760990002
1.6508313539192399,6950,0.5405969619750977,,9.995601302014604e-06,558.4844976010008
1.6532066508313539,6960,0.5342079162597656,,9.97800651007302e-06,559.4219529639995
1.655581947743468,6970,0.5367937088012695,,9.960411718131435e-06,560.2196611600011
1.657957244655582,6980,0.5147507190704346,,9.94281692618985e-06,560.9853494849995
1.660332541567696,6990,0.5498477458953858,,9.925222134248264e-06,561.6700513619999
1.66270783847981,7000,0.5076987266540527,,9.907627342306679e-06,562.4619037810007
1.665083135391924,7010,0.5265440940856934,,9.890032550365093e-06,563.2341956250002
1.667458432304038,7020,0.5483185768127441,,9.872437758423508e-06,563.9329507040002
1.669833729216152,7030,0.5645486354827881,,9.854842966481922e-06,564.7772991040001
1.672209026128266,7040,0.49100780487060547,,9.837248174540337e-06,565.6074806630004
1.67458432304038,7050,0.4824110984802246,,9.819653382598751e-06,566.3215709409997
1.676959619952494,7060,0.5175662517547608,,9.802058590657166e-06,567.0616248099996
1.6793349168646081,7070,0.5404425621032715,,9.78446379871558e-06,567.811401723
1.6817102137767221,7080,0.5240568161010742,,9.766869006773995e-06,568.6081484650003
1.6840855106888362,7090,0.5044408798217773,,9.74927421483241e-06,569.4588761190007
1.68646080760095,7100,0.5208478927612304,,9.731679422890826e-06,570.236583240001
1.6888361045130642,7110,0.5245933532714844,,9.71408463094924e-06,571.0367699050003
1.691211401425178,7120,0.5332056522369385,,9.696489839007655e-06,571.7913604950008
1.6935866983372923,7130,0.49584760665893557,,9.67889504706607e-06,572.6764401830005
1.695961995249406,7140,0.5302164554595947,,9.661300255124484e-06,573.519615612
1.6983372921615203,7150,0.5547199249267578,,9.643705463182899e-06,574.3632463020003
1.700712589073634,7160,0.5090294361114502,,9.626110671241313e-06,575.129466765
1.7030878859857483,7170,0.5267355918884278,,9.608515879299728e-06,575.920072586001
1.7054631828978621,7180,0.4963558197021484,,9.590921087358142e-06,576.7042987980003
1.7078384798099764,7190,0.48148298263549805,,9.573326295416557e-06,577.5068055779993
1.7102137767220902,7200,0.548554801940918,,9.555731503474971e-06,578.3410923219999
1.7125890736342044,7210,0.5486140727996827,,9.538136711533386e-06,579.1788707480009
1.7149643705463182,7220,0.4601919651031494,,9.5205419195918e-06,580.0119667119998
1.7173396674584323,7230,0.5267690658569336,,9.502947127650217e-06,580.7927537199994
1.7197149643705463,7240,0.5223101139068603,,9.485352335708631e-06,581.5971437610006
1.7220902612826603,7250,0.5453620910644531,,9.467757543767046e-06,582.4024911420001
1.7244655581947743,7260,0.496012020111084,,9.45016275182546e-06,583.2580957660011
1.7268408551068883,7270,0.4245770931243896,,9.432567959883875e-06,583.9965188650003
1.7292161520190024,7280,0.5349106788635254,,9.41497316794229e-06,584.7650210949996
1.7315914489311164,7290,0.5326834678649902,,9.397378376000704e-06,585.497485711001
1.7339667458432304,7300,0.46812071800231936,,9.379783584059119e-06,586.2719040450011
1.7363420427553444,7310,0.5804632186889649,,9.362188792117533e-06,587.1138645320007
1.7387173396674585,7320,0.5251071929931641,,9.344594000175948e-06,587.9538360999995
1.7410926365795725,7330,0.5190716743469238,,9.326999208234362e-06,588.7893370130005
1.7434679334916865,7340,0.5320896625518798,,9.309404416292777e-06,589.6143902429994
1.7458432304038005,7350,0.5112426280975342,,9.291809624351192e-06,590.3715604429999
1.7482185273159145,7360,0.5075605392456055,,9.274214832409608e-06,591.1095188359996
1.7505938242280283,7370,0.48861374855041506,,9.256620040468022e-06,591.8972421170001
1.7529691211401426,7380,0.5270846366882325,,9.239025248526437e-06,592.6014519950004
1.7553444180522564,7390,0.46015148162841796,,9.221430456584852e-06,593.3654231220007
1.7577197149643706,7400,0.49883170127868653,,9.203835664643266e-06,594.2293681110004
1.7600950118764844,7410,0.45267958641052247,,9.18624087270168e-06,595.104939629
1.7624703087885987,7420,0.47017722129821776,,9.168646080760095e-06,595.9666510930001
1.7648456057007125,7430,0.5448698997497559,,9.151051288818511e-06,596.7317463449999
1.7672209026128267,7440,0.5034539222717285,,9.133456496876926e-06,597.4835906009994
1.7695961995249405,7450,0.5842669010162354,,9.11586170493534e-06,598.2145325740003
1.7719714964370548,7460,0.5623086452484131,,9.098266912993755e-06,598.9388496379997
1.7743467933491686,7470,0.5072044372558594,,9.08067212105217e-06,599.7530302380001
1.7767220902612828,7480,0.5202245712280273,,9.063077329110584e-06,600.5335566590002
1.7790973871733966,7490,0.5565543174743652,,9.045482537168999e-06,601.3304997140003
1.7814726840855108,7500,0.5171606063842773,,9.027887745227413e-06,602.0951878840006
1.7838479809976246,7510,0.5043883800506592,,9.010292953285828e-06,602.9198548080003
1.7862232779097387,7520,0.5785351276397706,,8.992698161344243e-06,603.7223978880011
1.7885985748218527,7530,0.47180662155151365,,8.975103369402657e-06,604.4519875290007
1.7909738717339667,7540,0.5435573101043701,,8.957508577461073e-06,605.1922584280001
1.7933491686460807,7550,0.541969108581543,,8.939913785519488e-06,606.005528017
1.7957244655581948,7560,0.4782275676727295,,8.922318993577902e-06,606.7157574859993
1.7980997624703088,7570,0.5072564601898193,,8.904724201636317e-06,607.5504137339994
1.8004750593824228,7580,0.5181104660034179,,8.887129409694732e-06,608.327943409
1.8028503562945368,7590,0.5328665256500245,,8.869534617753146e-06,609.1245964789996
1.8052256532066508,7600,0.5647773265838623,,8.85193982581156e-06,609.9545463079994
1.8076009501187649,7610,0.5185589790344238,,8.834345033869975e-06,610.8051165960005
1.809976247030879,7620,0.5635452270507812,,8.81675024192839e-06,611.593160108001
1.812351543942993,7630,0.5501447200775147,,8.799155449986804e-06,612.3402426430002
1.814726840855107,7640,0.5580326080322265,,8.781560658045219e-06,613.0785100560006
1.817102137767221,7650,0.4835216045379639,,8.763965866103634e-06,613.9568454140008
1.8194774346793348,7660,0.5290488243103028,,8.746371074162048e-06,614.7535091009995
1.821852731591449,7670,0.47734861373901366,,8.728776282220464e-06,615.5325476380003
1.8242280285035628,7680,0.5602639198303223,,8.711181490278879e-06,616.2682577880005
1.826603325415677,7690,0.542691993713379,,8.693586698337293e-06,617.0845241099996
1.8289786223277908,7700,0.4994486331939697,,8.675991906395708e-06,617.9336446500001
1.831353919239905,7710,0.5277842044830322,,8.658397114454123e-06,618.8001153160003
1.833729216152019,7720,0.523661756515503,,8.640802322512537e-06,619.5695037290006
1.8361045130641331,7730,0.555205249786377,,8.623207530570952e-06,620.3937519150004
1.838479809976247,7740,0.5284001350402832,,8.605612738629366e-06,621.3228347700006
1.8408551068883612,7750,0.5108500957489014,,8.588017946687781e-06,622.1493283550008
1.843230403800475,7760,0.46297082901000974,,8.570423154746195e-06,622.8946660820002
1.8456057007125892,7770,0.49692583084106445,,8.55282836280461e-06,623.6997347670003
1.847980997624703,7780,0.4655550479888916,,8.535233570863025e-06,624.4983672390008
1.850356294536817,7790,0.5100749015808106,,8.517638778921439e-06,625.3700235430006
1.852731591448931,7800,0.5131152629852295,,8.500043986979855e-06,626.2028836879999
1.855106888361045,7810,0.5640219211578369,,8.48244919503827e-06,627.0466243339997
1.8574821852731591,7820,0.5300467014312744,,8.464854403096684e-06,627.9407572510008
1.8598574821852731,7830,0.5522062301635742,,8.447259611155099e-06,628.702142266
1.8622327790973872,7840,0.5250936985015869,,8.429664819213514e-06,629.5526282780011
1.8646080760095012,7850,0.5425557136535645,,8.412070027271928e-06,630.2825446660008
1.8669833729216152,7860,0.5104156494140625,,8.394475235330343e-06,631.0554438039999
1.8693586698337292,7870,0.4745012760162354,,8.376880443388757e-06,631.783586810001
1.8717339667458432,7880,0.49642157554626465,,8.359285651447172e-06,632.5831602580001
1.8741092636579573,7890,0.4564545154571533,,8.341690859505586e-06,633.3937735319996
1.8764845605700713,7900,0.47304654121398926,,8.324096067564001e-06,634.1809009000008
1.8788598574821853,7910,0.5447163581848145,,8.306501275622416e-06,634.9864746490002
1.8812351543942993,7920,0.4971964359283447,,8.28890648368083e-06,635.8257834870001
1.8836104513064131,7930,0.5138381481170654,,8.271311691739245e-06,636.574363144
1.8859857482185274,7940,0.4661550521850586,,8.253716899797661e-06,637.3781777500008
1.8883610451306412,7950,0.522568941116333,,8.236122107856076e-06,638.0522638410002
1.8907363420427554,7960,0.5226962089538574,,8.21852731591449e-06,638.9228373879996
1.8931116389548692,7970,0.4815423011779785,,8.200932523972905e-06,639.760032573
1.8954869358669835,7980,0.5280551910400391,,8.18333773203132e-06,640.5574079470007
1.8978622327790973,7990,0.5302361488342285,,8.165742940089734e-06,641.3530422980002
1.9002375296912115,8000,0.499575138092041,,8.148148148148148e-06,642.1409628689998
1.9026128266033253,8010,0.5226566791534424,,8.130553356206563e-06,642.9027974029996
1.9049881235154396,8020,0.5138829231262207,,8.112958564264977e-06,643.6894577610001
1.9073634204275534,8030,0.5061347007751464,,8.095363772323392e-06,644.4352676130002
1.9097387173396676,8040,0.5423218727111816,,8.077768980381807e-06,645.191826585
1.9121140142517814,8050,0.5083263874053955,,8.060174188440221e-06,645.9750000450003
1.9144893111638956,8060,0.5620579242706298,,8.042579396498637e-06,646.7563370759999
1.9168646080760094,8070,0.47811298370361327,,8.024984604557052e-06,647.6899067600007
1.9192399049881235,8080,0.562692928314209,,8.007389812615467e-06,648.5284842310011
1.9216152019002375,8090,0.4923852920532227,,7.989795020673881e-06,649.3450433790003
1.9239904988123515,8100,0.5177234172821045,,7.972200228732296e-06,650.1536066299996
1.9263657957244655,8110,0.4903271198272705,,7.954605436790712e-06,650.9411881350006
1.9287410926365796,8120,0.5299006462097168,,7.937010644849126e-06,651.7000469190007
1.9311163895486936,8130,0.5119219303131104,,7.919415852907541e-06,652.5669196609997
1.9334916864608076,8140,0.5173686981201172,,7.901821060965956e-06,653.4728764970005
1.9358669833729216,8150,0.4944613933563232,,7.88422626902437e-06,654.232444356001
1.9382422802850356,8160,0.5113509654998779,,7.866631477082785e-06,655.0301495839994
1.9406175771971497,8170,0.48935999870300295,,7.8490366851412e-06,655.8679117329993
1.9429928741092637,8180,0.5347499847412109,,7.831441893199614e-06,656.6808204280005
1.9453681710213777,8190,0.4891980648040771,,7.813847101258028e-06,657.4607318620001
1.9477434679334917,8200,0.4990091800689697,,7.796252309316443e-06,658.230170873001
1.9501187648456058,8210,0.4955468654632568,,7.778657517374858e-06,658.9980384890005
1.9524940617577196,8220,0.5270644664764405,,7.761062725433272e-06,659.7873310240011
1.9548693586698338,8230,0.5369933605194092,,7.743467933491687e-06,660.5420034550007
1.9572446555819476,8240,0.5404276371002197,,7.725873141550101e-06,661.3643930029993
1.9596199524940618,8250,0.4722603797912598,,7.708278349608517e-06,662.1755805810008
1.9619952494061756,8260,0.535364294052124,,7.690683557666932e-06,663.0153096150007
1.96437054631829,8270,0.4952589988708496,,7.673088765725347e-06,663.7909350730006
1.9667458432304037,8280,0.4821040153503418,,7.655493973783761e-06,664.6101968330004
1.969121140142518,8290,0.517219352722168,,7.637899181842176e-06,665.4056611739998
1.9714964370546317,8300,0.5307203769683838,,7.62030438990059e-06,666.2356125080005
1.973871733966746,8310,0.5381894111633301,,7.602709597959005e-06,666.9475261160005
1.9762470308788598,8320,0.4532163619995117,,7.585114806017419e-06,667.7765075959996
1.978622327790974,8330,0.5234121322631836,,7.567520014075834e-06,668.5752776589998
1.9809976247030878,8340,0.46413116455078124,,7.549925222134249e-06,669.3179208780002
1.9833729216152018,8350,0.5144619941711426,,7.532330430192664e-06,670.1032471649996
1.9857482185273159,8360,0.5467716693878174,,7.5147356382510785e-06,670.9171926430008
1.98812351543943,8370,0.500509786605835,,7.497140846309493e-06,671.6676951200006
1.990498812351544,8380,0.4960453987121582,,7.479546054367908e-06,672.5393461599997
1.992874109263658,8390,0.4930440425872803,,7.461951262426322e-06,673.3203499219999
1.995249406175772,8400,0.492899227142334,,7.444356470484737e-06,674.0193734410004
1.997624703087886,8410,0.5179617881774903,,7.426761678543152e-06,674.8321503120005
2.0,8420,0.4792741298675537,,7.409166886601567e-06,675.5027913670001
2.0,8420,,0.4757024049758911,,677.8984512059997
2.002375296912114,8430,0.5154941082000732,,7.391572094659981e-06,679.2128653180007
2.004750593824228,8440,0.5128847122192383,,7.373977302718396e-06,680.0448168090006
2.007125890736342,8450,0.5537518501281739,,7.35638251077681e-06,680.7733655060001
2.009501187648456,8460,0.5106607913970947,,7.338787718835225e-06,681.4970698030011
2.01187648456057,8470,0.4787108898162842,,7.3211929268936395e-06,682.2634236930007
2.014251781472684,8480,0.5138776779174805,,7.303598134952055e-06,683.061587645001
2.016627078384798,8490,0.43436622619628906,,7.2860033430104695e-06,683.8676639109999
2.019002375296912,8500,0.5408423900604248,,7.268408551068884e-06,684.6852250360007
2.021377672209026,8510,0.5165568828582764,,7.250813759127299e-06,685.5662921460007
2.02375296912114,8520,0.4785003185272217,,7.233218967185713e-06,686.3425534939997
2.026128266033254,8530,0.5049240112304687,,7.215624175244128e-06,687.0834607910001
2.0285035629453683,8540,0.5166491508483887,,7.198029383302543e-06,687.8426610990009
2.030878859857482,8550,0.4426430702209473,,7.180434591360958e-06,688.6032885650002
2.0332541567695963,8560,0.5275653839111328,,7.162839799419372e-06,689.4385304110001
2.03562945368171,8570,0.4658687591552734,,7.145245007477787e-06,690.2455678549995
2.0380047505938244,8580,0.48823976516723633,,7.127650215536201e-06,690.9143687510004
2.040380047505938,8590,0.4801641464233398,,7.110055423594616e-06,691.672857177
2.0427553444180524,8600,0.48960580825805666,,7.0924606316530305e-06,692.4551104149996
2.045130641330166,8610,0.4820091247558594,,7.074865839711446e-06,693.1783929630001
2.0475059382422804,8620,0.4906283378601074,,7.0572710477698605e-06,693.951677047
2.0498812351543942,8630,0.4738460063934326,,7.039676255828275e-06,694.7082626780011
2.0522565320665085,8640,0.5468252182006836,,7.02208146388669e-06,695.4964370420003
2.0546318289786223,8650,0.4564445972442627,,7.004486671945104e-06,696.3523794490011
2.0570071258907365,8660,0.5176912307739258,,6.986891880003519e-06,697.1020520990005
2.0593824228028503,8670,0.48470091819763184,,6.969297088061934e-06,697.8751809490004
2.0617577197149646,8680,0.5152690410614014,,6.951702296120349e-06,698.6170764260005
2.0641330166270784,8690,0.5460791110992431,,6.934107504178763e-06,699.4501746780006
2.0665083135391926,8700,0.5006372451782226,,6.916512712237179e-06,700.3014752560011
2.0688836104513064,8710,0.5559043407440185,,6.898917920295593e-06,701.0489608080006
2.07125890736342,8720,0.45125608444213866,,6.881323128354009e-06,701.7873702369998
2.0736342042755345,8730,0.47443065643310545,,6.863728336412423e-06,702.4897838830002
2.0760095011876483,8740,0.5330987453460694,,6.846133544470838e-06,703.3906608569996
2.0783847980997625,8750,0.49802632331848146,,6.828538752529252e-06,704.1859592780002
2.0807600950118763,8760,0.5463274955749512,,6.810943960587667e-06,705.0556632890002
2.0831353919239906,8770,0.5306556701660157,,6.7933491686460815e-06,705.9288252290007
2.0855106888361044,8780,0.4270804405212402,,6.775754376704496e-06,706.746560339001
2.0878859857482186,8790,0.49001569747924806,,6.7581595847629114e-06,707.5464724659996
2.0902612826603324,8800,0.4560529708862305,,6.740564792821326e-06,708.3166519940005
2.0926365795724466,8810,0.4488877773284912,,6.7229700008797406e-06,709.1544271929997
2.0950118764845604,8820,0.5082297325134277,,6.705375208938155e-06,710.0057414399998
2.0973871733966747,8830,0.5064076900482177,,6.68778041699657e-06,710.7397935970002
2.0997624703087885,8840,0.47324409484863283,,6.670185625054984e-06,711.561695370001
2.1021377672209027,8850,0.5156033992767334,,6.6525908331134e-06,712.4515226839994
2.1045130641330165,8860,0.5062705039978027,,6.634996041171814e-06,713.2056950740007
2.1068883610451308,8870,0.5194674491882324,,6.617401249230229e-06,713.9957097959996
2.1092636579572446,8880,0.5239892482757569,,6.599806457288643e-06,714.8714768049995
2.111638954869359,8890,0.474077844619751,,6.582211665347058e-06,715.7292482690009
2.1140142517814726,8900,0.4856406211853027,,6.5646168734054725e-06,716.5252349660004
2.116389548693587,8910,0.534949254989624,,6.547022081463887e-06,717.2888540719996
2.1187648456057007,8920,0.538756275177002,,6.5294272895223024e-06,718.0682864810005
2.121140142517815,8930,0.4793554306030273,,6.511832497580717e-06,718.8427712510002
2.1235154394299287,8940,0.5189018249511719,,6.4942377056391316e-06,719.5663570220004
2.125890736342043,8950,0.5165137767791748,,6.476642913697546e-06,720.3207372289999
2.1282660332541568,8960,0.47897896766662595,,6.459048121755961e-06,721.0864180000008
2.130641330166271,8970,0.4968672275543213,,6.441453329814375e-06,721.8165114599997
2.133016627078385,8980,0.4850337982177734,,6.423858537872791e-06,722.5495225329996
2.1353919239904986,8990,0.500010633468628,,6.406263745931205e-06,723.3905365869996
2.137767220902613,9000,0.44459967613220214,,6.38866895398962e-06,724.1133767440006
2.1401425178147266,9010,0.4906442642211914,,6.371074162048034e-06,724.9059579149998
2.142517814726841,9020,0.5080052852630615,,6.353479370106449e-06,725.7393200890001
2.1448931116389547,9030,0.5329488754272461,,6.3358845781648635e-06,726.5083092260011
2.147268408551069,9040,0.4767772197723389,,6.318289786223278e-06,727.2617574180003
2.1496437054631827,9050,0.5390437602996826,,6.3006949942816934e-06,728.0807417209999
2.152019002375297,9060,0.4699085235595703,,6.283100202340108e-06,728.8209979370004
2.1543942992874108,9070,0.5185519695281983,,6.2655054103985226e-06,729.5537806440007
2.156769596199525,9080,0.47339792251586915,,6.247910618456937e-06,730.3781486160005
2.159144893111639,9090,0.49347577095031736,,6.230315826515352e-06,731.2153699640003
2.161520190023753,9100,0.48503923416137695,,6.212721034573766e-06,732.0379362200001
2.163895486935867,9110,0.5230545997619629,,6.195126242632181e-06,732.9087989529999
2.166270783847981,9120,0.4905872344970703,,6.177531450690596e-06,733.6853850070001
2.168646080760095,9130,0.47847800254821776,,6.159936658749011e-06,734.3909243580001
2.171021377672209,9140,0.4302227020263672,,6.142341866807425e-06,735.2445053009997
2.173396674584323,9150,0.5291757583618164,,6.12474707486584e-06,736.0390006090001
2.175771971496437,9160,0.45133404731750487,,6.1071522829242545e-06,736.7945984990001
2.178147268408551,9170,0.5119534969329834,,6.089557490982669e-06,737.6262636020001
2.1805225653206652,9180,0.5294944763183593,,6.0719626990410844e-06,738.4465620699993
2.182897862232779,9190,0.4118357181549072,,6.054367907099499e-06,739.2804950190002
2.1852731591448933,9200,0.47231230735778806,,6.0367731151579136e-06,740.0671249570005
2.187648456057007,9210,0.48929128646850584,,6.019178323216328e-06,740.8226739130005
2.1900237529691213,9220,0.4642510414123535,,6.001583531274743e-06,741.5837732500004
2.192399049881235,9230,0.48751063346862794,,5.983988739333157e-06,742.366793524001
2.1947743467933494,9240,0.5430490493774414,,5.966393947391572e-06,743.2471523900003
2.197149643705463,9250,0.49075565338134763,,5.948799155449987e-06,744.057955196
2.199524940617577,9260,0.5098323822021484,,5.931204363508402e-06,744.8839488989997
2.201900237529691,9270,0.4734649658203125,,5.913609571566816e-06,745.6589906850004
2.204275534441805,9280,0.4437282562255859,,5.896014779625231e-06,746.3331532539996
2.2066508313539193,9290,0.5167113780975342,,5.8784199876836455e-06,747.1653235129997
2.209026128266033,9300,0.47632579803466796,,5.86082519574206e-06,748.021801457
2.2114014251781473,9310,0.4516592502593994,,5.843230403800475e-06,748.870138096001
2.213776722090261,9320,0.4909946441650391,,5.82563561185889e-06,749.714410265
2.2161520190023754,9330,0.5251009941101075,,5.808040819917305e-06,750.5551470549999
2.218527315914489,9340,0.520234203338623,,5.79044602797572e-06,751.3664108490011
2.2209026128266034,9350,0.495668888092041,,5.7728512360341345e-06,752.2143162430002
2.223277909738717,9360,0.45700979232788086,,5.75525644409255e-06,753.0839541260011
2.2256532066508314,9370,0.5061627864837647,,5.7376616521509645e-06,753.813615426001
2.2280285035629452,9380,0.5040940761566162,,5.720066860209379e-06,754.5674118589995
2.2304038004750595,9390,0.4599846363067627,,5.702472068267794e-06,755.3327943730001
2.2327790973871733,9400,0.44881572723388674,,5.684877276326208e-06,756.1775543969998
2.2351543942992875,9410,0.5085279464721679,,5.667282484384623e-06,756.9944660279998
2.2375296912114013,9420,0.4722262382507324,,5.649687692443037e-06,757.8749521070004
2.2399049881235156,9430,0.5005617141723633,,5.632092900501453e-06,758.6744334329996
2.2422802850356294,9440,0.5048847675323487,,5.614498108559867e-06,759.4553144900001
2.2446555819477436,9450,0.49106783866882325,,5.596903316618282e-06,760.2054011140008
2.2470308788598574,9460,0.4468387603759766,,5.579308524676696e-06,761.094214611001
2.2494061757719717,9470,0.4755368709564209,,5.561713732735111e-06,761.9428340499999
2.2517814726840855,9480,0.4854013442993164,,5.5441189407935255e-06,762.7306478789997
2.2541567695961997,9490,0.4626630306243896,,5.526524148851941e-06,763.5422774460003
2.2565320665083135,9500,0.4541518211364746,,5.5089293569103555e-06,764.3570208550009
2.2589073634204277,9510,0.5404848098754883,,5.49133456496877e-06,765.1602764449999
2.2612826603325415,9520,0.5185840606689454,,5.473739773027185e-06,766.0142623200009
2.2636579572446553,9530,0.4757986068725586,,5.456144981085599e-06,766.8271569330009
2.2660332541567696,9540,0.4852724552154541,,5.438550189144014e-06,767.6047388240004
2.268408551068884,9550,0.4631975173950195,,5.420955397202428e-06,768.3522675469994
2.2707838479809976,9560,0.49952712059021,,5.403360605260844e-06,769.100781561001
2.2731591448931114,9570,0.4678178787231445,,5.385765813319258e-06,769.9158093389997
2.2755344418052257,9580,0.4891197204589844,,5.368171021377673e-06,770.674768588
2.2779097387173395,9590,0.47071104049682616,,5.350576229436087e-06,771.406245614
2.2802850356294537,9600,0.46872587203979493,,5.332981437494502e-06,772.1868115100006
2.2826603325415675,9610,0.466904878616333,,5.3153866455529165e-06,772.9337012449996
2.2850356294536818,9620,0.44754343032836913,,5.297791853611331e-06,773.6663061569998
2.2874109263657956,9630,0.43450241088867186,,5.2801970616697465e-06,774.5050641920006
2.28978622327791,9640,0.5053277969360351,,5.262602269728161e-06,775.3279402560001
2.2921615201900236,9650,0.4753742694854736,,5.245007477786576e-06,776.0723868780005
2.294536817102138,9660,0.4482137680053711,,5.22741268584499e-06,776.8904539380001
2.2969121140142517,9670,0.4863858699798584,,5.209817893903405e-06,777.665108569001
2.299287410926366,9680,0.5094893455505372,,5.192223101961819e-06,778.335383959
2.3016627078384797,9690,0.5015096664428711,,5.174628310020235e-06,779.0875701690002
2.304038004750594,9700,0.5230527400970459,,5.157033518078649e-06,780.0000455959998
2.3064133016627077,9710,0.4542704105377197,,5.139438726137064e-06,780.7380413160008
2.308788598574822,9720,0.48514599800109864,,5.121843934195478e-06,781.4726593890009
2.311163895486936,9730,0.48577518463134767,,5.104249142253893e-06,782.2491173849994
2.31353919239905,9740,0.5323811054229737,,5.0866543503123075e-06,782.9759665719994
2.315914489311164,9750,0.4719234466552734,,5.069059558370722e-06,783.7664716380004
2.318289786223278,9760,0.45949220657348633,,5.0514647664291375e-06,784.5991940860004
2.320665083135392,9770,0.49298272132873533,,5.033869974487552e-06,785.441166603001
2.323040380047506,9780,0.5111278533935547,,5.016275182545967e-06,786.3173555480007
2.32541567695962,9790,0.46608796119689944,,4.998680390604381e-06,787.1477424349996
2.3277909738717337,9800,0.4823898792266846,,4.981085598662796e-06,787.9435305999996
2.330166270783848,9810,0.5538321971893311,,4.963490806721211e-06,788.6934909600004
2.332541567695962,9820,0.5023339271545411,,4.945896014779626e-06,789.5929633289998
2.334916864608076,9830,0.4496286869049072,,4.92830122283804e-06,790.414518214
2.33729216152019,9840,0.4963863372802734,,4.910706430896455e-06,791.2321532850001
2.339667458432304,9850,0.5077703475952149,,4.89311163895487e-06,791.9565188039996
2.342042755344418,9860,0.4612860679626465,,4.875516847013285e-06,792.805704028
2.344418052256532,9870,0.5469570159912109,,4.857922055071699e-06,793.5685269240003
2.346793349168646,9880,0.45545353889465334,,4.840327263130114e-06,794.3939203310001
2.34916864608076,9890,0.4639556407928467,,4.8227324711885285e-06,795.2404282309999
2.351543942992874,9900,0.4938227653503418,,4.805137679246943e-06,796.0386142469997
2.353919239904988,9910,0.45525298118591306,,4.7875428873053585e-06,796.8263068689994
2.356294536817102,9920,0.5469130516052246,,4.769948095363773e-06,797.6957190440007
2.3586698337292162,9930,0.4963522434234619,,4.752353303422188e-06,798.5589769840008
2.36104513064133,9940,0.41184310913085936,,4.734758511480602e-06,799.3530410109997
2.3634204275534443,9950,0.4513214111328125,,4.717163719539017e-06,800.1082832270004
2.365795724465558,9960,0.44642415046691897,,4.699568927597431e-06,800.9183842479997
2.3681710213776723,9970,0.4963780403137207,,4.681974135655846e-06,801.7481082260001
2.370546318289786,9980,0.45647168159484863,,4.664379343714261e-06,802.5249834450005
2.3729216152019004,9990,0.49007720947265626,,4.646784551772676e-06,803.3979980540007
2.375296912114014,10000,0.4964850902557373,,4.62918975983109e-06,804.1611068689999
2.3776722090261284,10010,0.46928062438964846,,4.611594967889505e-06,805.085526877001
2.380047505938242,10020,0.5047390460968018,,4.5940001759479195e-06,805.856656426
2.3824228028503565,10030,0.48074822425842284,,4.576405384006334e-06,806.6136308250007
2.3847980997624703,10040,0.5530378341674804,,4.5588105920647495e-06,807.35311817
2.3871733966745845,10050,0.5337801933288574,,4.541215800123164e-06,808.173004794
2.3895486935866983,10060,0.4863701343536377,,4.523621008181579e-06,809.0486168349998
2.391923990498812,10070,0.5316080093383789,,4.506026216239993e-06,809.7876131840003
2.3942992874109263,10080,0.4467499256134033,,4.488431424298408e-06,810.6190398939998
2.3966745843230406,10090,0.434752082824707,,4.470836632356822e-06,811.3301210459995
2.3990498812351544,10100,0.4712823867797852,,4.453241840415237e-06,812.1462039119997
2.401425178147268,10110,0.5221193790435791,,4.435647048473652e-06,812.9015815570001
2.4038004750593824,10120,0.5042959690093994,,4.418052256532067e-06,813.7250342570005
2.4061757719714967,10130,0.4473456859588623,,4.400457464590482e-06,814.5847831659994
2.4085510688836105,10140,0.4340512275695801,,4.382862672648897e-06,815.4940426180001
2.4109263657957243,10150,0.5149107456207276,,4.365267880707311e-06,816.308478885001
2.4133016627078385,10160,0.5093620777130127,,4.347673088765726e-06,817.197291198001
2.4156769596199523,10170,0.4755359172821045,,4.3300782968241405e-06,817.9885531340005
2.4180522565320666,10180,0.4846465587615967,,4.312483504882555e-06,818.7670319490007
2.4204275534441804,10190,0.4365091800689697,,4.29488871294097e-06,819.6935072729993
2.4228028503562946,10200,0.5231350898742676,,4.277293920999385e-06,820.5136651339999
2.4251781472684084,10210,0.4716221332550049,,4.2596991290578e-06,821.3650334770009
2.4275534441805227,10220,0.4919252395629883,,4.242104337116214e-06,822.1964057179994
2.4299287410926365,10230,0.4440752029418945,,4.224509545174629e-06,823.014166721001
2.4323040380047507,10240,0.48678884506225584,,4.206914753233043e-06,823.8649244520002
2.4346793349168645,10250,0.4872925281524658,,4.189319961291458e-06,824.7356051070001
2.4370546318289787,10260,0.4342360973358154,,4.171725169349872e-06,825.5561594970004
2.4394299287410925,10270,0.4846761226654053,,4.154130377408288e-06,826.3313507120001
2.441805225653207,10280,0.48635640144348147,,4.136535585466702e-06,827.0761634179999
2.4441805225653206,10290,0.49851160049438475,,4.118940793525117e-06,828.0554852549994
2.446555819477435,10300,0.5293298244476319,,4.1013460015835315e-06,828.9850282930001
2.4489311163895486,10310,0.5024592876434326,,4.083751209641946e-06,829.8716966169995
2.451306413301663,10320,0.49108061790466306,,4.066156417700361e-06,830.7594013920007
2.4536817102137767,10330,0.49264211654663087,,4.048561625758776e-06,831.5984354579996
2.456057007125891,10340,0.47368826866149905,,4.030966833817191e-06,832.3724108189999
2.4584323040380047,10350,0.4876643180847168,,4.013372041875605e-06,833.1805695610001
2.460807600950119,10360,0.4289682865142822,,3.99577724993402e-06,833.9438938929998
2.4631828978622328,10370,0.5235092639923096,,3.978182457992434e-06,834.6981154509995
2.4655581947743466,10380,0.47540912628173826,,3.960587666050849e-06,835.5395317479997
2.467933491686461,10390,0.47618708610534666,,3.942992874109263e-06,836.3660823089995
2.470308788598575,10400,0.47632503509521484,,3.925398082167679e-06,837.1018140979995
2.472684085510689,10410,0.49241323471069337,,3.907803290226093e-06,837.842451126
2.4750593824228027,10420,0.47063274383544923,,3.890208498284508e-06,838.686811689
2.477434679334917,10430,0.4710819244384766,,3.8726137063429225e-06,839.4682720359997
2.4798099762470307,10440,0.5178050041198731,,3.855018914401337e-06,840.1860633360011
2.482185273159145,10450,0.46015100479125975,,3.8374241224597525e-06,841.0018183020002
2.4845605700712587,10460,0.45819869041442873,,3.819829330518167e-06,841.8629602540004
2.486935866983373,10470,0.5051538467407226,,3.802234538576582e-06,842.76458456
2.489311163895487,10480,0.46625547409057616,,3.7846397466349966e-06,843.5448728289994
2.491686460807601,10490,0.5087166786193847,,3.767044954693411e-06,844.4522406180004
2.494061757719715,10500,0.49030227661132814,,3.749450162751826e-06,845.3426218919994
2.496437054631829,10510,0.48097882270812986,,3.7318553708102407e-06,846.1713902989995
2.498812351543943,10520,0.46132726669311525,,3.7142605788686553e-06,846.994892222001
2.501187648456057,10530,0.5275300502777099,,3.69666578692707e-06,847.7263552370005
2.503562945368171,10540,0.48427910804748536,,3.679070994985485e-06,848.6025443710005
2.505938242280285,10550,0.49352130889892576,,3.6614762030438994e-06,849.3089589629999
2.508313539192399,10560,0.4595449447631836,,3.643881411102314e-06,850.1469975270011
2.510688836104513,10570,0.4918488025665283,,3.626286619160729e-06,850.9645362360006
2.513064133016627,10580,0.4902610778808594,,3.6086918272191435e-06,851.8050627680004
2.5154394299287413,10590,0.4668883323669434,,3.591097035277558e-06,852.4061748969998
2.517814726840855,10600,0.5110801696777344,,3.573502243335973e-06,853.2170965280002
2.520190023752969,10610,0.41750345230102537,,3.5559074513943876e-06,854.0242209179996
2.522565320665083,10620,0.4685170650482178,,3.538312659452802e-06,854.812153103001
2.5249406175771973,10630,0.47641720771789553,,3.5207178675112167e-06,855.5644627780002
2.527315914489311,10640,0.48836574554443357,,3.5031230755696317e-06,856.4001623180011
2.529691211401425,10650,0.46103429794311523,,3.4855282836280463e-06,857.196234428
2.532066508313539,10660,0.4509037971496582,,3.467933491686461e-06,858.0153483369995
2.5344418052256534,10670,0.43503241539001464,,3.450338699744876e-06,858.8731664330007
2.5368171021377672,10680,0.47945737838745117,,3.4327439078032904e-06,859.6038442379995
2.539192399049881,10690,0.5069527149200439,,3.415149115861705e-06,860.3829373339995
2.5415676959619953,10700,0.4930788516998291,,3.39755432392012e-06,861.2650202370005
2.5439429928741095,10710,0.4505007743835449,,3.3799595319785345e-06,862.108080162001
2.5463182897862233,10720,0.40835747718811033,,3.362364740036949e-06,863.0407368249998
2.548693586698337,10730,0.49989566802978513,,3.344769948095364e-06,863.8463096159994
2.5510688836104514,10740,0.5374570846557617,,3.3271751561537786e-06,864.679016864
2.553444180522565,10750,0.4621541976928711,,3.309580364212193e-06,865.4612793169999
2.5558194774346794,10760,0.4913066864013672,,3.2919855722706086e-06,866.2951536960009
2.558194774346793,10770,0.46319193840026857,,3.274390780329023e-06,867.1205107320002
2.5605700712589075,10780,0.5082989692687988,,3.2567959883874377e-06,867.9316054749997
2.5629453681710213,10790,0.4808213710784912,,3.2392011964458527e-06,868.6996312320007
2.5653206650831355,10800,0.49634833335876466,,3.2216064045042672e-06,869.5632824469994
2.5676959619952493,10810,0.47422332763671876,,3.204011612562682e-06,870.3273556790009
2.5700712589073635,10820,0.4792835235595703,,3.1864168206210968e-06,871.1184666219997
2.5724465558194773,10830,0.4785758018493652,,3.1688220286795113e-06,871.9239202850003
2.5748218527315916,10840,0.46480617523193357,,3.151227236737926e-06,872.6221824519998
2.5771971496437054,10850,0.5034807205200196,,3.1336324447963405e-06,873.4463595960005
2.5795724465558196,10860,0.4875476360321045,,3.1160376528547555e-06,874.2018528560002
2.5819477434679334,10870,0.47435684204101564,,3.09844286091317e-06,874.9770374590007
2.5843230403800472,10880,0.4736058712005615,,3.0808480689715846e-06,875.8470641650001
2.5866983372921615,10890,0.4546010971069336,,3.0632532770299996e-06,876.73738968
2.5890736342042757,10900,0.5010991573333741,,3.045658485088414e-06,877.5068434160003
2.5914489311163895,10910,0.4624021530151367,,3.0280636931468287e-06,878.2600730600007
2.5938242280285033,10920,0.4522822380065918,,3.0104689012052437e-06,879.0693147460006
2.5961995249406176,10930,0.46446704864501953,,2.9928741092636582e-06,879.8864851010003
2.598574821852732,10940,0.5295240402221679,,2.975279317322073e-06,880.6514061230009
2.6009501187648456,10950,0.4869800090789795,,2.9576845253804874e-06,881.5214716680002
2.6033254156769594,10960,0.4481341361999512,,2.9400897334389023e-06,882.3053097129996
2.6057007125890737,10970,0.4804497718811035,,2.922494941497317e-06,883.0645641330011
2.608076009501188,10980,0.49074268341064453,,2.9049001495557315e-06,883.8734968160006
2.6104513064133017,10990,0.3849153995513916,,2.8873053576141465e-06,884.7110510900002
2.6128266033254155,11000,0.4547863960266113,,2.869710565672561e-06,885.5064947480005
2.6152019002375297,11010,0.4320099353790283,,2.8521157737309756e-06,886.2403543620003
2.6175771971496435,11020,0.5172335147857666,,2.8345209817893906e-06,887.0958333380004
2.619952494061758,11030,0.4633759021759033,,2.816926189847805e-06,887.8823872360008
2.6223277909738716,11040,0.5169135093688965,,2.7993313979062197e-06,888.7583818330004
2.624703087885986,11050,0.46907873153686525,,2.7817366059646343e-06,889.5198977370001
2.6270783847980996,11060,0.5149470806121826,,2.7641418140230492e-06,890.4294989760001
2.629453681710214,11070,0.528519868850708,,2.746547022081464e-06,891.2625302369997
2.6318289786223277,11080,0.489741849899292,,2.728952230139879e-06,892.0385973869998
2.634204275534442,11090,0.4517951965332031,,2.7113574381982938e-06,892.8057702219994
2.6365795724465557,11100,0.3806952953338623,,2.6937626462567083e-06,893.6175986840008
2.63895486935867,11110,0.3948617458343506,,2.6761678543151233e-06,894.3487128819997
2.6413301662707838,11120,0.46507015228271487,,2.658573062373538e-06,895.1200035679994
2.643705463182898,11130,0.4707959175109863,,2.6409782704319524e-06,896.0169892850008
2.646080760095012,11140,0.46538519859313965,,2.6233834784903674e-06,896.8632400730003
2.648456057007126,11150,0.4668267250061035,,2.605788686548782e-06,897.6960949229997
2.65083135391924,11160,0.43909640312194825,,2.5881938946071966e-06,898.4659004980003
2.653206650831354,11170,0.48753652572631834,,2.570599102665611e-06,899.3086226280011
2.655581947743468,11180,0.48779973983764646,,2.553004310724026e-06,900.2200766309998
2.6579572446555817,11190,0.4778182029724121,,2.5354095187824407e-06,901.0457359650009
2.660332541567696,11200,0.49775309562683107,,2.5178147268408552e-06,901.8177975569997
2.66270783847981,11210,0.4612729549407959,,2.5002199348992702e-06,902.6413451019998
2.665083135391924,11220,0.49511232376098635,,2.4826251429576848e-06,903.5067037469998
2.667458432304038,11230,0.42559151649475097,,2.4650303510160993e-06,904.2717989080011
2.669833729216152,11240,0.4798276424407959,,2.4474355590745143e-06,905.1084816849998
2.6722090261282663,11250,0.477602481842041,,2.429840767132929e-06,905.9293427390003
2.67458432304038,11260,0.45378689765930175,,2.4122459751913434e-06,906.6977126910006
2.676959619952494,11270,0.46929612159729006,,2.394651183249758e-06,907.5081594370004
2.679334916864608,11280,0.48169918060302735,,2.377056391308173e-06,908.3915987029995
2.6817102137767224,11290,0.4510183811187744,,2.3594615993665876e-06,909.2715121679994
2.684085510688836,11300,0.4953946113586426,,2.341866807425002e-06,910.0885386099999
2.68646080760095,11310,0.4694714069366455,,2.324272015483417e-06,910.938164651001
2.688836104513064,11320,0.41962156295776365,,2.306677223541832e-06,911.6811594709998
2.691211401425178,11330,0.469517183303833,,2.2890824316002467e-06,912.4781010759998
2.6935866983372923,11340,0.4714965343475342,,2.2714876396586612e-06,913.2839583210007
2.695961995249406,11350,0.4570277690887451,,2.253892847717076e-06,914.0391464599998
2.6983372921615203,11360,0.48603525161743166,,2.2362980557754908e-06,914.8556554890001
2.700712589073634,11370,0.458264684677124,,2.2187032638339053e-06,915.7190250740005
2.7030878859857483,11380,0.5400521278381347,,2.20110847189232e-06,916.4792768700008
2.705463182897862,11390,0.43727788925170896,,2.183513679950735e-06,917.3262073589995
2.7078384798099764,11400,0.4292135238647461,,2.1659188880091494e-06,918.090320020001
2.71021377672209,11410,0.43983092308044436,,2.148324096067564e-06,918.8936838490008
2.7125890736342044,11420,0.4728842735290527,,2.130729304125979e-06,919.6314880419995
2.7149643705463182,11430,0.4837216854095459,,2.1131345121843935e-06,920.406509376
2.7173396674584325,11440,0.5089144706726074,,2.095539720242808e-06,921.2410418830004
2.7197149643705463,11450,0.5229102611541748,,2.077944928301223e-06,922.1180122919995
2.72209026128266,11460,0.46790423393249514,,2.0603501363596377e-06,922.9301254969996
2.7244655581947743,11470,0.45812554359436036,,2.0427553444180522e-06,923.7326618179995
2.7268408551068886,11480,0.4426753044128418,,2.025160552476467e-06,924.5276935349993
2.7292161520190024,11490,0.42892913818359374,,2.0075657605348818e-06,925.3186513090004
2.731591448931116,11500,0.5356077194213867,,1.9899709685932968e-06,926.1348859190002
2.7339667458432304,11510,0.48607234954833983,,1.9723761766517113e-06,926.8852211520007
2.7363420427553447,11520,0.5241394996643066,,1.954781384710126e-06,927.694548337
2.7387173396674585,11530,0.4298975467681885,,1.937186592768541e-06,928.5064654420003
2.7410926365795723,11540,0.45064353942871094,,1.9195918008269554e-06,929.2854809649998
2.7434679334916865,11550,0.44905500411987304,,1.90199700888537e-06,930.0019551410005
2.7458432304038007,11560,0.568046760559082,,1.8844022169437848e-06,930.8342145120005
2.7482185273159145,11570,0.4566323280334473,,1.8668074250021995e-06,931.642565260001
2.7505938242280283,11580,0.5094123840332031,,1.849212633060614e-06,932.3927678060008
2.7529691211401426,11590,0.4478447437286377,,1.8316178411190289e-06,933.1090307180002
2.7553444180522564,11600,0.4088435649871826,,1.8140230491774436e-06,933.9091726059996
2.7577197149643706,11610,0.46732382774353026,,1.7964282572358582e-06,934.7450644470009
2.7600950118764844,11620,0.5171837329864502,,1.778833465294273e-06,935.5251259710003
2.7624703087885987,11630,0.5038246154785156,,1.7612386733526875e-06,936.2952477800009
2.7648456057007125,11640,0.44779696464538576,,1.7436438814111025e-06,937.131238891001
2.7672209026128267,11650,0.5113917827606201,,1.7260490894695173e-06,937.8538398380006
2.7695961995249405,11660,0.4935162544250488,,1.7084542975279319e-06,938.7585174770011
2.7719714964370548,11670,0.45284647941589357,,1.6908595055863466e-06,939.6182106510005
2.7743467933491686,11680,0.46179723739624023,,1.6732647136447614e-06,940.4168119580008
2.776722090261283,11690,0.4579307079315186,,1.655669921703176e-06,941.2140260840006
2.7790973871733966,11700,0.4404667854309082,,1.6380751297615907e-06,942.0699130350004
2.781472684085511,11710,0.5334646224975585,,1.6204803378200053e-06,942.8692420219995
2.7838479809976246,11720,0.4695629119873047,,1.60288554587842e-06,943.6826677829995
2.7862232779097384,11730,0.4737880229949951,,1.5852907539368349e-06,944.5378218120004
2.7885985748218527,11740,0.49048576354980467,,1.5676959619952494e-06,945.3025424259995
2.790973871733967,11750,0.4698070526123047,,1.5501011700536642e-06,945.9695480120008
2.7933491686460807,11760,0.49943089485168457,,1.5325063781120788e-06,946.792046093
2.7957244655581945,11770,0.5260972023010254,,1.5149115861704935e-06,947.5898782719996
2.798099762470309,11780,0.4949804306030273,,1.4973167942289083e-06,948.3852357779997
2.800475059382423,11790,0.49007482528686525,,1.4797220022873233e-06,949.1783539410008
2.802850356294537,11800,0.4556605815887451,,1.4621272103457379e-06,950.0103012620002
2.8052256532066506,11810,0.4730635643005371,,1.4445324184041526e-06,950.8264212200011
2.807600950118765,11820,0.4610722064971924,,1.4269376264625672e-06,951.5567708590006
2.809976247030879,11830,0.5051653861999512,,1.409342834520982e-06,952.359573052001
2.812351543942993,11840,0.46526503562927246,,1.3917480425793967e-06,953.1337116590003
2.8147268408551067,11850,0.5082759857177734,,1.3741532506378113e-06,953.9142983410002
2.817102137767221,11860,0.49063568115234374,,1.356558458696226e-06,954.7493599709996
2.8194774346793348,11870,0.4175552845001221,,1.3389636667546406e-06,955.555849417
2.821852731591449,11880,0.5121266841888428,,1.3213688748130554e-06,956.3295737410008
2.824228028503563,11890,0.446637487411499,,1.3037740828714702e-06,957.0538265289997
2.826603325415677,11900,0.4652315616607666,,1.2861792909298847e-06,957.8938977920006
2.828978622327791,11910,0.46750578880310056,,1.2685844989882995e-06,958.7391021510011
2.831353919239905,11920,0.45642657279968263,,1.250989707046714e-06,959.5245003750006
2.833729216152019,11930,0.4580425262451172,,1.233394915105129e-06,960.3074406510004
2.836104513064133,11940,0.5182937622070313,,1.2158001231635436e-06,961.1812835820001
2.838479809976247,11950,0.5017165184020996,,1.1982053312219584e-06,962.063357717001
2.840855106888361,11960,0.44324026107788084,,1.1806105392803732e-06,962.8286352790001
2.843230403800475,11970,0.45741796493530273,,1.1630157473387877e-06,963.5763213560003
2.8456057007125892,11980,0.46944241523742675,,1.1454209553972025e-06,964.4144695670002
2.847980997624703,11990,0.4809535503387451,,1.1278261634556173e-06,965.2250721109995
2.850356294536817,12000,0.43033757209777834,,1.110231371514032e-06,965.9967333410004
2.852731591448931,12010,0.4429640293121338,,1.0926365795724466e-06,966.8025406310007
2.8551068883610453,12020,0.4780034065246582,,1.0750417876308614e-06,967.5986586660001
2.857482185273159,12030,0.49870100021362307,,1.057446995689276e-06,968.378472458
2.859857482185273,12040,0.4683804512023926,,1.0398522037476907e-06,969.1735894499998
2.862232779097387,12050,0.44668021202087405,,1.0222574118061055e-06,970.024169358001
2.8646080760095014,12060,0.46810259819030764,,1.00466261986452e-06,970.8178247329997
2.866983372921615,12070,0.44648051261901855,,9.87067827922935e-07,971.6353380500004
2.869358669833729,12080,0.4752081871032715,,9.694730359813496e-07,972.3974699080009
2.8717339667458432,12090,0.4846135139465332,,9.518782440397643e-07,973.2744206570005
2.8741092636579575,12100,0.4768726348876953,,9.342834520981791e-07,974.0689205100007
2.8764845605700713,12110,0.47127156257629393,,9.166886601565937e-07,974.8242627060008
2.878859857482185,12120,0.4460169792175293,,8.990938682150084e-07,975.635502950001
2.8812351543942993,12130,0.4294522762298584,,8.814990762734231e-07,976.4850444120002
2.883610451306413,12140,0.49084086418151857,,8.639042843318378e-07,977.2973662250006
2.8859857482185274,12150,0.4474456787109375,,8.463094923902526e-07,978.1110141780009
2.888361045130641,12160,0.4805749893188477,,8.287147004486673e-07,978.953632525001
2.8907363420427554,12170,0.45481081008911134,,8.11119908507082e-07,979.7879203360008
2.8931116389548692,12180,0.5471619606018067,,7.935251165654967e-07,980.609002561001
2.8954869358669835,12190,0.4324044227600098,,7.759303246239114e-07,981.4483084210005
2.8978622327790973,12200,0.48624529838562014,,7.583355326823261e-07,982.2760138120011
2.9002375296912115,12210,0.43291401863098145,,7.407407407407407e-07,983.0499827010008
2.9026128266033253,12220,0.5029233455657959,,7.231459487991555e-07,983.8423181590006
2.9049881235154396,12230,0.48116216659545896,,7.055511568575703e-07,984.6172274159999
2.9073634204275534,12240,0.4754667282104492,,6.879563649159849e-07,985.4472213539993
2.9097387173396676,12250,0.5017529487609863,,6.703615729743996e-07,986.2878424760002
2.9121140142517814,12260,0.4568477630615234,,6.527667810328144e-07,987.0496506079999
2.9144893111638956,12270,0.4387763023376465,,6.351719890912291e-07,987.7985286660005
2.9168646080760094,12280,0.4767768383026123,,6.175771971496437e-07,988.5890080360005
2.9192399049881237,12290,0.47048025131225585,,5.999824052080585e-07,989.3541704519994
2.9216152019002375,12300,0.4481546878814697,,5.823876132664732e-07,990.259156094
2.9239904988123513,12310,0.5016776084899902,,5.647928213248878e-07,991.0746662679994
2.9263657957244655,12320,0.4697260856628418,,5.471980293833026e-07,991.8738133380011
2.92874109263658,12330,0.47322607040405273,,5.296032374417173e-07,992.6441830550011
2.9311163895486936,12340,0.47568483352661134,,5.12008445500132e-07,993.4180098819998
2.9334916864608074,12350,0.49652876853942873,,4.944136535585467e-07,994.2390424120003
2.9358669833729216,12360,0.5449582099914551,,4.768188616169614e-07,994.99034613
2.938242280285036,12370,0.4834442138671875,,4.5922406967537616e-07,995.7993945790004
2.9406175771971497,12380,0.4316211700439453,,4.416292777337908e-07,996.5943274500005
2.9429928741092635,12390,0.45200681686401367,,4.2403448579220555e-07,997.4040450800003
2.9453681710213777,12400,0.46565847396850585,,4.064396938506202e-07,998.1162681759997
2.947743467933492,12410,0.4079463481903076,,3.88844901909035e-07,998.9151372979995
2.9501187648456058,12420,0.5136888980865478,,3.7125010996744966e-07,999.7403571390005
2.9524940617577196,12430,0.4085404872894287,,3.536553180258644e-07,1000.5020648259997
2.954869358669834,12440,0.42980308532714845,,3.3606052608427905e-07,1001.3781422850006
2.9572446555819476,12450,0.44118423461914064,,3.184657341426938e-07,1002.2132251670009
2.959619952494062,12460,0.4847694396972656,,3.008709422011085e-07,1003.0690017870002
2.9619952494061756,12470,0.4392059326171875,,2.832761502595232e-07,1003.8038317350001
2.96437054631829,12480,0.437745189666748,,2.6568135831793793e-07,1004.5464875390007
2.9667458432304037,12490,0.44274106025695803,,2.480865663763526e-07,1005.3160564179998
2.969121140142518,12500,0.4864778518676758,,2.3049177443476735e-07,1006.1587867060007
2.9714964370546317,12510,0.48807435035705565,,2.1289698249318201e-07,1007.0047970110008
2.973871733966746,12520,0.4506021499633789,,1.9530219055159676e-07,1007.7589841940007
2.97624703087886,12530,0.49493794441223143,,1.7770739861001143e-07,1008.5828794990011
2.978622327790974,12540,0.4589983463287354,,1.6011260666842618e-07,1009.4140148309998
2.980997624703088,12550,0.4929847717285156,,1.4251781472684087e-07,1010.2191555259997
2.983372921615202,12560,0.43911895751953123,,1.249230227852556e-07,1011.0022757019997
2.985748218527316,12570,0.43946084976196287,,1.0732823084367029e-07,1011.8461683770001
2.9881235154394297,12580,0.48607521057128905,,8.9733438902085e-08,1012.6203049680007
2.990498812351544,12590,0.45131587982177734,,7.213864696049969e-08,1013.3459709110011
2.992874109263658,12600,0.4756014347076416,,5.45438550189144e-08,1014.0526807139995
2.995249406175772,12610,0.4365588665008545,,3.694906307732912e-08,1014.856570539001
2.9976247030878858,12620,0.4784980297088623,,1.9354271135743822e-08,1015.6580362269997
3.0,12630,0.4272151947021484,,1.7594791941585293e-09,1016.4501566800009
3.0,12630,,0.4406462013721466,,1018.8734111819995
3.0,12630,,,,1019.435548155001
