epoch,step,loss,eval_loss,learning_rate,elapsed_seconds
0.0023752969121140144,10,1.900886344909668,,1.4251781472684087e-07,1.2460556819996782
0.004750593824228029,20,1.8952558517456055,,3.008709422011085e-07,2.0151194219997706
0.007125890736342043,30,1.8930734634399413,,4.5922406967537616e-07,2.853125306000038
0.009501187648456057,40,1.9115030288696289,,6.175771971496437e-07,3.622122056999615
0.011876484560570071,50,1.9231374740600586,,7.759303246239114e-07,4.3258430259993474
0.014251781472684086,60,1.9131397247314452,,9.342834520981791e-07,5.108297291999406
0.0166270783847981,70,1.9156497955322265,,1.0926365795724466e-06,5.8942965729993375
0.019002375296912115,80,1.8800167083740233,,1.250989707046714e-06,6.718641998999374
0.021377672209026127,90,1.9148794174194337,,1.409342834520982e-06,7.637596934999237
0.023752969121140142,100,1.8799613952636718,,1.5676959619952494e-06,8.477171446999819
0.026128266033254157,110,1.8519123077392579,,1.7260490894695173e-06,9.214731729999585
0.028503562945368172,120,1.8501455307006835,,1.8844022169437848e-06,10.023752498999784
0.030878859857482184,130,1.9224355697631836,,2.0427553444180522e-06,10.854884522999782
0.0332541567695962,140,1.9062980651855468,,2.20110847189232e-06,11.580409642999257
0.035629453681710214,150,1.9175531387329101,,2.3594615993665876e-06,12.34461207000004
0.03800475059382423,160,1.9096515655517579,,2.5178147268408552e-06,13.21284481099974
0.040380047505938245,170,1.8741491317749024,,2.6761678543151233e-06,14.014265809999415
0.04275534441805225,180,1.902325439453125,,2.8345209817893906e-06,14.870208600999831
0.04513064133016627,190,1.877882957458496,,2.9928741092636582e-06,15.632483082999897
0.047505938242280284,200,1.8865449905395508,,3.151227236737926e-06,16.4119886389999
0.0498812351543943,210,1.8790143966674804,,3.309580364212193e-06,17.212943946999985
0.052256532066508314,220,1.874471092224121,,3.467933491686461e-06,17.949837256999672
0.05463182897862233,230,1.8503656387329102,,3.626286619160729e-06,18.762057750999702
0.057007125890736345,240,1.8980903625488281,,3.7846397466349966e-06,19.668466083999192
0.05938242280285035,250,1.8850330352783202,,3.942992874109263e-06,20.426052412999525
0.06175771971496437,260,1.8848482131958009,,4.1013460015835315e-06,21.18898295100007
0.06413301662707839,270,1.8689325332641602,,4.2596991290578e-06,22.079286931999377
0.0665083135391924,280,1.8889760971069336,,4.418052256532067e-06,22.905435562000093
0.0688836104513064,290,1.8720699310302735,,4.576405384006334e-06,23.70823566799936
0.07125890736342043,300,1.8713125228881835,,4.734758511480602e-06,24.509188471000016
0.07363420427553444,310,1.8602260589599608,,4.89311163895487e-06,25.302206184999704
0.07600950118764846,320,1.857419204711914,,5.0514647664291375e-06,26.14146733799953
0.07838479809976247,330,1.8695075988769532,,5.209817893903405e-06,26.96687988099984
0.08076009501187649,340,1.8410123825073241,,5.368171021377673e-06,27.693334502999278
0.0831353919239905,350,1.8637195587158204,,5.526524148851941e-06,28.548779136999656
0.0855106888361045,360,1.8483383178710937,,5.684877276326208e-06,29.360319234999224
0.08788598574821853,370,1.8577022552490234,,5.843230403800475e-06,30.222801672999594
0.09026128266033254,380,1.861269760131836,,6.001583531274743e-06,30.984717559999808
0.09263657957244656,390,1.8211050033569336,,6.159936658749011e-06,31.81857915299952
0.09501187648456057,400,1.8494222640991211,,6.318289786223278e-06,32.63976441199975
0.09738717339667459,410,1.8545059204101562,,6.476642913697546e-06,33.39262863299973
0.0997624703087886,420,1.8063934326171875,,6.634996041171814e-06,34.20521777899921
0.1021377672209026,430,1.8171499252319336,,6.7933491686460815e-06,34.98339120499986
0.10451306413301663,440,1.8394184112548828,,6.951702296120349e-06,35.78540946399971
0.10688836104513064,450,1.808981704711914,,7.110055423594616e-06,36.61866819499937
0.10926365795724466,460,1.8198909759521484,,7.268408551068884e-06,37.486430582999674
0.11163895486935867,470,1.8349716186523437,,7.426761678543152e-06,38.286871886999506
0.11401425178147269,480,1.812449073791504,,7.585114806017419e-06,39.05837086199972
0.1163895486935867,490,1.789903450012207,,7.743467933491687e-06,39.87263269899995
0.1187648456057007,500,1.8120141983032227,,7.901821060965956e-06,40.6879228709995
0.12114014251781473,510,1.7960372924804688,,8.060174188440221e-06,41.542976218999684
0.12351543942992874,520,1.7934505462646484,,8.21852731591449e-06,42.414683530999355
0.12589073634204276,530,1.7843158721923829,,8.376880443388757e-06,43.17155922499933
0.12826603325415678,540,1.811071014404297,,8.535233570863025e-06,43.952586408999196
0.13064133016627077,550,1.7978858947753906,,8.693586698337293e-06,44.73471268100002
0.1330166270783848,560,1.8020828247070313,,8.85193982581156e-06,45.536638642999606
0.13539192399049882,570,1.7924474716186523,,9.010292953285828e-06,46.335919581999406
0.1377672209026128,580,1.787559700012207,,9.168646080760095e-06,47.21190762099923
0.14014251781472684,590,1.7664024353027343,,9.326999208234362e-06,48.003915968
0.14251781472684086,600,1.775263786315918,,9.485352335708631e-06,48.858258139999634
0.14489311163895488,610,1.7782489776611328,,9.643705463182899e-06,49.78531796099924
0.14726840855106887,620,1.7688285827636718,,9.802058590657166e-06,50.56532267199964
0.1496437054631829,630,1.766464614868164,,9.960411718131435e-06,51.46131643299941
0.15201900237529692,640,1.7459657669067383,,1.0118764845605702e-05,52.2709797109992
0.1543942992874109,650,1.7355844497680664,,1.027711797307997e-05,53.07848835000004
0.15676959619952494,660,1.756606101989746,,1.0435471100554238e-05,53.779815183999744
0.15914489311163896,670,1.7387794494628905,,1.0593824228028504e-05,54.594907687999694
0.16152019002375298,680,1.7234031677246093,,1.0752177355502773e-05,55.31112394399952
0.16389548693586697,690,1.7142799377441407,,1.091053048297704e-05,56.122617355999864
0.166270783847981,700,1.708785057067871,,1.1068883610451307e-05,56.93317556300008
0.16864608076009502,710,1.7145046234130858,,1.1227236737925575e-05,57.68864307199965
0.171021377672209,720,1.7028741836547852,,1.1385589865399842e-05,58.431077476999235
0.17339667458432304,730,1.694844627380371,,1.154394299287411e-05,59.250249572999564
0.17577197149643706,740,1.6754915237426757,,1.1702296120348378e-05,60.18874847400002
0.17814726840855108,750,1.6744867324829102,,1.1860649247822647e-05,60.987152310000056
0.18052256532066507,760,1.6648862838745118,,1.2019002375296912e-05,61.80861707999975
0.1828978622327791,770,1.66678466796875,,1.217735550277118e-05,62.592514698999366
0.18527315914489312,780,1.6454442977905273,,1.2335708630245449e-05,63.450600672999826
0.1876484560570071,790,1.6455947875976562,,1.2494061757719716e-05,64.27622984399932
0.19002375296912113,800,1.648244285583496,,1.2652414885193985e-05,65.04946013399967
0.19239904988123516,810,1.6247062683105469,,1.281076801266825e-05,65.84292455099967
0.19477434679334918,820,1.6269155502319337,,1.296912114014252e-05,66.6659107839996
0.19714964370546317,830,1.6114864349365234,,1.3127474267616787e-05,67.43815955799982
0.1995249406175772,840,1.6075359344482423,,1.3285827395091054e-05,68.3846015449999
0.20190023752969122,850,1.6055992126464844,,1.3444180522565323e-05,69.13511869400008
0.2042755344418052,860,1.583277702331543,,1.3602533650039588e-05,70.03071728499981
0.20665083135391923,870,1.5828426361083985,,1.3760886777513857e-05,70.87498980700002
0.20902612826603326,880,1.5827611923217773,,1.3919239904988124e-05,71.62487064600009
0.21140142517814728,890,1.556960391998291,,1.4077593032462393e-05,72.4896347089998
0.21377672209026127,900,1.5619635581970215,,1.423594615993666e-05,73.27064079399952
0.2161520190023753,910,1.5593746185302735,,1.4394299287410926e-05,74.07247153599928
0.21852731591448932,920,1.512640380859375,,1.4552652414885195e-05,74.92192791599973
0.2209026128266033,930,1.5316580772399901,,1.4711005542359462e-05,75.64460358399992
0.22327790973871733,940,1.5006101608276368,,1.4869358669833731e-05,76.41370468700006
0.22565320665083136,950,1.5045876502990723,,1.5027711797307999e-05,77.32344688099965
0.22802850356294538,960,1.4711913108825683,,1.5186064924782268e-05,78.08872518099997
0.23040380047505937,970,1.479293441772461,,1.5344418052256533e-05,78.84797173700008
0.2327790973871734,980,1.4740315437316895,,1.55027711797308e-05,79.63123267099945
0.23515439429928742,990,1.4621204376220702,,1.5661124307205068e-05,80.41291867699965
0.2375296912114014,1000,1.416424560546875,,1.5819477434679335e-05,81.22373568300009
0.23990498812351543,1010,1.4405794143676758,,1.5977830562153605e-05,82.03873619299975
0.24228028503562946,1020,1.4259831428527832,,1.6136183689627873e-05,82.87969352499931
0.24465558194774348,1030,1.4106012344360352,,1.629453681710214e-05,83.66925362999973
0.24703087885985747,1040,1.4110071182250976,,1.6452889944576407e-05,84.49757387199952
0.2494061757719715,1050,1.396674633026123,,1.6611243072050674e-05,85.34336220899968
0.2517814726840855,1060,1.362332820892334,,1.676959619952494e-05,86.12645948099998
0.25415676959619954,1070,1.3363963127136231,,1.692794932699921e-05,86.89584335699965
0.25653206650831356,1080,1.3386441230773927,,1.708630245447348e-05,87.67905693800003
0.2589073634204275,1090,1.334517765045166,,1.7244655581947743e-05,88.42551952599933
0.26128266033254155,1100,1.2998647689819336,,1.7403008709422014e-05,89.21481148599923
0.26365795724465557,1110,1.28454532623291,,1.756136183689628e-05,89.98378760499963
0.2660332541567696,1120,1.2606914520263672,,1.7719714964370545e-05,90.78847208499974
0.2684085510688836,1130,1.2390066146850587,,1.7878068091844816e-05,91.69207518499934
0.27078384798099764,1140,1.235098648071289,,1.8036421219319083e-05,92.44598614799997
0.27315914489311166,1150,1.2294034957885742,,1.819477434679335e-05,93.24860315599926
0.2755344418052256,1160,1.2196187019348144,,1.8353127474267618e-05,94.0656769569996
0.27790973871733965,1170,1.1926549911499023,,1.8511480601741888e-05,94.78526829699967
0.28028503562945367,1180,1.1957361221313476,,1.8669833729216152e-05,95.50748261699937
0.2826603325415677,1190,1.1640220642089845,,1.882818685669042e-05,96.25797391699962
0.2850356294536817,1200,1.1406970977783204,,1.898653998416469e-05,97.12136001999988
0.28741092636579574,1210,1.118560791015625,,1.9144893111638957e-05,97.85781485200005
0.28978622327790976,1220,1.1161104202270509,,1.9303246239113224e-05,98.59416540699931
0.2921615201900237,1230,1.102336311340332,,1.946159936658749e-05,99.44033524099996
0.29453681710213775,1240,1.0643095016479491,,1.961995249406176e-05,100.21956247899925
0.29691211401425177,1250,1.0411970138549804,,1.9778305621536026e-05,101.00351248799961
0.2992874109263658,1260,1.0238701820373535,,1.9936658749010293e-05,101.85994402300003
0.3016627078384798,1270,1.0113194465637207,,1.998944312483505e-05,102.62829939199946
0.30403800475059384,1280,0.9888096809387207,,1.9971848332893464e-05,103.47008177799944
0.30641330166270786,1290,0.9873801231384277,,1.995425354095188e-05,104.24023875199964
0.3087885985748218,1300,0.9529216766357422,,1.9936658749010293e-05,105.05902668699946
0.31116389548693585,1310,0.9334434509277344,,1.991906395706871e-05,105.84388407400002
0.31353919239904987,1320,0.9141133308410645,,1.9901469165127123e-05,106.68930858699969
0.3159144893111639,1330,0.8887578010559082,,1.988387437318554e-05,107.54758400999981
0.3182897862232779,1340,0.8797338485717774,,1.986627958124395e-05,108.32154601699949
0.32066508313539194,1350,0.8438700675964356,,1.9848684789302368e-05,109.17961176299923
0.32304038004750596,1360,0.8138952255249023,,1.983108999736078e-05,109.95888783499959
0.3254156769596199,1370,0.797418212890625,,1.9813495205419197e-05,110.83399630799977
0.32779097387173395,1380,0.7756346702575684,,1.979590041347761e-05,111.62421701599942
0.33016627078384797,1390,0.7312717437744141,,1.9778305621536026e-05,112.39235098099925
0.332541567695962,1400,0.728607177734375,,1.9760710829594442e-05,113.17576507099966
0.334916864608076,1410,0.7289843559265137,,1.9743116037652855e-05,113.94862327299961
0.33729216152019004,1420,0.7013291358947754,,1.972552124571127e-05,114.68916681799965
0.33966745843230406,1430,0.6878384113311767,,1.9707926453769684e-05,115.47322931599956
0.342042755344418,1440,0.6739751815795898,,1.96903316618281e-05,116.19709793099992
0.34441805225653205,1450,0.6871385097503662,,1.9672736869886514e-05,116.9470628629997
0.34679334916864607,1460,0.6759829998016358,,1.965514207794493e-05,117.78408656899956
0.3491686460807601,1470,0.6909935951232911,,1.9637547286003346e-05,118.58838086199921
0.3515439429928741,1480,0.6888154983520508,,1.961995249406176e-05,119.41584119699928
0.35391923990498814,1490,0.6760522842407226,,1.9602357702120175e-05,120.22576082699925
0.35629453681710216,1500,0.6710713863372803,,1.9584762910178588e-05,120.979404445
0.3586698337292161,1510,0.6608283042907714,,1.9567168118237004e-05,121.70676866599933
0.36104513064133015,1520,0.6713419437408448,,1.954957332629542e-05,122.49527354499969
0.36342042755344417,1530,0.6936815738677978,,1.9531978534353833e-05,123.19286390399975
0.3657957244655582,1540,0.6733003616333008,,1.951438374241225e-05,123.98535302299933
0.3681710213776722,1550,0.676289701461792,,1.9496788950470663e-05,124.79465697899923
0.37054631828978624,1560,0.6692322731018067,,1.947919415852908e-05,125.57235317499999
0.37292161520190026,1570,0.6914342880249024,,1.946159936658749e-05,126.41318839299947
0.3752969121140142,1580,0.6754842758178711,,1.9444004574645908e-05,127.20102204699924
0.37767220902612825,1590,0.6809017181396484,,1.942640978270432e-05,128.04273715899944
0.38004750593824227,1600,0.6720747947692871,,1.9408814990762737e-05,128.78214136099996
0.3824228028503563,1610,0.6836697101593018,,1.939122019882115e-05,129.5701384969998
0.3847980997624703,1620,0.6625978946685791,,1.9373625406879566e-05,130.36067264699977
0.38717339667458434,1630,0.6799346446990967,,1.935603061493798e-05,131.1076891419998
0.38954869358669836,1640,0.6561570167541504,,1.9338435822996395e-05,131.97482788499929
0.3919239904988123,1650,0.7038782119750977,,1.9320841031054808e-05,132.78789628199956
0.39429928741092635,1660,0.683098840713501,,1.9303246239113224e-05,133.53861809699993
0.39667458432304037,1670,0.6913529396057129,,1.9285651447171637e-05,134.42822266099938
0.3990498812351544,1680,0.6825537204742431,,1.9268056655230054e-05,135.29318986699946
0.4014251781472684,1690,0.6689220905303955,,1.9250461863288466e-05,136.1240770459999
0.40380047505938244,1700,0.6830211639404297,,1.9232867071346883e-05,136.97355504499956
0.40617577197149646,1710,0.6686546802520752,,1.9215272279405296e-05,137.80238889799966
0.4085510688836104,1720,0.6728990077972412,,1.9197677487463712e-05,138.66914578199976
0.41092636579572445,1730,0.6736502170562744,,1.9180082695522128e-05,139.4619317049992
0.41330166270783847,1740,0.6648196220397949,,1.916248790358054e-05,140.3372907109997
0.4156769596199525,1750,0.6743725776672364,,1.9144893111638957e-05,141.17549847499959
0.4180522565320665,1760,0.6833856105804443,,1.912729831969737e-05,141.96974261600008
0.42042755344418054,1770,0.6876997947692871,,1.9109703527755786e-05,142.90733110399924
0.42280285035629456,1780,0.6758951663970947,,1.9092108735814203e-05,143.81673531399974
0.4251781472684085,1790,0.6619689464569092,,1.9074513943872615e-05,144.58379335999962
0.42755344418052255,1800,0.696596336364746,,1.905691915193103e-05,145.37308935700003
0.42992874109263657,1810,0.6752810001373291,,1.9039324359989445e-05,146.09100550699986
0.4323040380047506,1820,0.6787773609161377,,1.902172956804786e-05,146.90340183699936
0.4346793349168646,1830,0.6833001613616944,,1.9004134776106274e-05,147.70428980399993
0.43705463182897863,1840,0.6842321395874024,,1.898653998416469e-05,148.5019886529999
0.43942992874109266,1850,0.6670076847076416,,1.8968945192223103e-05,149.38383553999938
0.4418052256532066,1860,0.6810760021209716,,1.895135040028152e-05,150.22494784399987
0.44418052256532065,1870,0.671994972229004,,1.8933755608339932e-05,151.02414446300008
0.44655581947743467,1880,0.6730674743652344,,1.8916160816398348e-05,151.81272929499937
0.4489311163895487,1890,0.6718327045440674,,1.889856602445676e-05,152.7394566719995
0.4513064133016627,1900,0.6734638690948487,,1.8880971232515177e-05,153.56504163499994
0.45368171021377673,1910,0.6778438091278076,,1.886337644057359e-05,154.37857653899937
0.45605700712589076,1920,0.6836200714111328,,1.8845781648632006e-05,155.1252032329994
0.4584323040380047,1930,0.6743008613586425,,1.882818685669042e-05,155.96578488499927
0.46080760095011875,1940,0.6918015480041504,,1.8810592064748836e-05,156.7575567999993
0.46318289786223277,1950,0.6815716743469238,,1.879299727280725e-05,157.544204713
0.4655581947743468,1960,0.6505498886108398,,1.8775402480865665e-05,158.41665402199942
0.4679334916864608,1970,0.6969874382019043,,1.8757807688924078e-05,159.245246898
0.47030878859857483,1980,0.6643182754516601,,1.8740212896982494e-05,160.01533834599923
0.47268408551068886,1990,0.6598572254180908,,1.872261810504091e-05,160.83468384499974
0.4750593824228028,2000,0.690940523147583,,1.8705023313099323e-05,161.6473349629996
0.47743467933491684,2010,0.671544361114502,,1.868742852115774e-05,162.48221062499942
0.47980997624703087,2020,0.6772769927978516,,1.8669833729216152e-05,163.29421179699966
0.4821852731591449,2030,0.6751685619354248,,1.8652238937274568e-05,164.06552419999935
0.4845605700712589,2040,0.6636641502380372,,1.8634644145332985e-05,164.84121169599985
0.48693586698337293,2050,0.6875539779663086,,1.8617049353391397e-05,165.65609273999962
0.48931116389548696,2060,0.6892250537872314,,1.8599454561449814e-05,166.45526603799954
0.4916864608076009,2070,0.6602946281433105,,1.8581859769508227e-05,167.36749614699966
0.49406175771971494,2080,0.6678882598876953,,1.8564264977566643e-05,168.1705329689994
0.49643705463182897,2090,0.7058305740356445,,1.854667018562506e-05,169.06516834800004
0.498812351543943,2100,0.6664451122283935,,1.8529075393683472e-05,169.84845122799925
0.501187648456057,2110,0.6724808692932129,,1.8511480601741888e-05,170.64999529299985
0.503562945368171,2120,0.7004220008850097,,1.84938858098003e-05,171.44599194900002
0.505938242280285,2130,0.6703046321868896,,1.8476291017858717e-05,172.36854204499923
0.5083135391923991,2140,0.6848840236663818,,1.845869622591713e-05,173.21831495900005
0.5106888361045131,2150,0.6575828552246094,,1.8441101433975546e-05,174.05647769000007
0.5130641330166271,2160,0.7034132957458497,,1.842350664203396e-05,174.92754470099953
0.5154394299287411,2170,0.6656134605407715,,1.8405911850092376e-05,175.74606428700008
0.517814726840855,2180,0.69847731590271,,1.838831705815079e-05,176.57440778899945
0.5201900237529691,2190,0.6910618782043457,,1.8370722266209205e-05,177.37046589799957
0.5225653206650831,2200,0.6736227035522461,,1.8353127474267618e-05,178.1286631489993
0.5249406175771971,2210,0.6730931758880615,,1.8335532682326034e-05,178.95117742399998
0.5273159144893111,2220,0.664752197265625,,1.8317937890384447e-05,179.81876146800005
0.5296912114014252,2230,0.6818629264831543,,1.8300343098442863e-05,180.6302067939996
0.5320665083135392,2240,0.6514577388763427,,1.8282748306501276e-05,181.45384027399996
0.5344418052256532,2250,0.6614786148071289,,1.8265153514559692e-05,182.3367843399992
0.5368171021377672,2260,0.6596547126770019,,1.8247558722618105e-05,183.07570541399946
0.5391923990498813,2270,0.6750732421875,,1.822996393067652e-05,183.84612274899973
0.5415676959619953,2280,0.652152156829834,,1.8212369138734934e-05,184.65312569099933
0.5439429928741093,2290,0.6872560024261475,,1.819477434679335e-05,185.4242195709994
0.5463182897862233,2300,0.6629393577575684,,1.8177179554851767e-05,186.21894532699935
0.5486935866983373,2310,0.6571094036102295,,1.815958476291018e-05,186.99521444999937
0.5510688836104513,2320,0.670826530456543,,1.8141989970968596e-05,187.82238197900006
0.5534441805225653,2330,0.66958646774292,,1.812439517902701e-05,188.65965852999943
0.5558194774346793,2340,0.6728396892547608,,1.8106800387085425e-05,189.41408358599983
0.5581947743467933,2350,0.6682752132415771,,1.808920559514384e-05,190.2609128159993
0.5605700712589073,2360,0.6713331699371338,,1.8071610803202254e-05,191.08954941399952
0.5629453681710214,2370,0.6876511096954345,,1.805401601126067e-05,191.90668896399984
0.5653206650831354,2380,0.6757282257080078,,1.8036421219319083e-05,192.75412760499967
0.5676959619952494,2390,0.6634990215301514,,1.80188264273775e-05,193.49128037899936
0.5700712589073634,2400,0.6528728008270264,,1.8001231635435912e-05,194.2769359619997
0.5724465558194775,2410,0.6594499588012696,,1.798363684349433e-05,195.1454008009996
0.5748218527315915,2420,0.6661211013793945,,1.796604205155274e-05,195.93962765600008
0.5771971496437055,2430,0.6858506679534913,,1.7948447259611158e-05,196.67676937899978
0.5795724465558195,2440,0.651689100265503,,1.793085246766957e-05,197.56051863499943
0.5819477434679335,2450,0.666617488861084,,1.7913257675727987e-05,198.29867024099985
0.5843230403800475,2460,0.6560853481292724,,1.78956628837864e-05,199.1322947919998
0.5866983372921615,2470,0.668285608291626,,1.7878068091844816e-05,199.85061866699925
0.5890736342042755,2480,0.6567487716674805,,1.786047329990323e-05,200.65185070699954
0.5914489311163895,2490,0.6666773319244385,,1.7842878507961645e-05,201.39561327399952
0.5938242280285035,2500,0.6296456813812256,,1.7825283716020058e-05,202.07447200999923
0.5961995249406176,2510,0.6927955627441407,,1.7807688924078474e-05,202.91323681799986
0.5985748218527316,2520,0.6732401847839355,,1.7790094132136887e-05,203.70060294799987
0.6009501187648456,2530,0.6705735206604004,,1.7772499340195303e-05,204.49773738099975
0.6033254156769596,2540,0.6650652408599853,,1.7754904548253716e-05,205.37657145499998
0.6057007125890737,2550,0.6936503887176514,,1.7737309756312132e-05,206.2337618929996
0.6080760095011877,2560,0.6673904895782471,,1.7719714964370545e-05,206.9899630229993
0.6104513064133017,2570,0.6779678344726563,,1.770212017242896e-05,207.79043768999964
0.6128266033254157,2580,0.654341745376587,,1.7684525380487378e-05,208.5407095719993
0.6152019002375297,2590,0.6805220127105713,,1.766693058854579e-05,209.32821070199952
0.6175771971496437,2600,0.6769148349761963,,1.7649335796604207e-05,210.12369827099974
0.6199524940617577,2610,0.6816701889038086,,1.7631741004662623e-05,210.89162063999993
0.6223277909738717,2620,0.6536828517913819,,1.7614146212721036e-05,211.73311912499958
0.6247030878859857,2630,0.6904222011566162,,1.7596551420779452e-05,212.53361627499999
0.6270783847980997,2640,0.6565651416778564,,1.7578956628837865e-05,213.22899156399944
0.6294536817102138,2650,0.6674182415008545,,1.756136183689628e-05,214.06267288899926
0.6318289786223278,2660,0.6680995464324951,,1.7543767044954694e-05,214.8475740569993
0.6342042755344418,2670,0.6734572410583496,,1.752617225301311e-05,215.70321023799988
0.6365795724465558,2680,0.6654740333557129,,1.7508577461071527e-05,216.6037539229992
0.6389548693586699,2690,0.6692306995391846,,1.749098266912994e-05,217.4971698899999
0.6413301662707839,2700,0.6644212245941162,,1.7473387877188356e-05,218.27748424199945
0.6437054631828979,2710,0.6617405414581299,,1.745579308524677e-05,219.07804313699944
0.6460807600950119,2720,0.6564274311065674,,1.7438198293305185e-05,219.88050486999964
0.6484560570071259,2730,0.6787440299987793,,1.7420603501363598e-05,220.66388307799934
0.6508313539192399,2740,0.6653672695159912,,1.7403008709422014e-05,221.42115236999962
0.6532066508313539,2750,0.6703207492828369,,1.7385413917480427e-05,222.22086476599998
0.6555819477434679,2760,0.672123384475708,,1.7367819125538843e-05,223.05873492299997
0.6579572446555819,2770,0.6652214527130127,,1.7350224333597256e-05,223.94574653699965
0.6603325415676959,2780,0.6681764125823975,,1.7332629541655672e-05,224.84011178199944
0.66270783847981,2790,0.6618838310241699,,1.7315034749714085e-05,225.6278731929997
0.665083135391924,2800,0.6407678604125977,,1.72974399577725e-05,226.50495547899936
0.667458432304038,2810,0.6507039070129395,,1.7279845165830914e-05,227.30644937799934
0.669833729216152,2820,0.6712680339813233,,1.726225037388933e-05,228.13257054599944
0.672209026128266,2830,0.6535380840301513,,1.7244655581947743e-05,228.837033582
0.6745843230403801,2840,0.6787325859069824,,1.722706079000616e-05,229.66418706199966
0.6769596199524941,2850,0.6908134937286377,,1.7209465998064573e-05,230.47204056200007
0.6793349168646081,2860,0.6659232139587402,,1.719187120612299e-05,231.47002218499983
0.6817102137767221,2870,0.6695426940917969,,1.71742764141814e-05,232.19724884299922
0.684085510688836,2880,0.6709890365600586,,1.7156681622239818e-05,233.0623974149994
0.6864608076009501,2890,0.6671200752258301,,1.7139086830298234e-05,233.96220025799994
0.6888361045130641,2900,0.6512577533721924,,1.7121492038356647e-05,234.79488277699966
0.6912114014251781,2910,0.653620433807373,,1.7103897246415063e-05,235.5297402389997
0.6935866983372921,2920,0.6844946384429932,,1.708630245447348e-05,236.236825856
0.6959619952494062,2930,0.6598681926727294,,1.7068707662531892e-05,237.1258765419998
0.6983372921615202,2940,0.6860088348388672,,1.705111287059031e-05,237.84540213699984
0.7007125890736342,2950,0.6790059566497803,,1.703351807864872e-05,238.68709676699928
0.7030878859857482,2960,0.6643343925476074,,1.7015923286707138e-05,239.5647847479995
0.7054631828978623,2970,0.6561729431152343,,1.699832849476555e-05,240.3569213289993
0.7078384798099763,2980,0.6546988010406494,,1.6980733702823967e-05,241.2455931759996
0.7102137767220903,2990,0.6821221351623535,,1.696313891088238e-05,242.12927754599968
0.7125890736342043,3000,0.6707959651947022,,1.6945544118940796e-05,242.93411490399922
0.7149643705463183,3010,0.6550602436065673,,1.692794932699921e-05,243.74596311299956
0.7173396674584323,3020,0.6552131652832032,,1.6910354535057625e-05,244.54254016199957
0.7197149643705463,3030,0.6632881164550781,,1.6892759743116038e-05,245.3014564289997
0.7220902612826603,3040,0.6835833549499511,,1.6875164951174454e-05,246.16031706400008
0.7244655581947743,3050,0.6558254718780517,,1.6857570159232867e-05,246.91770288499993
0.7268408551068883,3060,0.6645243644714356,,1.6839975367291283e-05,247.71499584699995
0.7292161520190024,3070,0.6563622951507568,,1.6822380575349696e-05,248.4371547719993
0.7315914489311164,3080,0.659939956665039,,1.6804785783408113e-05,249.17229526999927
0.7339667458432304,3090,0.6628294467926026,,1.6787190991466525e-05,249.996779995
0.7363420427553444,3100,0.6666979789733887,,1.676959619952494e-05,250.81907886499994
0.7387173396674585,3110,0.6757411479949951,,1.6752001407583355e-05,251.58854341400001
0.7410926365795725,3120,0.6660077095031738,,1.673440661564177e-05,252.37088806799966
0.7434679334916865,3130,0.6754060745239258,,1.6716811823700184e-05,253.14554311099982
0.7458432304038005,3140,0.6420209884643555,,1.66992170317586e-05,253.92229861099986
0.7482185273159145,3150,0.6536126136779785,,1.6681622239817016e-05,254.7618839249999
0.7505938242280285,3160,0.6767539501190185,,1.666402744787543e-05,255.6453825059998
0.7529691211401425,3170,0.6536039352416992,,1.6646432655933845e-05,256.39326011399953
0.7553444180522565,3180,0.6956706047058105,,1.6628837863992258e-05,257.22406665699964
0.7577197149643705,3190,0.6595214366912842,,1.6611243072050674e-05,258.0456055879995
0.7600950118764845,3200,0.6559858322143555,,1.659364828010909e-05,258.83859543199924
0.7624703087885986,3210,0.6787109851837159,,1.6576053488167504e-05,259.5876067829995
0.7648456057007126,3220,0.6724405288696289,,1.655845869622592e-05,260.3223556189996
0.7672209026128266,3230,0.6495295524597168,,1.6540863904284333e-05,261.24044058399977
0.7695961995249406,3240,0.6628848075866699,,1.652326911234275e-05,261.9001205939994
0.7719714964370546,3250,0.6816723823547364,,1.6505674320401162e-05,262.6831485169996
0.7743467933491687,3260,0.6686902046203613,,1.6488079528459578e-05,263.513598302
0.7767220902612827,3270,0.6640185832977294,,1.647048473651799e-05,264.4066996299998
0.7790973871733967,3280,0.6565237998962402,,1.6452889944576407e-05,265.23332626499996
0.7814726840855107,3290,0.6674986839294433,,1.643529515263482e-05,266.1544710799999
0.7838479809976246,3300,0.6564252853393555,,1.6417700360693236e-05,266.86841397899934
0.7862232779097387,3310,0.6643133640289307,,1.6400105568751653e-05,267.6656621489992
0.7885985748218527,3320,0.6709453105926514,,1.6382510776810065e-05,268.37309256499975
0.7909738717339667,3330,0.6531774044036865,,1.6364915984868482e-05,269.190804027
0.7933491686460807,3340,0.6570944786071777,,1.6347321192926895e-05,270.0048380879998
0.7957244655581948,3350,0.6823390007019043,,1.632972640098531e-05,270.7847392469994
0.7980997624703088,3360,0.6804127216339111,,1.6312131609043724e-05,271.5542358399998
0.8004750593824228,3370,0.6698574542999267,,1.629453681710214e-05,272.4583739789996
0.8028503562945368,3380,0.674238920211792,,1.6276942025160553e-05,273.21698004799964
0.8052256532066508,3390,0.6671958923339844,,1.625934723321897e-05,273.99606757199945
0.8076009501187649,3400,0.6646931648254395,,1.6241752441277382e-05,274.7825239829999
0.8099762470308789,3410,0.6677090644836425,,1.6224157649335798e-05,275.5450445819997
0.8123515439429929,3420,0.6606724739074707,,1.620656285739421e-05,276.38576772599936
0.8147268408551069,3430,0.664785099029541,,1.6188968065452627e-05,277.2340523309995
0.8171021377672208,3440,0.6588295936584473,,1.617137327351104e-05,277.98233751799944
0.8194774346793349,3450,0.6703643321990966,,1.6153778481569456e-05,278.810530881
0.8218527315914489,3460,0.6642500400543213,,1.6136183689627873e-05,279.7486349889996
0.8242280285035629,3470,0.6701457023620605,,1.6118588897686286e-05,280.4698106329997
0.8266033254156769,3480,0.6508455276489258,,1.6100994105744702e-05,281.365152458
0.828978622327791,3490,0.6614356994628906,,1.6083399313803115e-05,282.1951529549997
0.831353919239905,3500,0.663298511505127,,1.606580452186153e-05,283.15840294400004
0.833729216152019,3510,0.6677229881286622,,1.6048209729919947e-05,284.0465143829997
0.836104513064133,3520,0.6558813571929931,,1.603061493797836e-05,284.9722808659999
0.838479809976247,3530,0.6466352462768554,,1.6013020146036776e-05,285.8058626289994
0.8408551068883611,3540,0.663737154006958,,1.599542535409519e-05,286.65554677099954
0.8432304038004751,3550,0.68346266746521,,1.5977830562153605e-05,287.43526973200005
0.8456057007125891,3560,0.6523537158966064,,1.596023577021202e-05,288.1745473579995
0.8479809976247031,3570,0.664320421218872,,1.5942640978270435e-05,288.9884991689996
0.850356294536817,3580,0.6532534599304199,,1.5925046186328847e-05,289.7963674249995
0.8527315914489311,3590,0.6566694259643555,,1.5907451394387264e-05,290.7433349289995
0.8551068883610451,3600,0.674886417388916,,1.5889856602445677e-05,291.61176359899946
0.8574821852731591,3610,0.6820559024810791,,1.5872261810504093e-05,292.4119298529995
0.8598574821852731,3620,0.6644881248474122,,1.5854667018562506e-05,293.21524420399965
0.8622327790973872,3630,0.6645063877105712,,1.5837072226620922e-05,293.95788009399985
0.8646080760095012,3640,0.6529383182525634,,1.5819477434679335e-05,294.7860265469999
0.8669833729216152,3650,0.6790946006774903,,1.580188264273775e-05,295.6658312339996
0.8693586698337292,3660,0.6609710693359375,,1.5784287850796164e-05,296.5336478379995
0.8717339667458432,3670,0.6319462299346924,,1.576669305885458e-05,297.3142975769997
0.8741092636579573,3680,0.6500834465026856,,1.5749098266912993e-05,298.18298462999974
0.8764845605700713,3690,0.6581011295318604,,1.573150347497141e-05,299.0326197909999
0.8788598574821853,3700,0.6688202857971192,,1.5713908683029822e-05,299.8522598469999
0.8812351543942993,3710,0.6470885753631592,,1.569631389108824e-05,300.59705269499955
0.8836104513064132,3720,0.6597770690917969,,1.5678719099146655e-05,301.33289746599985
0.8859857482185273,3730,0.6601150035858154,,1.5661124307205068e-05,302.0755983129993
0.8883610451306413,3740,0.6748033046722413,,1.5643529515263484e-05,302.9938294099993
0.8907363420427553,3750,0.6706410408020019,,1.5625934723321897e-05,303.7635829139999
0.8931116389548693,3760,0.6534768581390381,,1.5608339931380313e-05,304.64624307399936
0.8954869358669834,3770,0.6631333351135253,,1.559074513943873e-05,305.42638488899956
0.8978622327790974,3780,0.6486478805541992,,1.5573150347497142e-05,306.16053054799977
0.9002375296912114,3790,0.6782302856445312,,1.555555555555556e-05,307.02466181399996
0.9026128266033254,3800,0.6477990627288819,,1.553796076361397e-05,307.85515831499924
0.9049881235154394,3810,0.6677368640899658,,1.5520365971672387e-05,308.62914986799933
0.9073634204275535,3820,0.6510208129882813,,1.55027711797308e-05,309.4211956149993
0.9097387173396675,3830,0.6432759761810303,,1.5485176387789217e-05,310.166283904
0.9121140142517815,3840,0.6586418628692627,,1.546758159584763e-05,311.0097793949999
0.9144893111638955,3850,0.6522611141204834,,1.5449986803906046e-05,311.87429498799975
0.9168646080760094,3860,0.6820128917694092,,1.543239201196446e-05,312.6332538019997
0.9192399049881235,3870,0.6373969078063965,,1.5414797220022875e-05,313.3431135309993
0.9216152019002375,3880,0.6500142097473145,,1.5397202428081288e-05,314.13253919199997
0.9239904988123515,3890,0.660357666015625,,1.5379607636139704e-05,314.93944380299945
0.9263657957244655,3900,0.6667624473571777,,1.5362012844198117e-05,315.70146729499993
0.9287410926365796,3910,0.6597096920013428,,1.5344418052256533e-05,316.5573059059998
0.9311163895486936,3920,0.6570338726043701,,1.5326823260314946e-05,317.3143116839992
0.9334916864608076,3930,0.6503555774688721,,1.5309228468373362e-05,318.1462701519995
0.9358669833729216,3940,0.6607687950134278,,1.529163367643178e-05,318.9415048839992
0.9382422802850356,3950,0.6544543266296386,,1.527403888449019e-05,319.77090789699923
0.9406175771971497,3960,0.6623024940490723,,1.5256444092548608e-05,320.4861104349993
0.9429928741092637,3970,0.6369928359985352,,1.5238849300607022e-05,321.2342322609993
0.9453681710213777,3980,0.6263191223144531,,1.5221254508665437e-05,322.03022343199973
0.9477434679334917,3990,0.6554204940795898,,1.5203659716723851e-05,322.7839082699993
0.9501187648456056,4000,0.66815185546875,,1.5186064924782268e-05,323.5645640749999
0.9524940617577197,4010,0.6819090843200684,,1.516847013284068e-05,324.37224223799967
0.9548693586698337,4020,0.6390332221984864,,1.5150875340899097e-05,325.2380554859992
0.9572446555819477,4030,0.6815489292144775,,1.513328054895751e-05,326.00219964499956
0.9596199524940617,4040,0.6648400306701661,,1.5115685757015926e-05,326.7338787379995
0.9619952494061758,4050,0.6756383419036865,,1.5098090965074339e-05,327.5826491149992
0.9643705463182898,4060,0.6610496997833252,,1.5080496173132755e-05,328.38009518499985
0.9667458432304038,4070,0.6659885883331299,,1.5062901381191168e-05,329.2287810479993
0.9691211401425178,4080,0.6613819122314453,,1.5045306589249584e-05,330.04091034799967
0.9714964370546318,4090,0.6797945022583007,,1.5027711797307999e-05,330.9420761849997
0.9738717339667459,4100,0.670032262802124,,1.5010117005366413e-05,331.7588648359997
0.9762470308788599,4110,0.6488503456115723,,1.4992522213424828e-05,332.61208636899937
0.9786223277909739,4120,0.6612415313720703,,1.4974927421483242e-05,333.4280910999996
0.9809976247030879,4130,0.6531832695007325,,1.4957332629541657e-05,334.1341812410001
0.9833729216152018,4140,0.6587176322937012,,1.4939737837600073e-05,334.8812833129996
0.9857482185273159,4150,0.6601868629455566,,1.4922143045658486e-05,335.63828672
0.9881235154394299,4160,0.6608566284179688,,1.4904548253716902e-05,336.4352381209992
0.9904988123515439,4170,0.6630819320678711,,1.4886953461775315e-05,337.1424020279992
0.9928741092636579,4180,0.6605583190917969,,1.4869358669833731e-05,337.9979557049992
0.995249406175772,4190,0.662904167175293,,1.4851763877892144e-05,338.8302737269996
0.997624703087886,4200,0.6514176368713379,,1.483416908595056e-05,339.68747273200006
1.0,4210,0.6603116512298584,,1.4816574294008973e-05,340.43138663599984
1.0,4210,,0.6573477983474731,,342.84827374199995
1.002375296912114,4220,0.6539641380310058,,1.479897950206739e-05,344.4107654289992
1.004750593824228,4230,0.6573187351226807,,1.4781384710125804e-05,345.168028135
1.007125890736342,4240,0.6593414306640625,,1.4763789918184219e-05,346.1271943490001
1.009501187648456,4250,0.6667950630187989,,1.4746195126242633e-05,346.8283782079998
1.01187648456057,4260,0.6584478378295898,,1.4728600334301048e-05,347.6268075149992
1.0142517814726841,4270,0.649755334854126,,1.4711005542359462e-05,348.4992666929993
1.0166270783847982,4280,0.6742417812347412,,1.4693410750417879e-05,349.2658919329997
1.0190023752969122,4290,0.6645948410034179,,1.4675815958476292e-05,349.93160489799993
1.0213776722090262,4300,0.6523465633392334,,1.4658221166534708e-05,350.67802388199925
1.0237529691211402,4310,0.6611772537231445,,1.464062637459312e-05,351.56256853299965
1.0261282660332542,4320,0.6676158428192138,,1.4623031582651537e-05,352.3614284079995
1.0285035629453683,4330,0.6643414497375488,,1.460543679070995e-05,353.12410711199936
1.0308788598574823,4340,0.6489524841308594,,1.4587841998768366e-05,353.91370445099983
1.0332541567695963,4350,0.6648212432861328,,1.4570247206826779e-05,354.68664883399924
1.03562945368171,4360,0.6667331218719482,,1.4552652414885195e-05,355.5347684009994
1.0380047505938241,4370,0.663851261138916,,1.453505762294361e-05,356.3346365339994
1.0403800475059382,4380,0.6687061309814453,,1.4517462831002024e-05,357.06712588199935
1.0427553444180522,4390,0.6508078575134277,,1.4499868039060439e-05,357.8649947690001
1.0451306413301662,4400,0.6620005607604981,,1.4482273247118855e-05,358.69677940899965
1.0475059382422802,4410,0.6496846199035644,,1.4464678455177268e-05,359.47170719299993
1.0498812351543942,4420,0.6481853485107422,,1.4447083663235684e-05,360.4197087149996
1.0522565320665083,4430,0.6430648803710938,,1.4429488871294097e-05,361.25795259999995
1.0546318289786223,4440,0.6516842365264892,,1.4411894079352513e-05,361.950633812
1.0570071258907363,4450,0.6504464149475098,,1.4394299287410926e-05,362.7292355589998
1.0593824228028503,4460,0.6509937763214111,,1.4376704495469342e-05,363.6106536009993
1.0617577197149644,4470,0.6628406524658204,,1.4359109703527755e-05,364.46287571799985
1.0641330166270784,4480,0.6437550544738769,,1.4341514911586172e-05,365.2495132489994
1.0665083135391924,4490,0.6569501876831054,,1.4323920119644586e-05,366.114718969
1.0688836104513064,4500,0.657377815246582,,1.4306325327703e-05,367.08872999399955
1.0712589073634204,4510,0.6613241195678711,,1.4288730535761415e-05,367.9351755099997
1.0736342042755345,4520,0.661406135559082,,1.427113574381983e-05,368.72912315099984
1.0760095011876485,4530,0.6620876312255859,,1.4253540951878244e-05,369.54684191399974
1.0783847980997625,4540,0.640457010269165,,1.423594615993666e-05,370.378752781
1.0807600950118765,4550,0.6567224502563477,,1.4218351367995074e-05,371.2061800470001
1.0831353919239906,4560,0.6537020206451416,,1.420075657605349e-05,372.00822415399944
1.0855106888361046,4570,0.6521499156951904,,1.4183161784111904e-05,372.8277465759993
1.0878859857482186,4580,0.6488132953643799,,1.4165566992170319e-05,373.6967698599992
1.0902612826603326,4590,0.6663360118865966,,1.4147972200228735e-05,374.5285443189996
1.0926365795724466,4600,0.6589134216308594,,1.4130377408287148e-05,375.32374527699994
1.0950118764845607,4610,0.6560678005218505,,1.4112782616345564e-05,376.1587499399993
1.0973871733966747,4620,0.6596819877624511,,1.4095187824403977e-05,376.95218688599925
1.0997624703087885,4630,0.675286865234375,,1.4077593032462393e-05,377.87188877799963
1.1021377672209025,4640,0.6526136875152588,,1.4059998240520806e-05,378.64914905599926
1.1045130641330165,4650,0.6500711441040039,,1.4042403448579223e-05,379.41697534299965
1.1068883610451306,4660,0.6448423862457275,,1.4024808656637635e-05,380.1284214999996
1.1092636579572446,4670,0.6430500507354736,,1.4007213864696052e-05,380.8677621889992
1.1116389548693586,4680,0.6452610492706299,,1.3989619072754466e-05,381.76831595899966
1.1140142517814726,4690,0.6489030361175537,,1.397202428081288e-05,382.6052003049999
1.1163895486935866,4700,0.6656179904937745,,1.3954429488871295e-05,383.38276067599963
1.1187648456057007,4710,0.6538812637329101,,1.3936834696929712e-05,384.1869523659998
1.1211401425178147,4720,0.6526844024658203,,1.3919239904988124e-05,385.0696006749995
1.1235154394299287,4730,0.6467508316040039,,1.390164511304654e-05,385.90402675099995
1.1258907363420427,4740,0.6295630931854248,,1.3884050321104954e-05,386.66974146699977
1.1282660332541568,4750,0.6473315715789795,,1.386645552916337e-05,387.4471891529993
1.1306413301662708,4760,0.6452166557312011,,1.3848860737221783e-05,388.2125342519994
1.1330166270783848,4770,0.6546617984771729,,1.3831265945280199e-05,389.09359232599945
1.1353919239904988,4780,0.6384928703308106,,1.3813671153338612e-05,390.00282629999947
1.1377672209026128,4790,0.6387243270874023,,1.3796076361397028e-05,390.8494891399996
1.1401425178147269,4800,0.6641090393066407,,1.3778481569455443e-05,391.63424615299937
1.1425178147268409,4810,0.6606061935424805,,1.3760886777513857e-05,392.44699267799933
1.144893111638955,4820,0.6603188037872314,,1.3743291985572272e-05,393.317242008
1.147268408551069,4830,0.6595572471618653,,1.3725697193630686e-05,394.2093669809992
1.149643705463183,4840,0.6391721725463867,,1.3708102401689101e-05,395.0955974509998
1.152019002375297,4850,0.6344435691833497,,1.3690507609747517e-05,395.86942506299965
1.154394299287411,4860,0.6653819561004639,,1.367291281780593e-05,396.7214510979993
1.156769596199525,4870,0.6531891345977783,,1.3655318025864346e-05,397.5344822999996
1.159144893111639,4880,0.6398794651031494,,1.363772323392276e-05,398.3860034019999
1.161520190023753,4890,0.6511083602905273,,1.3620128441981175e-05,399.1320701929999
1.1638954869358669,4900,0.6398257255554199,,1.3602533650039588e-05,399.9180102720002
1.166270783847981,4910,0.6590633392333984,,1.3584938858098005e-05,400.76144665599895
1.168646080760095,4920,0.6711197376251221,,1.3567344066156417e-05,401.55158400899927
1.171021377672209,4930,0.6638360500335694,,1.3549749274214834e-05,402.373268071
1.173396674584323,4940,0.6512649536132813,,1.3532154482273248e-05,403.25675047599907
1.175771971496437,4950,0.6458688259124756,,1.3514559690331663e-05,404.1445882429998
1.178147268408551,4960,0.6629251003265381,,1.3496964898390077e-05,404.9457053669994
1.180522565320665,4970,0.6659627914428711,,1.3479370106448492e-05,405.79115321800055
1.182897862232779,4980,0.6367493629455566,,1.3461775314506906e-05,406.61597672099924
1.185273159144893,4990,0.6570751190185546,,1.3444180522565323e-05,407.381433954999
1.187648456057007,5000,0.6436258316040039,,1.3426585730623736e-05,408.31151536799916
1.190023752969121,5010,0.6256379127502442,,1.3408990938682152e-05,409.10543285399945
1.1923990498812351,5020,0.6566733360290528,,1.3391396146740565e-05,409.89350634999937
1.1947743467933492,5030,0.659731101989746,,1.3373801354798981e-05,410.6447841680001
1.1971496437054632,5040,0.657474136352539,,1.3356206562857394e-05,411.50889205099884
1.1995249406175772,5050,0.6513178825378418,,1.333861177091581e-05,412.3238635300004
1.2019002375296912,5060,0.6500237941741943,,1.3321016978974225e-05,413.1264443460004
1.2042755344418052,5070,0.6455257892608642,,1.330342218703264e-05,413.94081733500025
1.2066508313539193,5080,0.6739686012268067,,1.3285827395091054e-05,414.7644339939998
1.2090261282660333,5090,0.6456521987915039,,1.3268232603149468e-05,415.62255231999916
1.2114014251781473,5100,0.6553500652313232,,1.3250637811207883e-05,416.3682523869993
1.2137767220902613,5110,0.6457284927368164,,1.32330430192663e-05,417.2768680600002
1.2161520190023754,5120,0.6403220653533935,,1.3215448227324712e-05,418.0594374880002
1.2185273159144894,5130,0.6469207763671875,,1.3197853435383128e-05,418.8594890509994
1.2209026128266034,5140,0.6335327625274658,,1.3180258643441541e-05,419.66831514299884
1.2232779097387174,5150,0.6605299472808838,,1.3162663851499957e-05,420.4502747639999
1.2256532066508314,5160,0.66034836769104,,1.314506905955837e-05,421.2915088179998
1.2280285035629455,5170,0.6698527336120605,,1.3127474267616787e-05,422.0500251979993
1.2304038004750595,5180,0.6486441135406494,,1.31098794756752e-05,422.79283199199926
1.2327790973871733,5190,0.6303053379058838,,1.3092284683733616e-05,423.5561085850004
1.2351543942992875,5200,0.6446271896362304,,1.307468989179203e-05,424.4130277820004
1.2375296912114013,5210,0.6568163394927978,,1.3057095099850445e-05,425.2019554870003
1.2399049881235154,5220,0.6547938346862793,,1.3039500307908861e-05,425.96861954999986
1.2422802850356294,5230,0.6369688510894775,,1.3021905515967274e-05,426.8004622509998
1.2446555819477434,5240,0.6533479213714599,,1.300431072402569e-05,427.6586357119995
1.2470308788598574,5250,0.6534433364868164,,1.2986715932084105e-05,428.4604722589993
1.2494061757719714,5260,0.6260535240173339,,1.296912114014252e-05,429.31815166399974
1.2517814726840855,5270,0.6536324977874756,,1.2951526348200934e-05,430.03573386899916
1.2541567695961995,5280,0.643129825592041,,1.2933931556259348e-05,430.77449051799886
1.2565320665083135,5290,0.6550703525543213,,1.2916336764317763e-05,431.6177081570004
1.2589073634204275,5300,0.6580371856689453,,1.289874197237618e-05,432.47097051200035
1.2612826603325415,5310,0.6250768184661866,,1.2881147180434592e-05,433.21870312899955
1.2636579572446556,5320,0.6368971347808838,,1.2863552388493008e-05,434.02815096999984
1.2660332541567696,5330,0.6518499374389648,,1.2845957596551421e-05,434.85076345999914
1.2684085510688836,5340,0.6499382495880127,,1.2828362804609837e-05,435.63858931699906
1.2707838479809976,5350,0.6699112892150879,,1.281076801266825e-05,436.4174893139989
1.2731591448931117,5360,0.6615411758422851,,1.2793173220726667e-05,437.26171466899905
1.2755344418052257,5370,0.6461582183837891,,1.2775578428785081e-05,438.05043054899943
1.2779097387173397,5380,0.6223000526428223,,1.2757983636843496e-05,438.78835163700023
1.2802850356294537,5390,0.627272367477417,,1.274038884490191e-05,439.5527133840005
1.2826603325415677,5400,0.660410213470459,,1.2722794052960325e-05,440.35836076099986
1.2850356294536818,5410,0.6542791366577149,,1.270519926101874e-05,441.171711519999
1.2874109263657958,5420,0.6604006290435791,,1.2687604469077156e-05,441.9455280049988
1.2897862232779098,5430,0.6656062126159668,,1.2670009677135569e-05,442.808383136
1.2921615201900236,5440,0.6595704078674316,,1.2652414885193985e-05,443.5806934129996
1.2945368171021379,5450,0.6365604400634766,,1.2634820093252398e-05,444.4272798769998
1.2969121140142517,5460,0.6546100616455078,,1.2617225301310814e-05,445.2901357619994
1.299287410926366,5470,0.6652278900146484,,1.2599630509369227e-05,446.14072710099936
1.3016627078384797,5480,0.6558831214904786,,1.2582035717427643e-05,446.886549027
1.304038004750594,5490,0.6480460643768311,,1.2564440925486056e-05,447.7630981179991
1.3064133016627077,5500,0.6521298885345459,,1.2546846133544472e-05,448.61918255599994
1.3087885985748218,5510,0.6550230503082275,,1.2529251341602887e-05,449.47795416400004
1.3111638954869358,5520,0.6252339363098145,,1.2511656549661301e-05,450.30397389300015
1.3135391923990498,5530,0.6539699077606201,,1.2494061757719716e-05,451.1463187339996
1.3159144893111638,5540,0.6381227493286132,,1.247646696577813e-05,451.96052352399965
1.3182897862232779,5550,0.6586972713470459,,1.2458872173836545e-05,452.78465316999973
1.3206650831353919,5560,0.6337643623352051,,1.2441277381894961e-05,453.6126241820002
1.323040380047506,5570,0.6438003063201905,,1.2423682589953374e-05,454.455223732999
1.32541567695962,5580,0.6427194118499756,,1.240608779801179e-05,455.340928091
1.327790973871734,5590,0.6364413738250733,,1.2388493006070203e-05,456.1364587959997
1.330166270783848,5600,0.6556520462036133,,1.237089821412862e-05,456.9811380489991
1.332541567695962,5610,0.6354632377624512,,1.2353303422187032e-05,457.7577830649989
1.334916864608076,5620,0.6312783241271973,,1.2335708630245449e-05,458.6157313219992
1.33729216152019,5630,0.6644695281982422,,1.2318113838303861e-05,459.5123615089997
1.339667458432304,5640,0.6517172813415527,,1.2300519046362278e-05,460.3456632710004
1.342042755344418,5650,0.6423110485076904,,1.2282924254420692e-05,461.2087720189993
1.344418052256532,5660,0.6465209484100342,,1.2265329462479107e-05,462.02259850500013
1.3467933491686461,5670,0.6655853748321533,,1.2247734670537521e-05,462.9517287509989
1.3491686460807601,5680,0.6437033653259278,,1.2230139878595938e-05,463.78478843300036
1.3515439429928742,5690,0.6666333675384521,,1.221254508665435e-05,464.620624829
1.3539192399049882,5700,0.6620797634124755,,1.2194950294712767e-05,465.4116300200003
1.3562945368171022,5710,0.6186180114746094,,1.217735550277118e-05,466.18249229399953
1.3586698337292162,5720,0.6546279907226562,,1.2159760710829596e-05,467.01175818199954
1.36104513064133,5730,0.683094072341919,,1.2142165918888009e-05,467.826472191
1.3634204275534443,5740,0.660344409942627,,1.2124571126946425e-05,468.6921257189988
1.365795724465558,5750,0.6501344203948974,,1.2106976335004838e-05,469.42320420800024
1.3681710213776723,5760,0.6394564628601074,,1.2089381543063254e-05,470.1794495510003
1.3705463182897861,5770,0.6622756958007813,,1.2071786751121669e-05,471.0474311609996
1.3729216152019004,5780,0.6646102905273438,,1.2054191959180083e-05,471.827364155999
1.3752969121140142,5790,0.6381416320800781,,1.2036597167238498e-05,472.6206391420001
1.3776722090261282,5800,0.6071928977966309,,1.2019002375296912e-05,473.45604857999933
1.3800475059382422,5810,0.6534619331359863,,1.2001407583355327e-05,474.2485210569994
1.3824228028503562,5820,0.6360637664794921,,1.1983812791413743e-05,475.0694043509993
1.3847980997624703,5830,0.6340097904205322,,1.1966217999472156e-05,475.83642536499974
1.3871733966745843,5840,0.6498142719268799,,1.1948623207530572e-05,476.6251181429998
1.3895486935866983,5850,0.6741082668304443,,1.1931028415588987e-05,477.37144961599915
1.3919239904988123,5860,0.6539497375488281,,1.1913433623647402e-05,478.19696308399944
1.3942992874109263,5870,0.6270194530487061,,1.1895838831705818e-05,478.9454833790005
1.3966745843230404,5880,0.6773631572723389,,1.187824403976423e-05,479.7689855039989
1.3990498812351544,5890,0.6312768936157227,,1.1860649247822647e-05,480.477873763999
1.4014251781472684,5900,0.638553237915039,,1.184305445588106e-05,481.25980960999914
1.4038004750593824,5910,0.6452758312225342,,1.1825459663939476e-05,482.08906929299883
1.4061757719714965,5920,0.6427639484405517,,1.1807864871997889e-05,482.8846456709998
1.4085510688836105,5930,0.6439937114715576,,1.1790270080056305e-05,483.6017833120004
1.4109263657957245,5940,0.6533061504364014,,1.1772675288114718e-05,484.38442964299975
1.4133016627078385,5950,0.6499517440795899,,1.1755080496173134e-05,485.15269154199996
1.4156769596199525,5960,0.6450676918029785,,1.1737485704231549e-05,485.9653317230004
1.4180522565320666,5970,0.6353594303131104,,1.1719890912289963e-05,486.71485070900053
1.4204275534441806,5980,0.6387876510620117,,1.1702296120348378e-05,487.45251242999984
1.4228028503562946,5990,0.6389829158782959,,1.1684701328406794e-05,488.1917032090005
1.4251781472684084,6000,0.6638463973999024,,1.1667106536465207e-05,488.9045781999994
1.4275534441805227,6010,0.6484082221984864,,1.1649511744523623e-05,489.5978967299998
1.4299287410926365,6020,0.6501863479614258,,1.1631916952582036e-05,490.37625062000006
1.4323040380047507,6030,0.6277101993560791,,1.1614322160640452e-05,491.13953477299947
1.4346793349168645,6040,0.6510801315307617,,1.1596727368698865e-05,491.89465361600014
1.4370546318289787,6050,0.6370452404022217,,1.1579132576757282e-05,492.74828889200035
1.4394299287410925,6060,0.6509707927703857,,1.1561537784815694e-05,493.601836079999
1.4418052256532066,6070,0.6625351428985595,,1.154394299287411e-05,494.3811555859993
1.4441805225653206,6080,0.650745964050293,,1.1526348200932525e-05,495.18608293299985
1.4465558194774346,6090,0.6619935512542725,,1.150875340899094e-05,496.0163504159991
1.4489311163895486,6100,0.6347163677215576,,1.1491158617049354e-05,496.7336026899993
1.4513064133016627,6110,0.6486961364746093,,1.1473563825107769e-05,497.57731445900026
1.4536817102137767,6120,0.6708990097045898,,1.1455969033166184e-05,498.3796101650005
1.4560570071258907,6130,0.6380241394042969,,1.14383742412246e-05,499.238418379
1.4584323040380047,6140,0.6533542156219483,,1.1420779449283013e-05,500.0933063140001
1.4608076009501187,6150,0.6346184253692627,,1.1403184657341429e-05,500.9174344940002
1.4631828978622328,6160,0.6478009223937988,,1.1385589865399842e-05,501.74434565699994
1.4655581947743468,6170,0.6436283588409424,,1.1367995073458258e-05,502.54927456899895
1.4679334916864608,6180,0.6450495719909668,,1.1350400281516671e-05,503.280594206999
1.4703087885985748,6190,0.6559111118316651,,1.1332805489575087e-05,504.0064038189994
1.4726840855106889,6200,0.6530519008636475,,1.13152106976335e-05,504.80400004500007
1.4750593824228029,6210,0.6497462272644043,,1.1297615905691916e-05,505.56767592600045
1.477434679334917,6220,0.6506329536437988,,1.128002111375033e-05,506.3823166889997
1.479809976247031,6230,0.6416084289550781,,1.1262426321808745e-05,507.1836342739989
1.482185273159145,6240,0.6324106693267822,,1.124483152986716e-05,507.9245593329997
1.484560570071259,6250,0.6649457454681397,,1.1227236737925575e-05,508.7980201270002
1.486935866983373,6260,0.6481301307678222,,1.1209641945983989e-05,509.59783782699924
1.489311163895487,6270,0.6606239318847656,,1.1192047154042405e-05,510.49182979800025
1.491686460807601,6280,0.6517615795135498,,1.1174452362100818e-05,511.2295939739997
1.4940617577197148,6290,0.6396411418914795,,1.1156857570159234e-05,512.1395935569999
1.496437054631829,6300,0.665005111694336,,1.1139262778217647e-05,512.9806818039997
1.4988123515439429,6310,0.6410672664642334,,1.1121667986276064e-05,513.8192350739992
1.5011876484560571,6320,0.662904691696167,,1.1104073194334476e-05,514.6102929939989
1.503562945368171,6330,0.6437861442565918,,1.1086478402392893e-05,515.4417862030004
1.5059382422802852,6340,0.656974458694458,,1.1068883610451307e-05,516.2031900059992
1.508313539192399,6350,0.648227310180664,,1.1051288818509722e-05,517.1324661819999
1.5106888361045132,6360,0.6453634262084961,,1.1033694026568136e-05,517.9176029009996
1.513064133016627,6370,0.6385934352874756,,1.1016099234626551e-05,518.6098718840003
1.5154394299287413,6380,0.6389738559722901,,1.0998504442684966e-05,519.4044630339995
1.517814726840855,6390,0.6420725822448731,,1.0980909650743382e-05,520.1335985339992
1.520190023752969,6400,0.6578989028930664,,1.0963314858801795e-05,520.9587690400003
1.522565320665083,6410,0.6550121307373047,,1.0945720066860211e-05,521.8620479410001
1.5249406175771971,6420,0.6406723976135253,,1.0928125274918624e-05,522.73099731
1.5273159144893111,6430,0.633272933959961,,1.091053048297704e-05,523.5401068440005
1.5296912114014252,6440,0.6652392864227294,,1.0892935691035453e-05,524.3144809610003
1.5320665083135392,6450,0.6546011447906495,,1.0875340899093869e-05,525.1035825729996
1.5344418052256532,6460,0.6454913139343261,,1.0857746107152282e-05,525.9172871359988
1.5368171021377672,6470,0.6372620582580566,,1.0840151315210698e-05,526.6741548520004
1.5391923990498813,6480,0.6467665672302246,,1.0822556523269115e-05,527.5004542339993
1.5415676959619953,6490,0.6483846664428711,,1.0804961731327527e-05,528.3707000249997
1.5439429928741093,6500,0.6487350463867188,,1.0787366939385944e-05,529.238050512
1.5463182897862233,6510,0.6277605533599854,,1.0769772147444357e-05,530.048136636
1.5486935866983373,6520,0.6436480522155762,,1.0752177355502773e-05,530.8204701260001
1.5510688836104514,6530,0.639827299118042,,1.0734582563561187e-05,531.5937395820001
1.5534441805225652,6540,0.6472695350646973,,1.0716987771619602e-05,532.4194063239993
1.5558194774346794,6550,0.640836524963379,,1.0699392979678016e-05,533.1648323030004
1.5581947743467932,6560,0.6354966163635254,,1.0681798187736431e-05,533.8520562630001
1.5605700712589075,6570,0.6561375617980957,,1.0664203395794846e-05,534.6178549550004
1.5629453681710213,6580,0.6406621932983398,,1.0646608603853262e-05,535.3591347639995
1.5653206650831355,6590,0.6282127857208252,,1.0629013811911675e-05,536.1860242089988
1.5676959619952493,6600,0.6330434799194335,,1.0611419019970091e-05,537.02807312
1.5700712589073635,6610,0.663494062423706,,1.0593824228028504e-05,537.8135668510004
1.5724465558194773,6620,0.6324686050415039,,1.057622943608692e-05,538.7088634889988
1.5748218527315916,6630,0.652470064163208,,1.0558634644145333e-05,539.4749982800004
1.5771971496437054,6640,0.6333720207214355,,1.054103985220375e-05,540.2798716590005
1.5795724465558196,6650,0.661325740814209,,1.0523445060262164e-05,541.0975429549999
1.5819477434679334,6660,0.6354951858520508,,1.0505850268320578e-05,541.938657966999
1.5843230403800475,6670,0.6270419120788574,,1.0488255476378993e-05,542.6839139370004
1.5866983372921615,6680,0.648838996887207,,1.0470660684437407e-05,543.4348940609998
1.5890736342042755,6690,0.6595469951629639,,1.0453065892495822e-05,544.2822805759988
1.5914489311163895,6700,0.6538858890533448,,1.0435471100554238e-05,545.0561565650005
1.5938242280285035,6710,0.6308917045593262,,1.0417876308612651e-05,545.8822926060002
1.5961995249406176,6720,0.6377386569976806,,1.0400281516671067e-05,546.7256287889995
1.5985748218527316,6730,0.6565060138702392,,1.038268672472948e-05,547.5099126149998
1.6009501187648456,6740,0.6460556983947754,,1.0365091932787897e-05,548.3253332479999
1.6033254156769596,6750,0.6441902637481689,,1.034749714084631e-05,549.1139140529995
1.6057007125890737,6760,0.6625908851623535,,1.0329902348904726e-05,549.9431366129993
1.6080760095011877,6770,0.6449685573577881,,1.0312307556963139e-05,550.7492041559999
1.6104513064133017,6780,0.6485204219818115,,1.0294712765021555e-05,551.5038206739991
1.6128266033254157,6790,0.6360254287719727,,1.027711797307997e-05,552.3031299599988
1.6152019002375297,6800,0.6561482906341553,,1.0259523181138384e-05,553.117728760999
1.6175771971496435,6810,0.6463333606719971,,1.0241928389196798e-05,553.844671543
1.6199524940617578,6820,0.6489208221435547,,1.0224333597255213e-05,554.6919406509987
1.6223277909738716,6830,0.6492636680603028,,1.0206738805313628e-05,555.4349907519991
1.6247030878859858,6840,0.6471221923828125,,1.0189144013372044e-05,556.1669972309992
1.6270783847980996,6850,0.6625576496124268,,1.0171549221430457e-05,556.9820115189996
1.6294536817102139,6860,0.6436641693115235,,1.0153954429488873e-05,557.854575461999
1.6318289786223277,6870,0.6397600173950195,,1.0136359637547286e-05,558.7733408149998
1.634204275534442,6880,0.6435635566711426,,1.0118764845605702e-05,559.6961910150003
1.6365795724465557,6890,0.6411210536956787,,1.0101170053664115e-05,560.5818537129999
1.63895486935867,6900,0.6466279983520508,,1.0083575261722531e-05,561.384174588
1.6413301662707838,6910,0.661145544052124,,1.0065980469780944e-05,562.1727816509992
1.643705463182898,6920,0.6345257759094238,,1.004838567783936e-05,562.8462788519992
1.6460807600950118,6930,0.650898027420044,,1.0030790885897775e-05,563.591937412999
1.648456057007126,6940,0.6456000328063964,,1.001319609395619e-05,564.4130875669998
1.6508313539192399,6950,0.6512215614318848,,9.995601302014604e-06,565.2271860319997
1.6532066508313539,6960,0.6367735385894775,,9.97800651007302e-06,566.1806189569998
1.655581947743468,6970,0.6486549854278565,,9.960411718131435e-06,566.9960674329996
1.657957244655582,6980,0.6403477668762207,,9.94281692618985e-06,567.7831088099992
1.660332541567696,6990,0.6620241641998291,,9.925222134248264e-06,568.4848472489994
1.66270783847981,7000,0.6354558944702149,,9.907627342306679e-06,569.2890489099991
1.665083135391924,7010,0.6413649559020996,,9.890032550365093e-06,570.0761005209988
1.667458432304038,7020,0.6413471698760986,,9.872437758423508e-06,570.7895704809998
1.669833729216152,7030,0.6510919570922852,,9.854842966481922e-06,571.6580354910002
1.672209026128266,7040,0.6356123924255371,,9.837248174540337e-06,572.5072726540002
1.67458432304038,7050,0.6246644020080566,,9.819653382598751e-06,573.2368128409998
1.676959619952494,7060,0.6362961292266845,,9.802058590657166e-06,573.993627152
1.6793349168646081,7070,0.644947624206543,,9.78446379871558e-06,574.7602749300004
1.6817102137767221,7080,0.638818359375,,9.766869006773995e-06,575.5718454319995
1.6840855106888362,7090,0.6394800662994384,,9.74927421483241e-06,576.4398966030003
1.68646080760095,7100,0.6391722679138183,,9.731679422890826e-06,577.2315386800001
1.6888361045130642,7110,0.6443064689636231,,9.71408463094924e-06,578.0546551309999
1.691211401425178,7120,0.6446794509887696,,9.696489839007655e-06,578.8288530890004
1.6935866983372923,7130,0.6409764766693116,,9.67889504706607e-06,579.7374567650004
1.695961995249406,7140,0.6398460865020752,,9.661300255124484e-06,580.5979305799992
1.6983372921615203,7150,0.6670681953430175,,9.643705463182899e-06,581.4590957689998
1.700712589073634,7160,0.6284341812133789,,9.626110671241313e-06,582.2417831000002
1.7030878859857483,7170,0.6511353492736817,,9.608515879299728e-06,583.0497845770005
1.7054631828978621,7180,0.6513233661651612,,9.590921087358142e-06,583.8553902160002
1.7078384798099764,7190,0.6237715244293213,,9.573326295416557e-06,584.6888619370002
1.7102137767220902,7200,0.6550095558166504,,9.555731503474971e-06,585.541985636999
1.7125890736342044,7210,0.643929386138916,,9.538136711533386e-06,586.399277519
1.7149643705463182,7220,0.6239360809326172,,9.5205419195918e-06,587.2486052120003
1.7173396674584323,7230,0.6300771236419678,,9.502947127650217e-06,588.0470022930003
1.7197149643705463,7240,0.6598878860473633,,9.485352335708631e-06,588.8639697399994
1.7220902612826603,7250,0.632200050354004,,9.467757543767046e-06,589.6909998079991
1.7244655581947743,7260,0.6227519989013672,,9.45016275182546e-06,590.5684726219988
1.7268408551068883,7270,0.6165797233581543,,9.432567959883875e-06,591.3205632019999
1.7292161520190024,7280,0.6392110347747803,,9.41497316794229e-06,592.1032096509989
1.7315914489311164,7290,0.6337403774261474,,9.397378376000704e-06,592.8513675189988
1.7339667458432304,7300,0.622240686416626,,9.379783584059119e-06,593.6393648100002
1.7363420427553444,7310,0.6484718799591065,,9.362188792117533e-06,594.5057811169991
1.7387173396674585,7320,0.6493244171142578,,9.344594000175948e-06,595.3659627529996
1.7410926365795725,7330,0.6150151252746582,,9.326999208234362e-06,596.2254147219992
1.7434679334916865,7340,0.6521785259246826,,9.309404416292777e-06,597.0772332389988
1.7458432304038005,7350,0.6186916351318359,,9.291809624351192e-06,597.856196020999
1.7482185273159145,7360,0.6325554847717285,,9.274214832409608e-06,598.6130955499993
1.7505938242280283,7370,0.6253656387329102,,9.256620040468022e-06,599.4217913519988
1.7529691211401426,7380,0.6406378269195556,,9.239025248526437e-06,600.1404734749995
1.7553444180522564,7390,0.615128755569458,,9.221430456584852e-06,600.9220286189993
1.7577197149643706,7400,0.6399403572082519,,9.203835664643266e-06,601.8076553659994
1.7600950118764844,7410,0.6241414546966553,,9.18624087270168e-06,602.7038870180004
1.7624703087885987,7420,0.6350296974182129,,9.168646080760095e-06,603.5870505940002
1.7648456057007125,7430,0.6535615921020508,,9.151051288818511e-06,604.373344141999
1.7672209026128267,7440,0.6629647731781005,,9.133456496876926e-06,605.1414635540004
1.7695961995249405,7450,0.6547778129577637,,9.11586170493534e-06,605.891670514
1.7719714964370548,7460,0.6411561012268067,,9.098266912993755e-06,606.6355131439996
1.7743467933491686,7470,0.6539922237396241,,9.08067212105217e-06,607.4652923760004
1.7767220902612828,7480,0.6392444610595703,,9.063077329110584e-06,608.2639811209992
1.7790973871733966,7490,0.646396255493164,,9.045482537168999e-06,609.0784627499997
1.7814726840855108,7500,0.626644229888916,,9.027887745227413e-06,609.8634142179999
1.7838479809976246,7510,0.6222357749938965,,9.010292953285828e-06,610.7045898329998
1.7862232779097387,7520,0.6588633060455322,,8.992698161344243e-06,611.5200752299988
1.7885985748218527,7530,0.6194855690002441,,8.975103369402657e-06,612.2664332919994
1.7909738717339667,7540,0.6647305965423584,,8.957508577461073e-06,613.0196683619997
1.7933491686460807,7550,0.6395178318023682,,8.939913785519488e-06,613.8455525850004
1.7957244655581948,7560,0.6251386165618896,,8.922318993577902e-06,614.5754771449992
1.7980997624703088,7570,0.6191926956176758,,8.904724201636317e-06,615.4254309159987
1.8004750593824228,7580,0.6258525371551513,,8.887129409694732e-06,616.218113642999
1.8028503562945368,7590,0.6341722488403321,,8.869534617753146e-06,617.0311823749998
1.8052256532066508,7600,0.6896584510803223,,8.85193982581156e-06,617.8801887789996
1.8076009501187649,7610,0.63690185546875,,8.834345033869975e-06,618.7490943029989
1.809976247030879,7620,0.6441619396209717,,8.81675024192839e-06,619.556021765
1.812351543942993,7630,0.633647108078003,,8.799155449986804e-06,620.3198027620001
1.814726840855107,7640,0.6465532779693604,,8.781560658045219e-06,621.0810742859994
1.817102137767221,7650,0.6244337081909179,,8.763965866103634e-06,621.9799224679991
1.8194774346793348,7660,0.6441517829895019,,8.746371074162048e-06,622.7931578610005
1.821852731591449,7670,0.6393121242523193,,8.728776282220464e-06,623.5888120090003
1.8242280285035628,7680,0.6393332958221436,,8.711181490278879e-06,624.3477552439999
1.826603325415677,7690,0.6387440681457519,,8.693586698337293e-06,625.1858386709991
1.8289786223277908,7700,0.6218430519104003,,8.675991906395708e-06,626.0561224029989
1.831353919239905,7710,0.6267858982086182,,8.658397114454123e-06,626.9447779170005
1.833729216152019,7720,0.6579214096069336,,8.640802322512537e-06,627.7353201259994
1.8361045130641331,7730,0.6371626377105712,,8.623207530570952e-06,628.5732558219988
1.838479809976247,7740,0.6422215938568115,,8.605612738629366e-06,629.5247534520004
1.8408551068883612,7750,0.6377147197723388,,8.588017946687781e-06,630.3700576680003
1.843230403800475,7760,0.6291845798492431,,8.570423154746195e-06,631.1376472749998
1.8456057007125892,7770,0.6491823196411133,,8.55282836280461e-06,631.9548715929996
1.847980997624703,7780,0.6226842880249024,,8.535233570863025e-06,632.7727101789988
1.850356294536817,7790,0.6322198867797851,,8.517638778921439e-06,633.6640389789991
1.852731591448931,7800,0.641500997543335,,8.500043986979855e-06,634.5151002149996
1.855106888361045,7810,0.6559820175170898,,8.48244919503827e-06,635.3790176879993
1.8574821852731591,7820,0.6382636547088623,,8.464854403096684e-06,636.2986432260004
1.8598574821852731,7830,0.6447299480438232,,8.447259611155099e-06,637.0716708210002
1.8622327790973872,7840,0.624348783493042,,8.429664819213514e-06,637.9434350640004
1.8646080760095012,7850,0.6305531978607177,,8.412070027271928e-06,638.6937598249988
1.8669833729216152,7860,0.6271839618682862,,8.394475235330343e-06,639.4807579640001
1.8693586698337292,7870,0.6099775314331055,,8.376880443388757e-06,640.2264466100005
1.8717339667458432,7880,0.647328519821167,,8.359285651447172e-06,641.0499275829989
1.8741092636579573,7890,0.6301931381225586,,8.341690859505586e-06,641.8824197800004
1.8764845605700713,7900,0.614541482925415,,8.324096067564001e-06,642.6869409179999
1.8788598574821853,7910,0.62372727394104,,8.306501275622416e-06,643.5054097169996
1.8812351543942993,7920,0.6378151893615722,,8.28890648368083e-06,644.3573217659996
1.8836104513064131,7930,0.6114047527313232,,8.271311691739245e-06,645.1134506279996
1.8859857482185274,7940,0.5933032512664795,,8.253716899797661e-06,645.9330956630001
1.8883610451306412,7950,0.6325923919677734,,8.236122107856076e-06,646.6227398859992
1.8907363420427554,7960,0.6558408260345459,,8.21852731591449e-06,647.512851382
1.8931116389548692,7970,0.6223545551300049,,8.200932523972905e-06,648.3696616929992
1.8954869358669835,7980,0.6385266780853271,,8.18333773203132e-06,649.1807468789993
1.8978622327790973,7990,0.6569833278656005,,8.165742940089734e-06,649.9914421329995
1.9002375296912115,8000,0.6430089950561524,,8.148148148148148e-06,650.7999314539993
1.9026128266033253,8010,0.6244219779968262,,8.130553356206563e-06,651.5785456319991
1.9049881235154396,8020,0.6337391853332519,,8.112958564264977e-06,652.3838577989991
1.9073634204275534,8030,0.6211466312408447,,8.095363772323392e-06,653.1447476289995
1.9097387173396676,8040,0.6579831600189209,,8.077768980381807e-06,653.9176941799997
1.9121140142517814,8050,0.6339856624603272,,8.060174188440221e-06,654.7165879780005
1.9144893111638956,8060,0.6395617008209229,,8.042579396498637e-06,655.5159299080005
1.9168646080760094,8070,0.6294581890106201,,8.024984604557052e-06,656.4715314069999
1.9192399049881235,8080,0.6610065460205078,,8.007389812615467e-06,657.3235610709999
1.9216152019002375,8090,0.628246545791626,,7.989795020673881e-06,658.1545520119998
1.9239904988123515,8100,0.6333340644836426,,7.972200228732296e-06,658.9803515080002
1.9263657957244655,8110,0.628975248336792,,7.954605436790712e-06,659.7906465819997
1.9287410926365796,8120,0.6593471050262452,,7.937010644849126e-06,660.5716616249993
1.9311163895486936,8130,0.6229182243347168,,7.919415852907541e-06,661.4574315539994
1.9334916864608076,8140,0.6610258102416993,,7.901821060965956e-06,662.3772885269991
1.9358669833729216,8150,0.6265870094299316,,7.88422626902437e-06,663.151558780999
1.9382422802850356,8160,0.6374133110046387,,7.866631477082785e-06,663.9615068169987
1.9406175771971497,8170,0.6264698505401611,,7.8490366851412e-06,664.8170051929992
1.9429928741092637,8180,0.6336383819580078,,7.831441893199614e-06,665.6438793739999
1.9453681710213777,8190,0.6249311447143555,,7.813847101258028e-06,666.4384101539999
1.9477434679334917,8200,0.6407976150512695,,7.796252309316443e-06,667.225873936999
1.9501187648456058,8210,0.6317398071289062,,7.778657517374858e-06,668.0111516979996
1.9524940617577196,8220,0.6346400737762451,,7.761062725433272e-06,668.8161696899988
1.9548693586698338,8230,0.6398632049560546,,7.743467933491687e-06,669.589739527999
1.9572446555819476,8240,0.6412439823150635,,7.725873141550101e-06,670.4308395110002
1.9596199524940618,8250,0.626854658126831,,7.708278349608517e-06,671.2648538189987
1.9619952494061756,8260,0.6414036273956298,,7.690683557666932e-06,672.124519306999
1.96437054631829,8270,0.6255216598510742,,7.673088765725347e-06,672.9187436600005
1.9667458432304037,8280,0.6433699607849122,,7.655493973783761e-06,673.763094938
1.969121140142518,8290,0.6508319854736329,,7.637899181842176e-06,674.5740011599992
1.9714964370546317,8300,0.636963176727295,,7.62030438990059e-06,675.4201725080002
1.973871733966746,8310,0.638477087020874,,7.602709597959005e-06,676.148358253
1.9762470308788598,8320,0.6307287216186523,,7.585114806017419e-06,676.9938192409991
1.978622327790974,8330,0.6538525581359863,,7.567520014075834e-06,677.8098350820001
1.9809976247030878,8340,0.6314980506896972,,7.549925222134249e-06,678.5656884839991
1.9833729216152018,8350,0.6448909759521484,,7.532330430192664e-06,679.3693615479988
1.9857482185273159,8360,0.6481005668640136,,7.5147356382510785e-06,680.2029460239992
1.98812351543943,8370,0.6290531158447266,,7.497140846309493e-06,680.9634116460002
1.990498812351544,8380,0.6497772693634033,,7.479546054367908e-06,681.856373994
1.992874109263658,8390,0.631068754196167,,7.461951262426322e-06,682.6614624639988
1.995249406175772,8400,0.6444958686828614,,7.444356470484737e-06,683.3740151139991
1.997624703087886,8410,0.6363363265991211,,7.426761678543152e-06,684.203274681
2.0,8420,0.6118424892425537,,7.409166886601567e-06,684.8968053829994
2.0,8420,,0.6300583481788635,,687.3096061739998
2.002375296912114,8430,0.6418788433074951,,7.391572094659981e-06,688.7760247120004
2.004750593824228,8440,0.6407627582550048,,7.373977302718396e-06,689.6335748239999
2.007125890736342,8450,0.6342956066131592,,7.35638251077681e-06,690.3771647909998
2.009501187648456,8460,0.6257521152496338,,7.338787718835225e-06,691.1171934100003
2.01187648456057,8470,0.6334758281707764,,7.3211929268936395e-06,691.9014686440005
2.014251781472684,8480,0.620457649230957,,7.303598134952055e-06,692.7197937370001
2.016627078384798,8490,0.6295421123504639,,7.2860033430104695e-06,693.544835224
2.019002375296912,8500,0.6334234714508057,,7.268408551068884e-06,694.3814592260005
2.021377672209026,8510,0.6531702518463135,,7.250813759127299e-06,695.2819778969988
2.02375296912114,8520,0.6425087928771973,,7.233218967185713e-06,696.0735296069997
2.026128266033254,8530,0.6390162944793701,,7.215624175244128e-06,696.8340705999999
2.0285035629453683,8540,0.6370418071746826,,7.198029383302543e-06,697.6084484040002
2.030878859857482,8550,0.616295337677002,,7.180434591360958e-06,698.3939382079989
2.0332541567695963,8560,0.657166576385498,,7.162839799419372e-06,699.2425787049997
2.03562945368171,8570,0.6300827980041503,,7.145245007477787e-06,700.0625110319997
2.0380047505938244,8580,0.6341874122619628,,7.127650215536201e-06,700.7449527110002
2.040380047505938,8590,0.6330739498138428,,7.110055423594616e-06,701.5143230009999
2.0427553444180524,8600,0.6310405254364013,,7.0924606316530305e-06,702.3155915989992
2.045130641330166,8610,0.6254003047943115,,7.074865839711446e-06,703.0573187190002
2.0475059382422804,8620,0.6248436450958252,,7.0572710477698605e-06,703.8441620859994
2.0498812351543942,8630,0.6273897171020508,,7.039676255828275e-06,704.611526355
2.0522565320665085,8640,0.6281414031982422,,7.02208146388669e-06,705.4231197249992
2.0546318289786223,8650,0.6420675277709961,,7.004486671945104e-06,706.2943028779991
2.0570071258907365,8660,0.6452609062194824,,6.986891880003519e-06,707.0633072279998
2.0593824228028503,8670,0.6366738319396973,,6.969297088061934e-06,707.8540719009998
2.0617577197149646,8680,0.6161088943481445,,6.951702296120349e-06,708.618078165
2.0641330166270784,8690,0.6378857135772705,,6.934107504178763e-06,709.4702931319989
2.0665083135391926,8700,0.6321170806884766,,6.916512712237179e-06,710.3313728649991
2.0688836104513064,8710,0.6360484600067139,,6.898917920295593e-06,711.0953276259988
2.07125890736342,8720,0.6276210308074951,,6.881323128354009e-06,711.844927221
2.0736342042755345,8730,0.6359526634216308,,6.863728336412423e-06,712.5668720989997
2.0760095011876483,8740,0.6479277610778809,,6.846133544470838e-06,713.4837943349994
2.0783847980997625,8750,0.6499261856079102,,6.828538752529252e-06,714.2931534219988
2.0807600950118763,8760,0.6326608180999755,,6.810943960587667e-06,715.1809767189989
2.0831353919239906,8770,0.6404765129089356,,6.7933491686460815e-06,716.0752439009993
2.0855106888361044,8780,0.6317283630371093,,6.775754376704496e-06,716.902290512
2.0878859857482186,8790,0.6626263618469238,,6.7581595847629114e-06,717.6654147259997
2.0902612826603324,8800,0.609105110168457,,6.740564792821326e-06,718.4561125580003
2.0926365795724466,8810,0.619694995880127,,6.7229700008797406e-06,719.3106935550004
2.0950118764845604,8820,0.626597261428833,,6.705375208938155e-06,720.1833618569999
2.0973871733966747,8830,0.6272964477539062,,6.68778041699657e-06,720.9347461969992
2.0997624703087885,8840,0.6332191467285156,,6.670185625054984e-06,721.7762911829996
2.1021377672209027,8850,0.6400650978088379,,6.6525908331134e-06,722.6871651540005
2.1045130641330165,8860,0.6279441356658936,,6.634996041171814e-06,723.4569940389993
2.1068883610451308,8870,0.627420711517334,,6.617401249230229e-06,724.2663525799999
2.1092636579572446,8880,0.6434304237365722,,6.599806457288643e-06,725.1626288339994
2.111638954869359,8890,0.6396097660064697,,6.582211665347058e-06,726.0346791859993
2.1140142517814726,8900,0.6447089195251465,,6.5646168734054725e-06,726.8505288039996
2.116389548693587,8910,0.6552236557006836,,6.547022081463887e-06,727.6354527259991
2.1187648456057007,8920,0.630093002319336,,6.5294272895223024e-06,728.43389733
2.121140142517815,8930,0.6112739562988281,,6.511832497580717e-06,729.2198838740005
2.1235154394299287,8940,0.6321137428283692,,6.4942377056391316e-06,729.9697141010001
2.125890736342043,8950,0.6337088584899903,,6.476642913697546e-06,730.7417576939988
2.1282660332541568,8960,0.6022055149078369,,6.459048121755961e-06,731.5143327779988
2.130641330166271,8970,0.6348300457000733,,6.441453329814375e-06,732.2573770549989
2.133016627078385,8980,0.644802188873291,,6.423858537872791e-06,733.0081799
2.1353919239904986,8990,0.6418829441070557,,6.406263745931205e-06,733.8713330619994
2.137767220902613,9000,0.6376297473907471,,6.38866895398962e-06,734.6069770140002
2.1401425178147266,9010,0.6382491111755371,,6.371074162048034e-06,735.4182764180005
2.142517814726841,9020,0.6365928173065185,,6.353479370106449e-06,736.2657545959992
2.1448931116389547,9030,0.6423674106597901,,6.3358845781648635e-06,737.0523157819989
2.147268408551069,9040,0.6348649501800537,,6.318289786223278e-06,737.8165438790002
2.1496437054631827,9050,0.6311595439910889,,6.3006949942816934e-06,738.6538974630002
2.152019002375297,9060,0.6200510025024414,,6.283100202340108e-06,739.411536177
2.1543942992874108,9070,0.6350825786590576,,6.2655054103985226e-06,740.1608263420003
2.156769596199525,9080,0.6190795421600341,,6.247910618456937e-06,741.0040867200005
2.159144893111639,9090,0.6075817108154297,,6.230315826515352e-06,741.8633848379995
2.161520190023753,9100,0.6222096443176269,,6.212721034573766e-06,742.7040225130004
2.163895486935867,9110,0.6583785533905029,,6.195126242632181e-06,743.5969515670004
2.166270783847981,9120,0.6218158721923828,,6.177531450690596e-06,744.3907067399996
2.168646080760095,9130,0.634977149963379,,6.159936658749011e-06,745.114751699999
2.171021377672209,9140,0.5906140804290771,,6.142341866807425e-06,745.9930202889991
2.173396674584323,9150,0.6290813446044922,,6.12474707486584e-06,746.8032935359988
2.175771971496437,9160,0.6346143245697021,,6.1071522829242545e-06,747.5764322679988
2.178147268408551,9170,0.6394624233245849,,6.089557490982669e-06,748.4269011830002
2.1805225653206652,9180,0.648434829711914,,6.0719626990410844e-06,749.2647800689992
2.182897862232779,9190,0.6034087657928466,,6.054367907099499e-06,750.1168680579995
2.1852731591448933,9200,0.6498792171478271,,6.0367731151579136e-06,750.9219178919993
2.187648456057007,9210,0.6166903495788574,,6.019178323216328e-06,751.6847219829997
2.1900237529691213,9220,0.6309716701507568,,6.001583531274743e-06,752.4605800890004
2.192399049881235,9230,0.6308487892150879,,5.983988739333157e-06,753.258934378
2.1947743467933494,9240,0.6409626007080078,,5.966393947391572e-06,754.1599614309998
2.197149643705463,9250,0.6291821479797364,,5.948799155449987e-06,754.9921297620003
2.199524940617577,9260,0.6234071254730225,,5.931204363508402e-06,755.8430432639998
2.201900237529691,9270,0.602877426147461,,5.913609571566816e-06,756.6320635929987
2.204275534441805,9280,0.6177480220794678,,5.896014779625231e-06,757.3203926719998
2.2066508313539193,9290,0.6422549247741699,,5.8784199876836455e-06,758.1706525159989
2.209026128266033,9300,0.6226013660430908,,5.86082519574206e-06,759.0485565809995
2.2114014251781473,9310,0.6281388282775879,,5.843230403800475e-06,759.9132826799996
2.213776722090261,9320,0.6238244533538818,,5.82563561185889e-06,760.7738196749997
2.2161520190023754,9330,0.6391258239746094,,5.808040819917305e-06,761.6351747499994
2.218527315914489,9340,0.6335578918457031,,5.79044602797572e-06,762.4585481739996
2.2209026128266034,9350,0.6315143585205079,,5.7728512360341345e-06,763.3176082800001
2.223277909738717,9360,0.6162701606750488,,5.75525644409255e-06,764.2101467749999
2.2256532066508314,9370,0.6500752925872803,,5.7376616521509645e-06,764.9582272610005
2.2280285035629452,9380,0.6195424556732178,,5.720066860209379e-06,765.7264999179988
2.2304038004750595,9390,0.6112906455993652,,5.702472068267794e-06,766.5066281109994
2.2327790973871733,9400,0.6332016468048096,,5.684877276326208e-06,767.3759412549989
2.2351543942992875,9410,0.6577948093414306,,5.667282484384623e-06,768.203530408
2.2375296912114013,9420,0.6218544483184815,,5.649687692443037e-06,769.1062321270001
2.2399049881235156,9430,0.6406866073608398,,5.632092900501453e-06,769.9238566019994
2.2422802850356294,9440,0.6395959854125977,,5.614498108559867e-06,770.7239314689996
2.2446555819477436,9450,0.6383120536804199,,5.596903316618282e-06,771.4956326470001
2.2470308788598574,9460,0.6368616580963135,,5.579308524676696e-06,772.4115492719993
2.2494061757719717,9470,0.6432669639587403,,5.561713732735111e-06,773.2817121659991
2.2517814726840855,9480,0.6210411071777344,,5.5441189407935255e-06,774.0857344340002
2.2541567695961997,9490,0.6132388114929199,,5.526524148851941e-06,774.9142521060003
2.2565320665083135,9500,0.6289904117584229,,5.5089293569103555e-06,775.7423938989996
2.2589073634204277,9510,0.651497220993042,,5.49133456496877e-06,776.5691563469991
2.2612826603325415,9520,0.623516035079956,,5.473739773027185e-06,777.4405989240004
2.2636579572446553,9530,0.6148941516876221,,5.456144981085599e-06,778.2819646659991
2.2660332541567696,9540,0.6304375648498535,,5.438550189144014e-06,779.0852362709993
2.268408551068884,9550,0.6339288711547851,,5.420955397202428e-06,779.8411815649997
2.2707838479809976,9560,0.6497784614562988,,5.403360605260844e-06,780.609006925999
2.2731591448931114,9570,0.6424340724945068,,5.385765813319258e-06,781.4444530620003
2.2755344418052257,9580,0.6135057926177978,,5.368171021377673e-06,782.2209375319999
2.2779097387173395,9590,0.6262034893035888,,5.350576229436087e-06,782.9694897930003
2.2802850356294537,9600,0.628667163848877,,5.332981437494502e-06,783.764356923999
2.2826603325415675,9610,0.6320874214172363,,5.3153866455529165e-06,784.5363097110003
2.2850356294536818,9620,0.6251651763916015,,5.297791853611331e-06,785.2869802709993
2.2874109263657956,9630,0.6243680953979492,,5.2801970616697465e-06,786.1436397300004
2.28978622327791,9640,0.6180581092834473,,5.262602269728161e-06,786.9801664490005
2.2921615201900236,9650,0.6170012474060058,,5.245007477786576e-06,787.7385545279994
2.294536817102138,9660,0.6125348567962646,,5.22741268584499e-06,788.5720373479999
2.2969121140142517,9670,0.6144900321960449,,5.209817893903405e-06,789.3652240359988
2.299287410926366,9680,0.6336756229400635,,5.192223101961819e-06,790.0479619180005
2.3016627078384797,9690,0.6352584362030029,,5.174628310020235e-06,790.8175586529997
2.304038004750594,9700,0.6532859802246094,,5.157033518078649e-06,791.7468695129992
2.3064133016627077,9710,0.6227538585662842,,5.139438726137064e-06,792.5002538119988
2.308788598574822,9720,0.6423888683319092,,5.121843934195478e-06,793.2481038389997
2.311163895486936,9730,0.6592758655548095,,5.104249142253893e-06,794.0416836389995
2.31353919239905,9740,0.6325288772583008,,5.0866543503123075e-06,794.7911984820003
2.315914489311164,9750,0.627434492111206,,5.069059558370722e-06,795.5953496330003
2.318289786223278,9760,0.6199129104614258,,5.0514647664291375e-06,796.4447174220004
2.320665083135392,9770,0.6440105438232422,,5.033869974487552e-06,797.3091048309998
2.323040380047506,9780,0.6452187538146973,,5.016275182545967e-06,798.199877559
2.32541567695962,9790,0.6430400848388672,,4.998680390604381e-06,799.041971486
2.3277909738717337,9800,0.6175987243652343,,4.981085598662796e-06,799.853512783
2.330166270783848,9810,0.6571752071380615,,4.963490806721211e-06,800.6073314810001
2.332541567695962,9820,0.6299436092376709,,4.945896014779626e-06,801.5209900959999
2.334916864608076,9830,0.6413667678833008,,4.92830122283804e-06,802.353771266
2.33729216152019,9840,0.6344082355499268,,4.910706430896455e-06,803.1859180800002
2.339667458432304,9850,0.6590973377227783,,4.89311163895487e-06,803.9221493690002
2.342042755344418,9860,0.6079999923706054,,4.875516847013285e-06,804.7853240659988
2.344418052256532,9870,0.6488015174865722,,4.857922055071699e-06,805.5617298689995
2.346793349168646,9880,0.6124009609222412,,4.840327263130114e-06,806.398528538999
2.34916864608076,9890,0.6143936157226563,,4.8227324711885285e-06,807.2502733099991
2.351543942992874,9900,0.6406651496887207,,4.805137679246943e-06,808.0361342790002
2.353919239904988,9910,0.627252197265625,,4.7875428873053585e-06,808.8239962850002
2.356294536817102,9920,0.6439412593841553,,4.769948095363773e-06,809.6940906349992
2.3586698337292162,9930,0.6103033542633056,,4.752353303422188e-06,810.5475662469998
2.36104513064133,9940,0.6046373844146729,,4.734758511480602e-06,811.347326613999
2.3634204275534443,9950,0.6096793174743652,,4.717163719539017e-06,812.1086936920001
2.365795724465558,9960,0.6185750961303711,,4.699568927597431e-06,812.9185625409991
2.3681710213776723,9970,0.6302458286285401,,4.681974135655846e-06,813.741772985999
2.370546318289786,9980,0.6262068748474121,,4.664379343714261e-06,814.5124582839999
2.3729216152019004,9990,0.6471990585327149,,4.646784551772676e-06,815.375068932999
2.375296912114014,10000,0.6436299324035645,,4.62918975983109e-06,816.1215012760003
2.3776722090261284,10010,0.6299819946289062,,4.611594967889505e-06,817.0464183469994
2.380047505938242,10020,0.6579413890838623,,4.5940001759479195e-06,817.8214601769996
2.3824228028503565,10030,0.6392820358276368,,4.576405384006334e-06,818.5742754959992
2.3847980997624703,10040,0.648493480682373,,4.5588105920647495e-06,819.3096507959999
2.3871733966745845,10050,0.6285382747650147,,4.541215800123164e-06,820.1253764449993
2.3895486935866983,10060,0.6267509460449219,,4.523621008181579e-06,820.9995451739996
2.391923990498812,10070,0.6514297485351562,,4.506026216239993e-06,821.7383940849995
2.3942992874109263,10080,0.6253451824188232,,4.488431424298408e-06,822.5718052529992
2.3966745843230406,10090,0.601210069656372,,4.470836632356822e-06,823.2621582479987
2.3990498812351544,10100,0.6083845615386962,,4.453241840415237e-06,824.0768816569998
2.401425178147268,10110,0.6310030460357666,,4.435647048473652e-06,824.8297927900003
2.4038004750593824,10120,0.6486449718475342,,4.418052256532067e-06,825.645370541999
2.4061757719714967,10130,0.6187064170837402,,4.400457464590482e-06,826.5020958969999
2.4085510688836105,10140,0.6065141677856445,,4.382862672648897e-06,827.3971736929998
2.4109263657957243,10150,0.6283671379089355,,4.365267880707311e-06,828.2129367189991
2.4133016627078385,10160,0.6261871337890625,,4.347673088765726e-06,829.0977387719995
2.4156769596199523,10170,0.6467618465423584,,4.3300782968241405e-06,829.8805268779997
2.4180522565320666,10180,0.6438239574432373,,4.312483504882555e-06,830.6463910269995
2.4204275534441804,10190,0.609205961227417,,4.29488871294097e-06,831.5764881300001
2.4228028503562946,10200,0.6386055946350098,,4.277293920999385e-06,832.4050039769991
2.4251781472684084,10210,0.632420015335083,,4.2596991290578e-06,833.2578458339995
2.4275534441805227,10220,0.6481966495513916,,4.242104337116214e-06,834.0966147589988
2.4299287410926365,10230,0.6022346019744873,,4.224509545174629e-06,834.9119354619997
2.4323040380047507,10240,0.6334148406982422,,4.206914753233043e-06,835.7695901679999
2.4346793349168645,10250,0.6265749454498291,,4.189319961291458e-06,836.644684167999
2.4370546318289787,10260,0.6088189125061035,,4.171725169349872e-06,837.4688761409998
2.4394299287410925,10270,0.6357500553131104,,4.154130377408288e-06,838.2432427879994
2.441805225653207,10280,0.6227960586547852,,4.136535585466702e-06,838.9916883490005
2.4441805225653206,10290,0.6101653575897217,,4.118940793525117e-06,839.9663660940005
2.446555819477435,10300,0.6438633918762207,,4.1013460015835315e-06,840.905204613
2.4489311163895486,10310,0.6184345722198487,,4.083751209641946e-06,841.7887032489998
2.451306413301663,10320,0.6141914367675781,,4.066156417700361e-06,842.6774674539993
2.4536817102137767,10330,0.6347581386566162,,4.048561625758776e-06,843.5283953830003
2.456057007125891,10340,0.6051000595092774,,4.030966833817191e-06,844.3071311469994
2.4584323040380047,10350,0.6294703960418702,,4.013372041875605e-06,845.1184332289995
2.460807600950119,10360,0.613482666015625,,3.99577724993402e-06,845.8835583179989
2.4631828978622328,10370,0.6355295658111573,,3.978182457992434e-06,846.6423290459988
2.4655581947743466,10380,0.6340034484863282,,3.960587666050849e-06,847.4831741959988
2.467933491686461,10390,0.6301910400390625,,3.942992874109263e-06,848.322760228999
2.470308788598575,10400,0.6300791740417481,,3.925398082167679e-06,849.0569221059995
2.472684085510689,10410,0.6132689952850342,,3.907803290226093e-06,849.7984537649991
2.4750593824228027,10420,0.628913402557373,,3.890208498284508e-06,850.6519036819991
2.477434679334917,10430,0.6354998111724853,,3.8726137063429225e-06,851.4367020070003
2.4798099762470307,10440,0.6503776550292969,,3.855018914401337e-06,852.1661850660003
2.482185273159145,10450,0.6491463661193848,,3.8374241224597525e-06,852.993792235
2.4845605700712587,10460,0.6025792598724365,,3.819829330518167e-06,853.8669805320005
2.486935866983373,10470,0.6508984565734863,,3.802234538576582e-06,854.7716130339995
2.489311163895487,10480,0.6304111480712891,,3.7846397466349966e-06,855.5532843410001
2.491686460807601,10490,0.6221835136413574,,3.767044954693411e-06,856.4550459689999
2.494061757719715,10500,0.6107578754425049,,3.749450162751826e-06,857.3423935729988
2.496437054631829,10510,0.6304461479187011,,3.7318553708102407e-06,858.1722248339993
2.498812351543943,10520,0.6314006328582764,,3.7142605788686553e-06,858.9935237789996
2.501187648456057,10530,0.6506240367889404,,3.69666578692707e-06,859.7245621229995
2.503562945368171,10540,0.6108239650726318,,3.679070994985485e-06,860.6074707299995
2.505938242280285,10550,0.6219839096069336,,3.6614762030438994e-06,861.3106945849995
2.508313539192399,10560,0.6247923374176025,,3.643881411102314e-06,862.1457173210001
2.510688836104513,10570,0.6336850643157959,,3.626286619160729e-06,862.9637998729995
2.513064133016627,10580,0.6314316272735596,,3.6086918272191435e-06,863.7938260129995
2.5154394299287413,10590,0.6217315673828125,,3.591097035277558e-06,864.3975306739994
2.517814726840855,10600,0.6421969413757325,,3.573502243335973e-06,865.2064450439993
2.520190023752969,10610,0.616555118560791,,3.5559074513943876e-06,866.0102877179997
2.522565320665083,10620,0.6201853275299072,,3.538312659452802e-06,866.7884192419988
2.5249406175771973,10630,0.6313708305358887,,3.5207178675112167e-06,867.5372350779999
2.527315914489311,10640,0.6432063102722168,,3.5031230755696317e-06,868.3681506619996
2.529691211401425,10650,0.6073511123657227,,3.4855282836280463e-06,869.1590395450003
2.532066508313539,10660,0.6153026580810547,,3.467933491686461e-06,869.9835450049995
2.5344418052256534,10670,0.6267163276672363,,3.450338699744876e-06,870.8407448929993
2.5368171021377672,10680,0.6144969940185547,,3.4327439078032904e-06,871.5724720059989
2.539192399049881,10690,0.6380706310272217,,3.415149115861705e-06,872.3507106889992
2.5415676959619953,10700,0.6075953483581543,,3.39755432392012e-06,873.2327244449989
2.5439429928741095,10710,0.6169819831848145,,3.3799595319785345e-06,874.0762547140002
2.5463182897862233,10720,0.6084543704986572,,3.362364740036949e-06,875.0038453329998
2.548693586698337,10730,0.6408521652221679,,3.344769948095364e-06,875.8028325359992
2.5510688836104514,10740,0.639461088180542,,3.3271751561537786e-06,876.6279869009995
2.553444180522565,10750,0.6303897380828858,,3.309580364212193e-06,877.4136258899998
2.5558194774346794,10760,0.643705940246582,,3.2919855722706086e-06,878.242677065
2.558194774346793,10770,0.6193440914154053,,3.274390780329023e-06,879.0698305589995
2.5605700712589075,10780,0.6515391826629638,,3.2567959883874377e-06,879.8733445819998
2.5629453681710213,10790,0.6299497604370117,,3.2392011964458527e-06,880.6380684840005
2.5653206650831355,10800,0.6164302825927734,,3.2216064045042672e-06,881.5031098519994
2.5676959619952493,10810,0.6283230781555176,,3.204011612562682e-06,882.2723897550004
2.5700712589073635,10820,0.628288745880127,,3.1864168206210968e-06,883.0627531609989
2.5724465558194773,10830,0.6218605041503906,,3.1688220286795113e-06,883.8611711880003
2.5748218527315916,10840,0.6325407028198242,,3.151227236737926e-06,884.5613067539998
2.5771971496437054,10850,0.6374082565307617,,3.1336324447963405e-06,885.3833307860004
2.5795724465558196,10860,0.6211604118347168,,3.1160376528547555e-06,886.1524066660004
2.5819477434679334,10870,0.6397546768188477,,3.09844286091317e-06,886.925501193
2.5843230403800472,10880,0.62472505569458,,3.0808480689715846e-06,887.8035031439995
2.5866983372921615,10890,0.6389080047607422,,3.0632532770299996e-06,888.679571097
2.5890736342042757,10900,0.6434009552001954,,3.045658485088414e-06,889.4485213129992
2.5914489311163895,10910,0.6089260101318359,,3.0280636931468287e-06,890.1955850949998
2.5938242280285033,10920,0.6264070510864258,,3.0104689012052437e-06,891.0010294909989
2.5961995249406176,10930,0.6150029182434082,,2.9928741092636582e-06,891.8163976609994
2.598574821852732,10940,0.6283185958862305,,2.975279317322073e-06,892.5786012709996
2.6009501187648456,10950,0.6208198547363282,,2.9576845253804874e-06,893.4415931999993
2.6033254156769594,10960,0.6177632331848144,,2.9400897334389023e-06,894.2320251439996
2.6057007125890737,10970,0.6466602802276611,,2.922494941497317e-06,894.9904957639992
2.608076009501188,10980,0.5983868598937988,,2.9049001495557315e-06,895.7948153519992
2.6104513064133017,10990,0.5976212501525879,,2.8873053576141465e-06,896.6320730120005
2.6128266033254155,11000,0.6184660911560058,,2.869710565672561e-06,897.4231108659988
2.6152019002375297,11010,0.6084977149963379,,2.8521157737309756e-06,898.1670759879999
2.6175771971496435,11020,0.6459285736083984,,2.8345209817893906e-06,899.0546478510005
2.619952494061758,11030,0.6176504135131836,,2.816926189847805e-06,899.8624019059989
2.6223277909738716,11040,0.6488770961761474,,2.7993313979062197e-06,900.7367662670003
2.624703087885986,11050,0.6132782459259033,,2.7817366059646343e-06,901.487548477
2.6270783847980996,11060,0.634920310974121,,2.7641418140230492e-06,902.3915246609995
2.629453681710214,11070,0.6274003505706787,,2.746547022081464e-06,903.2219943090004
2.6318289786223277,11080,0.6087836265563965,,2.728952230139879e-06,904.0022396189997
2.634204275534442,11090,0.6144219875335694,,2.7113574381982938e-06,904.7656719280003
2.6365795724465557,11100,0.6046353340148926,,2.6937626462567083e-06,905.5833379639989
2.63895486935867,11110,0.5983133792877198,,2.6761678543151233e-06,906.3148599439992
2.6413301662707838,11120,0.6251114845275879,,2.658573062373538e-06,907.0782642809991
2.643705463182898,11130,0.6406550407409668,,2.6409782704319524e-06,907.9774573979994
2.646080760095012,11140,0.635521650314331,,2.6233834784903674e-06,908.815974105999
2.648456057007126,11150,0.6200759410858154,,2.605788686548782e-06,909.6235213299988
2.65083135391924,11160,0.6011168003082276,,2.5881938946071966e-06,910.3910892389995
2.653206650831354,11170,0.6390929698944092,,2.570599102665611e-06,911.2304605539994
2.655581947743468,11180,0.645482349395752,,2.553004310724026e-06,912.14129426
2.6579572446555817,11190,0.6306476593017578,,2.5354095187824407e-06,912.9625413949998
2.660332541567696,11200,0.629388952255249,,2.5178147268408552e-06,913.732236504
2.66270783847981,11210,0.6016107559204101,,2.5002199348992702e-06,914.5555141669993
2.665083135391924,11220,0.6321954250335693,,2.4826251429576848e-06,915.4210408729996
2.667458432304038,11230,0.6192621707916259,,2.4650303510160993e-06,916.1850862030005
2.669833729216152,11240,0.6314373970031738,,2.4474355590745143e-06,917.0205966649992
2.6722090261282663,11250,0.6462301731109619,,2.429840767132929e-06,917.8375645159995
2.67458432304038,11260,0.6407412528991699,,2.4122459751913434e-06,918.610181308999
2.676959619952494,11270,0.636446762084961,,2.394651183249758e-06,919.4284323979991
2.679334916864608,11280,0.6259681224822998,,2.377056391308173e-06,920.3141582070002
2.6817102137767224,11290,0.6159636497497558,,2.3594615993665876e-06,921.2005528850004
2.684085510688836,11300,0.6133615016937256,,2.341866807425002e-06,922.0183845789998
2.68646080760095,11310,0.6155047416687012,,2.324272015483417e-06,922.8725794459988
2.688836104513064,11320,0.6071460723876954,,2.306677223541832e-06,923.6209007580001
2.691211401425178,11330,0.6221248149871826,,2.2890824316002467e-06,924.4120584259999
2.6935866983372923,11340,0.6526298522949219,,2.2714876396586612e-06,925.2251668749996
2.695961995249406,11350,0.6187848091125489,,2.253892847717076e-06,925.9847535779991
2.6983372921615203,11360,0.6199566841125488,,2.2362980557754908e-06,926.8070977939988
2.700712589073634,11370,0.6059672832489014,,2.2187032638339053e-06,927.678931254999
2.7030878859857483,11380,0.6222181797027588,,2.20110847189232e-06,928.4442026590004
2.705463182897862,11390,0.6048334121704102,,2.183513679950735e-06,929.2997279720003
2.7078384798099764,11400,0.6058640956878663,,2.1659188880091494e-06,930.0627924469991
2.71021377672209,11410,0.6059506893157959,,2.148324096067564e-06,930.870384550999
2.7125890736342044,11420,0.6239184379577637,,2.130729304125979e-06,931.6060585100004
2.7149643705463182,11430,0.6424917221069336,,2.1131345121843935e-06,932.3785402789999
2.7173396674584325,11440,0.6539047241210938,,2.095539720242808e-06,933.2155391920005
2.7197149643705463,11450,0.6456000804901123,,2.077944928301223e-06,934.0987208440001
2.72209026128266,11460,0.6261094570159912,,2.0603501363596377e-06,934.9191182409995
2.7244655581947743,11470,0.6066051006317139,,2.0427553444180522e-06,935.7185710229987
2.7268408551068886,11480,0.6256966114044189,,2.025160552476467e-06,936.5217531549988
2.7292161520190024,11490,0.6150349140167236,,2.0075657605348818e-06,937.3131974089993
2.731591448931116,11500,0.6463669300079345,,1.9899709685932968e-06,938.1219571000001
2.7339667458432304,11510,0.6131419181823731,,1.9723761766517113e-06,938.8796795519993
2.7363420427553447,11520,0.6482800006866455,,1.954781384710126e-06,939.6912574670005
2.7387173396674585,11530,0.6142541885375976,,1.937186592768541e-06,940.5101129840004
2.7410926365795723,11540,0.610201072692871,,1.9195918008269554e-06,941.2955019929996
2.7434679334916865,11550,0.6333950996398926,,1.90199700888537e-06,942.0151018420001
2.7458432304038007,11560,0.650096321105957,,1.8844022169437848e-06,942.8478415869995
2.7482185273159145,11570,0.5929186344146729,,1.8668074250021995e-06,943.665335284999
2.7505938242280283,11580,0.6263718605041504,,1.849212633060614e-06,944.4234638649996
2.7529691211401426,11590,0.6111505508422852,,1.8316178411190289e-06,945.1437130710001
2.7553444180522564,11600,0.5950825691223145,,1.8140230491774436e-06,945.9430528009998
2.7577197149643706,11610,0.6329366207122803,,1.7964282572358582e-06,946.7808470029995
2.7600950118764844,11620,0.6269367218017579,,1.778833465294273e-06,947.5669925829989
2.7624703087885987,11630,0.6410935401916504,,1.7612386733526875e-06,948.3421707029993
2.7648456057007125,11640,0.6112846374511719,,1.7436438814111025e-06,949.185837391
2.7672209026128267,11650,0.6395157814025879,,1.7260490894695173e-06,949.9130341210002
2.7695961995249405,11660,0.6300614833831787,,1.7084542975279319e-06,950.8212441119995
2.7719714964370548,11670,0.6243538379669189,,1.6908595055863466e-06,951.6882465569997
2.7743467933491686,11680,0.6359908103942871,,1.6732647136447614e-06,952.4861627499995
2.776722090261283,11690,0.627934741973877,,1.655669921703176e-06,953.2880633559998
2.7790973871733966,11700,0.6075536251068115,,1.6380751297615907e-06,954.1475405719993
2.781472684085511,11710,0.6093920707702637,,1.6204803378200053e-06,954.9493345890005
2.7838479809976246,11720,0.6335062980651855,,1.60288554587842e-06,955.7641784200005
2.7862232779097384,11730,0.6235921859741211,,1.5852907539368349e-06,956.6204352229997
2.7885985748218527,11740,0.6254053115844727,,1.5676959619952494e-06,957.392055332999
2.790973871733967,11750,0.6241569519042969,,1.5501011700536642e-06,958.060604888
2.7933491686460807,11760,0.6658933639526368,,1.5325063781120788e-06,958.8909269279993
2.7957244655581945,11770,0.6290982246398926,,1.5149115861704935e-06,959.695306091
2.798099762470309,11780,0.6355499744415283,,1.4973167942289083e-06,960.4960513829992
2.800475059382423,11790,0.6397661209106446,,1.4797220022873233e-06,961.2979627179993
2.802850356294537,11800,0.6294756412506104,,1.4621272103457379e-06,962.134472800999
2.8052256532066506,11810,0.6234679222106934,,1.4445324184041526e-06,962.9605643409996
2.807600950118765,11820,0.6215776920318603,,1.4269376264625672e-06,963.6905757339991
2.809976247030879,11830,0.6357189655303955,,1.409342834520982e-06,964.4973364859998
2.812351543942993,11840,0.6206892967224121,,1.3917480425793967e-06,965.2794610189994
2.8147268408551067,11850,0.6297392845153809,,1.3741532506378113e-06,966.0592958509988
2.817102137767221,11860,0.6289560317993164,,1.356558458696226e-06,966.8945627270004
2.8194774346793348,11870,0.602085542678833,,1.3389636667546406e-06,967.7126497819991
2.821852731591449,11880,0.6326241016387939,,1.3213688748130554e-06,968.4939161419989
2.824228028503563,11890,0.6241093158721924,,1.3037740828714702e-06,969.2217606880004
2.826603325415677,11900,0.5948001861572265,,1.2861792909298847e-06,970.0704249480004
2.828978622327791,11910,0.6225831985473633,,1.2685844989882995e-06,970.9172954349997
2.831353919239905,11920,0.6158656120300293,,1.250989707046714e-06,971.7007585070005
2.833729216152019,11930,0.6107011318206788,,1.233394915105129e-06,972.4954438080003
2.836104513064133,11940,0.6154904365539551,,1.2158001231635436e-06,973.3744386269991
2.838479809976247,11950,0.6297857284545898,,1.1982053312219584e-06,974.2645013189995
2.840855106888361,11960,0.6287550449371337,,1.1806105392803732e-06,975.0330624479993
2.843230403800475,11970,0.6267258644104003,,1.1630157473387877e-06,975.7788367559988
2.8456057007125892,11980,0.6493746757507324,,1.1454209553972025e-06,976.6252990920002
2.847980997624703,11990,0.6245661735534668,,1.1278261634556173e-06,977.4404716489989
2.850356294536817,12000,0.6296636581420898,,1.110231371514032e-06,978.2185652190001
2.852731591448931,12010,0.6123438835144043,,1.0926365795724466e-06,979.0326403219988
2.8551068883610453,12020,0.6082830905914307,,1.0750417876308614e-06,979.8363835839991
2.857482185273159,12030,0.6177139282226562,,1.057446995689276e-06,980.6260960979998
2.859857482185273,12040,0.6265558242797852,,1.0398522037476907e-06,981.4243708670001
2.862232779097387,12050,0.6087181091308593,,1.0222574118061055e-06,982.2734167569997
2.8646080760095014,12060,0.6266232490539551,,1.00466261986452e-06,983.0738891959991
2.866983372921615,12070,0.6038980484008789,,9.87067827922935e-07,983.9005192860004
2.869358669833729,12080,0.6307396411895752,,9.694730359813496e-07,984.6623304629993
2.8717339667458432,12090,0.6332504272460937,,9.518782440397643e-07,985.5409373429993
2.8741092636579575,12100,0.6226117610931396,,9.342834520981791e-07,986.3527373399993
2.8764845605700713,12110,0.6314939498901367,,9.166886601565937e-07,987.1141359009998
2.878859857482185,12120,0.6350299835205078,,8.990938682150084e-07,987.9299050930003
2.8812351543942993,12130,0.6118378162384033,,8.814990762734231e-07,988.7834065970001
2.883610451306413,12140,0.6351529121398926,,8.639042843318378e-07,989.6032817029991
2.8859857482185274,12150,0.6383056163787841,,8.463094923902526e-07,990.4210404690002
2.888361045130641,12160,0.6269213676452636,,8.287147004486673e-07,991.2725614339997
2.8907363420427554,12170,0.611033582687378,,8.11119908507082e-07,992.1138457349989
2.8931116389548692,12180,0.6528877258300781,,7.935251165654967e-07,992.9378212459997
2.8954869358669835,12190,0.5980733394622803,,7.759303246239114e-07,993.7769383779996
2.8978622327790973,12200,0.6156104564666748,,7.583355326823261e-07,994.6104537930005
2.9002375296912115,12210,0.6262816429138184,,7.407407407407407e-07,995.3945385429997
2.9026128266033253,12220,0.6500420570373535,,7.231459487991555e-07,996.1956991400002
2.9049881235154396,12230,0.6353850841522217,,7.055511568575703e-07,996.9764116160004
2.9073634204275534,12240,0.6308502674102783,,6.879563649159849e-07,997.8074036839989
2.9097387173396676,12250,0.6262016296386719,,6.703615729743996e-07,998.6595241409996
2.9121140142517814,12260,0.604276704788208,,6.527667810328144e-07,999.4153666509992
2.9144893111638956,12270,0.6022053718566894,,6.351719890912291e-07,1000.1667512619988
2.9168646080760094,12280,0.6263000965118408,,6.175771971496437e-07,1000.9571244349991
2.9192399049881237,12290,0.6120204925537109,,5.999824052080585e-07,1001.7308811509993
2.9216152019002375,12300,0.620133638381958,,5.823876132664732e-07,1002.6413836029988
2.9239904988123513,12310,0.6184911727905273,,5.647928213248878e-07,1003.455850852999
2.9263657957244655,12320,0.6356668472290039,,5.471980293833026e-07,1004.2646572680005
2.92874109263658,12330,0.6312520027160644,,5.296032374417173e-07,1005.0376318449999
2.9311163895486936,12340,0.6196992874145508,,5.12008445500132e-07,1005.8191859629987
2.9334916864608074,12350,0.6390496730804444,,4.944136535585467e-07,1006.6453604029994
2.9358669833729216,12360,0.6377080917358399,,4.768188616169614e-07,1007.4042033189999
2.938242280285036,12370,0.6312161922454834,,4.5922406967537616e-07,1008.2159334379994
2.9406175771971497,12380,0.6188691616058349,,4.416292777337908e-07,1009.0106918950005
2.9429928741092635,12390,0.6231183052062989,,4.2403448579220555e-07,1009.8288133999995
2.9453681710213777,12400,0.61908860206604,,4.064396938506202e-07,1010.5492652819994
2.947743467933492,12410,0.6073822975158691,,3.88844901909035e-07,1011.3553301789998
2.9501187648456058,12420,0.6409815788269043,,3.7125010996744966e-07,1012.1827556930002
2.9524940617577196,12430,0.5948354244232178,,3.536553180258644e-07,1012.9520184479989
2.954869358669834,12440,0.610556173324585,,3.3606052608427905e-07,1013.8305891780001
2.9572446555819476,12450,0.6369361400604248,,3.184657341426938e-07,1014.6646407690005
2.959619952494062,12460,0.6065128326416016,,3.008709422011085e-07,1015.5265568409995
2.9619952494061756,12470,0.5874809741973877,,2.832761502595232e-07,1016.2658145869991
2.96437054631829,12480,0.6170223236083985,,2.6568135831793793e-07,1017.0133219660001
2.9667458432304037,12490,0.6109365463256836,,2.480865663763526e-07,1017.785553026999
2.969121140142518,12500,0.6274435997009278,,2.3049177443476735e-07,1018.6217420579997
2.9714964370546317,12510,0.6279651641845703,,2.1289698249318201e-07,1019.4721026650004
2.973871733966746,12520,0.609090518951416,,1.9530219055159676e-07,1020.2296912929996
2.97624703087886,12530,0.6331187725067139,,1.7770739861001143e-07,1021.0568874389992
2.978622327790974,12540,0.6154263496398926,,1.6011260666842618e-07,1021.8901580250003
2.980997624703088,12550,0.6546425342559814,,1.4251781472684087e-07,1022.6901164190003
2.983372921615202,12560,0.5973607063293457,,1.249230227852556e-07,1023.4753711680005
2.985748218527316,12570,0.6028617858886719,,1.0732823084367029e-07,1024.3212704380003
2.9881235154394297,12580,0.6296463012695312,,8.9733438902085e-08,1025.0966728969997
2.990498812351544,12590,0.6225218772888184,,7.213864696049969e-08,1025.8201760119991
2.992874109263658,12600,0.6237636566162109,,5.45438550189144e-08,1026.5252741740005
2.995249406175772,12610,0.6173931121826172,,3.694906307732912e-08,1027.3297948319996
2.9976247030878858,12620,0.6317488670349121,,1.9354271135743822e-08,1028.1371414509995
3.0,12630,0.612446928024292,,1.7594791941585293e-09,1028.9447937610003
3.0,12630,,0.6189061403274536,,1031.359997878999
3.0,12630,,,,1032.017266384999
