epoch,step,loss,eval_loss,learning_rate,elapsed_seconds
0.0023752969121140144,10,0.7018185615539551,,1.4251781472684087e-07,1.4562742610005444
0.004750593824228029,20,0.7152702808380127,,3.008709422011085e-07,2.1730568020002465
0.007125890736342043,30,0.7149260997772217,,4.5922406967537616e-07,2.9521208209998804
0.009501187648456057,40,0.7114476203918457,,6.175771971496437e-07,3.663013977999981
0.011876484560570071,50,0.710721492767334,,7.759303246239114e-07,4.312886224000067
0.014251781472684086,60,0.7097005367279052,,9.342834520981791e-07,5.042843547000302
0.0166270783847981,70,0.7027002811431885,,1.0926365795724466e-06,5.783593101000406
0.019002375296912115,80,0.7193879127502442,,1.250989707046714e-06,6.569362054000521
0.021377672209026127,90,0.7163841247558593,,1.409342834520982e-06,7.420503524999731
0.023752969121140142,100,0.7092421054840088,,1.5676959619952494e-06,8.194973826000023
0.026128266033254157,110,0.7198820114135742,,1.7260490894695173e-06,8.887031549999847
0.028503562945368172,120,0.7145594596862793,,1.8844022169437848e-06,9.638846927000486
0.030878859857482184,130,0.6994109153747559,,2.0427553444180522e-06,10.407068270000309
0.0332541567695962,140,0.7100838661193848,,2.20110847189232e-06,11.0868090390004
0.035629453681710214,150,0.7025825023651123,,2.3594615993665876e-06,11.785610589000498
0.03800475059382423,160,0.7108326911926269,,2.5178147268408552e-06,12.587434333000601
0.040380047505938245,170,0.7160186290740966,,2.6761678543151233e-06,13.333566979000352
0.04275534441805225,180,0.6992536067962647,,2.8345209817893906e-06,14.126646089000133
0.04513064133016627,190,0.7176574230194092,,2.9928741092636582e-06,14.833417548000398
0.047505938242280284,200,0.7000988483428955,,3.151227236737926e-06,15.556426515000567
0.0498812351543943,210,0.7050786495208741,,3.309580364212193e-06,16.292175395000413
0.052256532066508314,220,0.7014304637908936,,3.467933491686461e-06,16.976491352000266
0.05463182897862233,230,0.7080960750579834,,3.626286619160729e-06,17.729624462000174
0.057007125890736345,240,0.6988865375518799,,3.7846397466349966e-06,18.55903690500054
0.05938242280285035,250,0.6821616649627685,,3.942992874109263e-06,19.26516854500005
0.06175771971496437,260,0.704584789276123,,4.1013460015835315e-06,19.9711289020006
0.06413301662707839,270,0.6823908805847168,,4.2596991290578e-06,20.768102730000464
0.0665083135391924,280,0.714863920211792,,4.418052256532067e-06,21.519338373999744
0.0688836104513064,290,0.7077932357788086,,4.576405384006334e-06,22.26150753500042
0.07125890736342043,300,0.7047055244445801,,4.734758511480602e-06,23.002007965000303
0.07363420427553444,310,0.7035985469818116,,4.89311163895487e-06,23.72791787999995
0.07600950118764846,320,0.6952348709106445,,5.0514647664291375e-06,24.493877916999736
0.07838479809976247,330,0.6966283798217774,,5.209817893903405e-06,25.260476684999958
0.08076009501187649,340,0.6952395439147949,,5.368171021377673e-06,25.931251589000567
0.0831353919239905,350,0.7035748481750488,,5.526524148851941e-06,26.71851242000048
0.0855106888361045,360,0.6982482433319092,,5.684877276326208e-06,27.47149879100016
0.08788598574821853,370,0.6900207042694092,,5.843230403800475e-06,28.277696365000338
0.09026128266033254,380,0.7115554332733154,,6.001583531274743e-06,28.988301067000066
0.09263657957244656,390,0.680866813659668,,6.159936658749011e-06,29.767096487000344
0.09501187648456057,400,0.6950610637664795,,6.318289786223278e-06,30.545732397000393
0.09738717339667459,410,0.6777164459228515,,6.476642913697546e-06,31.249412096000015
0.0997624703087886,420,0.6786810398101807,,6.634996041171814e-06,32.00362202700035
0.1021377672209026,430,0.6868615627288819,,6.7933491686460815e-06,32.735088223000275
0.10451306413301663,440,0.7060275077819824,,6.951702296120349e-06,33.48327487200004
0.10688836104513064,450,0.6911059856414795,,7.110055423594616e-06,34.2479605590006
0.10926365795724466,460,0.6891043663024903,,7.268408551068884e-06,35.0561724600002
0.11163895486935867,470,0.7189658164978028,,7.426761678543152e-06,35.7983330320003
0.11401425178147269,480,0.6951918601989746,,7.585114806017419e-06,36.51711067999986
0.1163895486935867,490,0.688643217086792,,7.743467933491687e-06,37.27238798000053
0.1187648456057007,500,0.6903010845184326,,7.901821060965956e-06,38.031891888000246
0.12114014251781473,510,0.688265609741211,,8.060174188440221e-06,38.83009388099981
0.12351543942992874,520,0.6802604675292969,,8.21852731591449e-06,39.639872165999805
0.12589073634204276,530,0.6933525562286377,,8.376880443388757e-06,40.342361908000385
0.12826603325415678,540,0.7002063751220703,,8.535233570863025e-06,41.067419005000374
0.13064133016627077,550,0.6791794776916504,,8.693586698337293e-06,41.796582128999944
0.1330166270783848,560,0.6909939765930175,,8.85193982581156e-06,42.548526634000154
0.13539192399049882,570,0.687333631515503,,9.010292953285828e-06,43.306243523000376
0.1377672209026128,580,0.6815940856933593,,9.168646080760095e-06,44.12379530599992
0.14014251781472684,590,0.6653262615203858,,9.326999208234362e-06,44.871074841000336
0.14251781472684086,600,0.6917397499084472,,9.485352335708631e-06,45.67574447900006
0.14489311163895488,610,0.7071845054626464,,9.643705463182899e-06,46.54526152800008
0.14726840855106887,620,0.6949064254760742,,9.802058590657166e-06,47.27725502700014
0.1496437054631829,630,0.6956265926361084,,9.960411718131435e-06,48.11241160000009
0.15201900237529692,640,0.6696043014526367,,1.0118764845605702e-05,48.86740254600045
0.1543942992874109,650,0.6809383869171143,,1.027711797307997e-05,49.62981293699977
0.15676959619952494,660,0.6975347518920898,,1.0435471100554238e-05,50.28689010300059
0.15914489311163896,670,0.6884101867675781,,1.0593824228028504e-05,51.04742050999994
0.16152019002375298,680,0.6699468612670898,,1.0752177355502773e-05,51.714971461999994
0.16389548693586697,690,0.6692676544189453,,1.091053048297704e-05,52.47399209000014
0.166270783847981,700,0.6830426216125488,,1.1068883610451307e-05,53.23007674500059
0.16864608076009502,710,0.7020893096923828,,1.1227236737925575e-05,53.94271850600035
0.171021377672209,720,0.6798892974853515,,1.1385589865399842e-05,54.632612868999786
0.17339667458432304,730,0.6838743209838867,,1.154394299287411e-05,55.4008707869998
0.17577197149643706,740,0.6887730598449707,,1.1702296120348378e-05,56.28121483900031
0.17814726840855108,750,0.6658673286437988,,1.1860649247822647e-05,57.027693766000084
0.18052256532066507,760,0.6706759452819824,,1.2019002375296912e-05,57.798933120000584
0.1828978622327791,770,0.7038782596588135,,1.217735550277118e-05,58.5350554000006
0.18527315914489312,780,0.6547279834747315,,1.2335708630245449e-05,59.337151030000314
0.1876484560570071,790,0.6764622211456299,,1.2494061757719716e-05,60.11932054800036
0.19002375296912113,800,0.6961493968963623,,1.2652414885193985e-05,60.84357465799985
0.19239904988123516,810,0.6619538784027099,,1.281076801266825e-05,61.58862593200047
0.19477434679334918,820,0.6888456344604492,,1.296912114014252e-05,62.35891025100045
0.19714964370546317,830,0.6454226493835449,,1.3127474267616787e-05,63.081177953000406
0.1995249406175772,840,0.6676182270050048,,1.3285827395091054e-05,63.965705982000145
0.20190023752969122,850,0.6828433036804199,,1.3444180522565323e-05,64.6705211389999
0.2042755344418052,860,0.6550849914550781,,1.3602533650039588e-05,65.50573186800011
0.20665083135391923,870,0.6626269817352295,,1.3760886777513857e-05,66.29513021100047
0.20902612826603326,880,0.6685625553131104,,1.3919239904988124e-05,66.99486012099987
0.21140142517814728,890,0.6569481372833252,,1.4077593032462393e-05,67.8063142230003
0.21377672209026127,900,0.6564958095550537,,1.423594615993666e-05,68.53896247300054
0.2161520190023753,910,0.6756955623626709,,1.4394299287410926e-05,69.29627436200008
0.21852731591448932,920,0.6302720546722412,,1.4552652414885195e-05,70.08905948099982
0.2209026128266033,930,0.6629755020141601,,1.4711005542359462e-05,70.76572478900016
0.22327790973871733,940,0.6157207012176513,,1.4869358669833731e-05,71.48995955800001
0.22565320665083136,950,0.6434268951416016,,1.5027711797307999e-05,72.34691605900025
0.22802850356294538,960,0.6164906024932861,,1.5186064924782268e-05,73.06734929400045
0.23040380047505937,970,0.6144429206848144,,1.5344418052256533e-05,73.77674259200012
0.2327790973871734,980,0.6030725955963134,,1.55027711797308e-05,74.51583870800005
0.23515439429928742,990,0.5867008209228516,,1.5661124307205068e-05,75.24693873700016
0.2375296912114014,1000,0.586673641204834,,1.5819477434679335e-05,76.0083267760001
0.23990498812351543,1010,0.5920889377593994,,1.5977830562153605e-05,76.77574261500013
0.24228028503562946,1020,0.548811388015747,,1.6136183689627873e-05,77.56584508200012
0.24465558194774348,1030,0.5412478923797608,,1.629453681710214e-05,78.30152644900045
0.24703087885985747,1040,0.5469727516174316,,1.6452889944576407e-05,79.08547219400043
0.2494061757719715,1050,0.5786208152770996,,1.6611243072050674e-05,79.8809389170001
0.2517814726840855,1060,0.495116662979126,,1.676959619952494e-05,80.61226786899988
0.25415676959619954,1070,0.4555459499359131,,1.692794932699921e-05,81.33727294100026
0.25653206650831356,1080,0.44615325927734373,,1.708630245447348e-05,82.07239810200008
0.2589073634204275,1090,0.4624012470245361,,1.7244655581947743e-05,82.77138593900054
0.26128266033254155,1100,0.44190077781677245,,1.7403008709422014e-05,83.51207845800036
0.26365795724465557,1110,0.4029848098754883,,1.756136183689628e-05,84.22938350200002
0.2660332541567696,1120,0.3780573844909668,,1.7719714964370545e-05,84.98562930200023
0.2684085510688836,1130,0.3949965715408325,,1.7878068091844816e-05,85.82699766400037
0.27078384798099764,1140,0.40521440505981443,,1.8036421219319083e-05,86.53682387800018
0.27315914489311166,1150,0.39485673904418944,,1.819477434679335e-05,87.2925373120006
0.2755344418052256,1160,0.35509791374206545,,1.8353127474267618e-05,88.05649510200055
0.27790973871733965,1170,0.329636812210083,,1.8511480601741888e-05,88.7351750380003
0.28028503562945367,1180,0.3703232526779175,,1.8669833729216152e-05,89.41876981000041
0.2826603325415677,1190,0.3278920888900757,,1.882818685669042e-05,90.12399925000045
0.2850356294536817,1200,0.36736159324645995,,1.898653998416469e-05,90.93074535200049
0.28741092636579574,1210,0.4784558773040771,,1.9144893111638957e-05,91.61314377200051
0.28978622327790976,1220,0.31878252029418946,,1.9303246239113224e-05,92.30077918300049
0.2921615201900237,1230,0.29726057052612304,,1.946159936658749e-05,93.0821037450005
0.29453681710213775,1240,0.39517035484313967,,1.961995249406176e-05,93.80623486600052
0.29691211401425177,1250,0.3871923923492432,,1.9778305621536026e-05,94.52539902599983
0.2992874109263658,1260,0.31679069995880127,,1.9936658749010293e-05,95.32249997899999
0.3016627078384798,1270,0.3509556531906128,,1.998944312483505e-05,96.03480951300025
0.30403800475059384,1280,0.3703336238861084,,1.9971848332893464e-05,96.8187100109999
0.30641330166270786,1290,0.3847948551177979,,1.995425354095188e-05,97.53540981100014
0.3087885985748218,1300,0.36673989295959475,,1.9936658749010293e-05,98.29466783800035
0.31116389548693585,1310,0.326125431060791,,1.991906395706871e-05,99.02538553399972
0.31353919239904987,1320,0.3157168388366699,,1.9901469165127123e-05,99.81484282099973
0.3159144893111639,1330,0.36810171604156494,,1.988387437318554e-05,100.61454440499983
0.3182897862232779,1340,0.3370596170425415,,1.986627958124395e-05,101.33848800400028
0.32066508313539194,1350,0.35744779109954833,,1.9848684789302368e-05,102.13796170600017
0.32304038004750596,1360,0.3046971559524536,,1.983108999736078e-05,102.86405647999982
0.3254156769596199,1370,0.2335123300552368,,1.9813495205419197e-05,103.67671310100013
0.32779097387173395,1380,0.3079232931137085,,1.979590041347761e-05,104.4139621080003
0.33016627078384797,1390,0.39117271900177003,,1.9778305621536026e-05,105.13564706800025
0.332541567695962,1400,0.33348128795623777,,1.9760710829594442e-05,105.87201524600005
0.334916864608076,1410,0.4167162418365479,,1.9743116037652855e-05,106.59041093500036
0.33729216152019004,1420,0.3259955644607544,,1.972552124571127e-05,107.27804221499991
0.33966745843230406,1430,0.2951046943664551,,1.9707926453769684e-05,108.03688327500004
0.342042755344418,1440,0.3889838695526123,,1.96903316618281e-05,108.70772821199989
0.34441805225653205,1450,0.29620633125305174,,1.9672736869886514e-05,109.39986584800045
0.34679334916864607,1460,0.2569481134414673,,1.965514207794493e-05,110.1771911880005
0.3491686460807601,1470,0.37520852088928225,,1.9637547286003346e-05,110.92677445900063
0.3515439429928741,1480,0.43594703674316404,,1.961995249406176e-05,111.70113337800012
0.35391923990498814,1490,0.33500065803527834,,1.9602357702120175e-05,112.44888568900024
0.35629453681710216,1500,0.30961768627166747,,1.9584762910178588e-05,113.14816845600035
0.3586698337292161,1510,0.3580880641937256,,1.9567168118237004e-05,113.82037066500015
0.36104513064133015,1520,0.357219934463501,,1.954957332629542e-05,114.55522539000049
0.36342042755344417,1530,0.34684412479400634,,1.9531978534353833e-05,115.20561622600053
0.3657957244655582,1540,0.3467915773391724,,1.951438374241225e-05,115.93791965200035
0.3681710213776722,1550,0.38619699478149416,,1.9496788950470663e-05,116.69021189100022
0.37054631828978624,1560,0.28150851726531984,,1.947919415852908e-05,117.41305041899977
0.37292161520190026,1570,0.3292556285858154,,1.946159936658749e-05,118.19972970900017
0.3752969121140142,1580,0.2683037281036377,,1.9444004574645908e-05,118.93132011499983
0.37767220902612825,1590,0.3042440891265869,,1.942640978270432e-05,119.71892206299981
0.38004750593824227,1600,0.3235630512237549,,1.9408814990762737e-05,120.40837498200017
0.3824228028503563,1610,0.36197214126586913,,1.939122019882115e-05,121.14112010600002
0.3847980997624703,1620,0.27770490646362306,,1.9373625406879566e-05,121.87571911499981
0.38717339667458434,1630,0.3559743404388428,,1.935603061493798e-05,122.57067851600004
0.38954869358669836,1640,0.30071496963500977,,1.9338435822996395e-05,123.377111152
0.3919239904988123,1650,0.3576219081878662,,1.9320841031054808e-05,124.13463487900026
0.39429928741092635,1660,0.2906291723251343,,1.9303246239113224e-05,124.8324915359999
0.39667458432304037,1670,0.3489903450012207,,1.9285651447171637e-05,125.66388212099992
0.3990498812351544,1680,0.37473435401916505,,1.9268056655230054e-05,126.46878386400022
0.4014251781472684,1690,0.2840802907943726,,1.9250461863288466e-05,127.24133256500045
0.40380047505938244,1700,0.24305007457733155,,1.9232867071346883e-05,128.03873196200038
0.40617577197149646,1710,0.27263846397399905,,1.9215272279405296e-05,128.8055788720003
0.4085510688836104,1720,0.34690468311309813,,1.9197677487463712e-05,129.60991609400025
0.41092636579572445,1730,0.4450101375579834,,1.9180082695522128e-05,130.35232338900005
0.41330166270783847,1740,0.35725600719451905,,1.916248790358054e-05,131.16771619500014
0.4156769596199525,1750,0.340521240234375,,1.9144893111638957e-05,131.94769629599978
0.4180522565320665,1760,0.34316840171813967,,1.912729831969737e-05,132.6865649850006
0.42042755344418054,1770,0.2822324991226196,,1.9109703527755786e-05,133.56146242900013
0.42280285035629456,1780,0.280468487739563,,1.9092108735814203e-05,134.40865754900005
0.4251781472684085,1790,0.35184738636016843,,1.9074513943872615e-05,135.12314291500024
0.42755344418052255,1800,0.35654468536376954,,1.905691915193103e-05,135.85749416100043
0.42992874109263657,1810,0.3376990795135498,,1.9039324359989445e-05,136.53117678299986
0.4323040380047506,1820,0.35396246910095214,,1.902172956804786e-05,137.29425820699998
0.4346793349168646,1830,0.35524835586547854,,1.9004134776106274e-05,138.04131064100056
0.43705463182897863,1840,0.3130178928375244,,1.898653998416469e-05,138.79198050000014
0.43942992874109266,1850,0.2848854064941406,,1.8968945192223103e-05,139.6183527940002
0.4418052256532066,1860,0.36602034568786623,,1.895135040028152e-05,140.40733822000038
0.44418052256532065,1870,0.32904415130615233,,1.8933755608339932e-05,141.15600093300054
0.44655581947743467,1880,0.29481680393218995,,1.8916160816398348e-05,141.8970221010004
0.4489311163895487,1890,0.35219583511352537,,1.889856602445676e-05,142.77042063099998
0.4513064133016627,1900,0.29414680004119875,,1.8880971232515177e-05,143.5484308310006
0.45368171021377673,1910,0.4011059284210205,,1.886337644057359e-05,144.31151862299976
0.45605700712589076,1920,0.24104413986206055,,1.8845781648632006e-05,145.0115361369999
0.4584323040380047,1930,0.22246358394622803,,1.882818685669042e-05,145.79540855800042
0.46080760095011875,1940,0.39158215522766116,,1.8810592064748836e-05,146.5334275740006
0.46318289786223277,1950,0.26971051692962644,,1.879299727280725e-05,147.27535958000044
0.4655581947743468,1960,0.3002873420715332,,1.8775402480865665e-05,148.09131285400053
0.4679334916864608,1970,0.3002017498016357,,1.8757807688924078e-05,148.86652066500028
0.47030878859857483,1980,0.32894837856292725,,1.8740212896982494e-05,149.5865090160005
0.47268408551068886,1990,0.35797863006591796,,1.872261810504091e-05,150.35382920699976
0.4750593824228028,2000,0.3710581064224243,,1.8705023313099323e-05,151.11328340100044
0.47743467933491684,2010,0.2927072763442993,,1.868742852115774e-05,151.89100165699983
0.47980997624703087,2020,0.34441797733306884,,1.8669833729216152e-05,152.65666839700043
0.4821852731591449,2030,0.41217455863952634,,1.8652238937274568e-05,153.37659885300036
0.4845605700712589,2040,0.2863442897796631,,1.8634644145332985e-05,154.09963021099975
0.48693586698337293,2050,0.37910192012786864,,1.8617049353391397e-05,154.8719838470006
0.48931116389548696,2060,0.31676521301269533,,1.8599454561449814e-05,155.62262025000018
0.4916864608076009,2070,0.27065277099609375,,1.8581859769508227e-05,156.47750830299992
0.49406175771971494,2080,0.3138709783554077,,1.8564264977566643e-05,157.23821006599974
0.49643705463182897,2090,0.27150588035583495,,1.854667018562506e-05,158.08171378000043
0.498812351543943,2100,0.3564449310302734,,1.8529075393683472e-05,158.8185044410002
0.501187648456057,2110,0.3961141347885132,,1.8511480601741888e-05,159.5661809130006
0.503562945368171,2120,0.25706336498260496,,1.84938858098003e-05,160.3137463009998
0.505938242280285,2130,0.33179574012756347,,1.8476291017858717e-05,161.18001535599979
0.5083135391923991,2140,0.3922199964523315,,1.845869622591713e-05,161.97834662900004
0.5106888361045131,2150,0.25210659503936766,,1.8441101433975546e-05,162.7594561699998
0.5130641330166271,2160,0.3560044527053833,,1.842350664203396e-05,163.57669875200008
0.5154394299287411,2170,0.27003958225250246,,1.8405911850092376e-05,164.3398975330001
0.517814726840855,2180,0.30645477771759033,,1.838831705815079e-05,165.11550830499982
0.5201900237529691,2190,0.3352010250091553,,1.8370722266209205e-05,165.86390934100018
0.5225653206650831,2200,0.3519655704498291,,1.8353127474267618e-05,166.57859775399993
0.5249406175771971,2210,0.3344140529632568,,1.8335532682326034e-05,167.3467476550004
0.5273159144893111,2220,0.3344552040100098,,1.8317937890384447e-05,168.15396529100053
0.5296912114014252,2230,0.3347153663635254,,1.8300343098442863e-05,168.91178438899988
0.5320665083135392,2240,0.31922662258148193,,1.8282748306501276e-05,169.67712542800018
0.5344418052256532,2250,0.217926549911499,,1.8265153514559692e-05,170.5021480610003
0.5368171021377672,2260,0.2911850929260254,,1.8247558722618105e-05,171.20399871800055
0.5391923990498813,2270,0.24848694801330568,,1.822996393067652e-05,171.9253006150002
0.5415676959619953,2280,0.3969071865081787,,1.8212369138734934e-05,172.68188960099997
0.5439429928741093,2290,0.27925815582275393,,1.819477434679335e-05,173.39824800400038
0.5463182897862233,2300,0.2674693584442139,,1.8177179554851767e-05,174.1452792529999
0.5486935866983373,2310,0.3307415246963501,,1.815958476291018e-05,174.8618643360005
0.5510688836104513,2320,0.3753095865249634,,1.8141989970968596e-05,175.6344946979998
0.5534441805225653,2330,0.41438794136047363,,1.812439517902701e-05,176.41797471500013
0.5558194774346793,2340,0.22495951652526855,,1.8106800387085425e-05,177.12494026900004
0.5581947743467933,2350,0.3400017738342285,,1.808920559514384e-05,177.91796297099972
0.5605700712589073,2360,0.21767899990081788,,1.8071610803202254e-05,178.69499349800026
0.5629453681710214,2370,0.31766510009765625,,1.805401601126067e-05,179.46140303500033
0.5653206650831354,2380,0.28303673267364504,,1.8036421219319083e-05,180.24598627199975
0.5676959619952494,2390,0.3025723934173584,,1.80188264273775e-05,180.93430041300053
0.5700712589073634,2400,0.3373322248458862,,1.8001231635435912e-05,181.67051007600003
0.5724465558194775,2410,0.2087282657623291,,1.798363684349433e-05,182.4870223150001
0.5748218527315915,2420,0.35558998584747314,,1.796604205155274e-05,183.2355290180003
0.5771971496437055,2430,0.3315637826919556,,1.7948447259611158e-05,183.93047214099988
0.5795724465558195,2440,0.42026824951171876,,1.793085246766957e-05,184.75788203000047
0.5819477434679335,2450,0.27671568393707274,,1.7913257675727987e-05,185.45052906300043
0.5843230403800475,2460,0.34930849075317383,,1.78956628837864e-05,186.22984893800003
0.5866983372921615,2470,0.2965519666671753,,1.7878068091844816e-05,186.89580312700036
0.5890736342042755,2480,0.3360116004943848,,1.786047329990323e-05,187.645963553
0.5914489311163895,2490,0.31119089126586913,,1.7842878507961645e-05,188.34455933800018
0.5938242280285035,2500,0.25317676067352296,,1.7825283716020058e-05,188.97820341399984
0.5961995249406176,2510,0.32531845569610596,,1.7807688924078474e-05,189.76223633600057
0.5985748218527316,2520,0.33725595474243164,,1.7790094132136887e-05,190.4994401949998
0.6009501187648456,2530,0.3599916219711304,,1.7772499340195303e-05,191.2447634099999
0.6033254156769596,2540,0.31039016246795653,,1.7754904548253716e-05,192.065409498
0.6057007125890737,2550,0.2904459238052368,,1.7737309756312132e-05,192.86990455399973
0.6080760095011877,2560,0.3616840600967407,,1.7719714964370545e-05,193.57145413699982
0.6104513064133017,2570,0.33631775379180906,,1.770212017242896e-05,194.32344227500016
0.6128266033254157,2580,0.27556757926940917,,1.7684525380487378e-05,195.0279147709998
0.6152019002375297,2590,0.34298412799835204,,1.766693058854579e-05,195.76784437200058
0.6175771971496437,2600,0.3372538089752197,,1.7649335796604207e-05,196.51483979099976
0.6199524940617577,2610,0.32755606174468993,,1.7631741004662623e-05,197.23965751200012
0.6223277909738717,2620,0.31745595932006837,,1.7614146212721036e-05,198.0239796650003
0.6247030878859857,2630,0.39014902114868166,,1.7596551420779452e-05,198.77291224200053
0.6270783847980997,2640,0.32259156703948977,,1.7578956628837865e-05,199.42298407599992
0.6294536817102138,2650,0.2787414312362671,,1.756136183689628e-05,200.20450099900063
0.6318289786223278,2660,0.3232367753982544,,1.7543767044954694e-05,200.94199278399992
0.6342042755344418,2670,0.3362576961517334,,1.752617225301311e-05,201.75000691900004
0.6365795724465558,2680,0.2853454351425171,,1.7508577461071527e-05,202.59367237900005
0.6389548693586699,2690,0.31169369220733645,,1.749098266912994e-05,203.4291365150002
0.6413301662707839,2700,0.28351781368255613,,1.7473387877188356e-05,204.15605666700048
0.6437054631828979,2710,0.3051170587539673,,1.745579308524677e-05,204.90404607500022
0.6460807600950119,2720,0.4305739879608154,,1.7438198293305185e-05,205.65952041000037
0.6484560570071259,2730,0.35582168102264405,,1.7420603501363598e-05,206.3993754459998
0.6508313539192399,2740,0.2452038049697876,,1.7403008709422014e-05,207.11421046600026
0.6532066508313539,2750,0.36026592254638673,,1.7385413917480427e-05,207.86307767800008
0.6555819477434679,2760,0.3123407125473022,,1.7367819125538843e-05,208.65462478900008
0.6579572446555819,2770,0.35384933948516845,,1.7350224333597256e-05,209.4816326580003
0.6603325415676959,2780,0.26206655502319337,,1.7332629541655672e-05,210.32895808500052
0.66270783847981,2790,0.33550405502319336,,1.7315034749714085e-05,211.06751742699998
0.665083135391924,2800,0.3028604984283447,,1.72974399577725e-05,211.89039178300027
0.667458432304038,2810,0.30293736457824705,,1.7279845165830914e-05,212.65202010600024
0.669833729216152,2820,0.30591683387756347,,1.726225037388933e-05,213.43464412899993
0.672209026128266,2830,0.3025468349456787,,1.7244655581947743e-05,214.11767548900025
0.6745843230403801,2840,0.43056397438049315,,1.722706079000616e-05,214.8933583580001
0.6769596199524941,2850,0.3068701982498169,,1.7209465998064573e-05,215.6487475519998
0.6793349168646081,2860,0.3291957378387451,,1.719187120612299e-05,216.59618979900006
0.6817102137767221,2870,0.3247145414352417,,1.71742764141814e-05,217.27735158300038
0.684085510688836,2880,0.31658527851104734,,1.7156681622239818e-05,218.08386962700024
0.6864608076009501,2890,0.31254632472991944,,1.7139086830298234e-05,218.9294182220001
0.6888361045130641,2900,0.1982370138168335,,1.7121492038356647e-05,219.71322517600038
0.6912114014251781,2910,0.4049647808074951,,1.7103897246415063e-05,220.406372552
0.6935866983372921,2920,0.35732886791229246,,1.708630245447348e-05,221.06984826900043
0.6959619952494062,2930,0.3065599203109741,,1.7068707662531892e-05,221.90233359800004
0.6983372921615202,2940,0.3117318391799927,,1.705111287059031e-05,222.57862430499972
0.7007125890736342,2950,0.27813646793365476,,1.703351807864872e-05,223.37205790200005
0.7030878859857482,2960,0.2756636381149292,,1.7015923286707138e-05,224.2083923930004
0.7054631828978623,2970,0.3041220664978027,,1.699832849476555e-05,224.9501468440003
0.7078384798099763,2980,0.3229255199432373,,1.6980733702823967e-05,225.78892474300028
0.7102137767220903,2990,0.3502358913421631,,1.696313891088238e-05,226.61333499600005
0.7125890736342043,3000,0.2738463878631592,,1.6945544118940796e-05,227.36558091000006
0.7149643705463183,3010,0.31786541938781737,,1.692794932699921e-05,228.1265623190002
0.7173396674584323,3020,0.27254934310913087,,1.6910354535057625e-05,228.87215488899983
0.7197149643705463,3030,0.2554570436477661,,1.6892759743116038e-05,229.5789980970003
0.7220902612826603,3040,0.23921689987182618,,1.6875164951174454e-05,230.38587507300053
0.7244655581947743,3050,0.3391312837600708,,1.6857570159232867e-05,231.093587114
0.7268408551068883,3060,0.33222227096557616,,1.6839975367291283e-05,231.8374134149999
0.7292161520190024,3070,0.24348578453063965,,1.6822380575349696e-05,232.5164957779998
0.7315914489311164,3080,0.25869045257568357,,1.6804785783408113e-05,233.21064986400052
0.7339667458432304,3090,0.34136571884155276,,1.6787190991466525e-05,233.98029745799977
0.7363420427553444,3100,0.3105126142501831,,1.676959619952494e-05,234.75267920999977
0.7387173396674585,3110,0.3631315231323242,,1.6752001407583355e-05,235.46917275299984
0.7410926365795725,3120,0.2669611930847168,,1.673440661564177e-05,236.20379247399978
0.7434679334916865,3130,0.3544426679611206,,1.6716811823700184e-05,236.92799779800043
0.7458432304038005,3140,0.25959014892578125,,1.66992170317586e-05,237.65022518000023
0.7482185273159145,3150,0.3754658460617065,,1.6681622239817016e-05,238.4378350349998
0.7505938242280285,3160,0.4284515857696533,,1.666402744787543e-05,239.2608733980005
0.7529691211401425,3170,0.29673635959625244,,1.6646432655933845e-05,239.96467717900032
0.7553444180522565,3180,0.38261458873748777,,1.6628837863992258e-05,240.7485081929999
0.7577197149643705,3190,0.3068299531936646,,1.6611243072050674e-05,241.51776709499973
0.7600950118764845,3200,0.29613547325134276,,1.659364828010909e-05,242.25746700000036
0.7624703087885986,3210,0.25706799030303956,,1.6576053488167504e-05,242.95534192100058
0.7648456057007126,3220,0.20018863677978516,,1.655845869622592e-05,243.64220576000025
0.7672209026128266,3230,0.32051739692687986,,1.6540863904284333e-05,244.49939804800033
0.7695961995249406,3240,0.3320958137512207,,1.652326911234275e-05,245.11347361800017
0.7719714964370546,3250,0.24643101692199706,,1.6505674320401162e-05,245.8466374059999
0.7743467933491687,3260,0.22340307235717774,,1.6488079528459578e-05,246.62272714499977
0.7767220902612827,3270,0.3384027719497681,,1.647048473651799e-05,247.45927423100056
0.7790973871733967,3280,0.2523787498474121,,1.6452889944576407e-05,248.23184888800006
0.7814726840855107,3290,0.3096095323562622,,1.643529515263482e-05,249.0923318820005
0.7838479809976246,3300,0.2426845073699951,,1.6417700360693236e-05,249.7609460650001
0.7862232779097387,3310,0.36261186599731443,,1.6400105568751653e-05,250.51233890799995
0.7885985748218527,3320,0.3116211652755737,,1.6382510776810065e-05,251.17171599100038
0.7909738717339667,3330,0.23412249088287354,,1.6364915984868482e-05,251.93290103799973
0.7933491686460807,3340,0.23860764503479004,,1.6347321192926895e-05,252.69687875599993
0.7957244655581948,3350,0.3693928956985474,,1.632972640098531e-05,253.42895559000044
0.7980997624703088,3360,0.23101019859313965,,1.6312131609043724e-05,254.14709016300003
0.8004750593824228,3370,0.2611105918884277,,1.629453681710214e-05,254.9964968000004
0.8028503562945368,3380,0.41004533767700196,,1.6276942025160553e-05,255.70688382499975
0.8052256532066508,3390,0.3087214231491089,,1.625934723321897e-05,256.4353470770002
0.8076009501187649,3400,0.3729815721511841,,1.6241752441277382e-05,257.1704026950001
0.8099762470308789,3410,0.27988286018371583,,1.6224157649335798e-05,257.88538353900003
0.8123515439429929,3420,0.3170336723327637,,1.620656285739421e-05,258.670221675
0.8147268408551069,3430,0.3332610368728638,,1.6188968065452627e-05,259.46086855199974
0.8171021377672208,3440,0.3299530029296875,,1.617137327351104e-05,260.163060287
0.8194774346793349,3450,0.32993648052215574,,1.6153778481569456e-05,260.93644710599983
0.8218527315914489,3460,0.3164375305175781,,1.6136183689627873e-05,261.81276151600014
0.8242280285035629,3470,0.37782018184661864,,1.6118588897686286e-05,262.48587183700056
0.8266033254156769,3480,0.26434855461120604,,1.6100994105744702e-05,263.3245775060004
0.828978622327791,3490,0.22808430194854737,,1.6083399313803115e-05,264.09823164299996
0.831353919239905,3500,0.2547590732574463,,1.606580452186153e-05,265.00245973300025
0.833729216152019,3510,0.32491092681884765,,1.6048209729919947e-05,265.8284329859998
0.836104513064133,3520,0.39574127197265624,,1.603061493797836e-05,266.6951695130001
0.838479809976247,3530,0.26648783683776855,,1.6013020146036776e-05,267.4763578860002
0.8408551068883611,3540,0.3415327548980713,,1.599542535409519e-05,268.26927803200033
0.8432304038004751,3550,0.21448891162872313,,1.5977830562153605e-05,268.9991355230004
0.8456057007125891,3560,0.32577216625213623,,1.596023577021202e-05,269.6906480309999
0.8479809976247031,3570,0.2775054931640625,,1.5942640978270435e-05,270.4502281800005
0.850356294536817,3580,0.20532574653625488,,1.5925046186328847e-05,271.20693168599973
0.8527315914489311,3590,0.2981160402297974,,1.5907451394387264e-05,272.10218245299984
0.8551068883610451,3600,0.3792928457260132,,1.5889856602445677e-05,272.9153506880002
0.8574821852731591,3610,0.3526036500930786,,1.5872261810504093e-05,273.66088609600047
0.8598574821852731,3620,0.30582053661346437,,1.5854667018562506e-05,274.4083964950005
0.8622327790973872,3630,0.30533666610717775,,1.5837072226620922e-05,275.1028444570002
0.8646080760095012,3640,0.3003324747085571,,1.5819477434679335e-05,275.8718021430004
0.8669833729216152,3650,0.18159012794494628,,1.580188264273775e-05,276.6922408520004
0.8693586698337292,3660,0.28689634799957275,,1.5784287850796164e-05,277.51067574599983
0.8717339667458432,3670,0.21322576999664306,,1.576669305885458e-05,278.2454674870005
0.8741092636579573,3680,0.28189222812652587,,1.5749098266912993e-05,279.06712674400023
0.8764845605700713,3690,0.28574447631835936,,1.573150347497141e-05,279.86194179999984
0.8788598574821853,3700,0.2963728666305542,,1.5713908683029822e-05,280.6281486890002
0.8812351543942993,3710,0.3186703443527222,,1.569631389108824e-05,281.33178906600006
0.8836104513064132,3720,0.4131568431854248,,1.5678719099146655e-05,282.03776032099995
0.8859857482185273,3730,0.21234579086303712,,1.5661124307205068e-05,282.7465110100002
0.8883610451306413,3740,0.3081286668777466,,1.5643529515263484e-05,283.60333035199983
0.8907363420427553,3750,0.250040602684021,,1.5625934723321897e-05,284.3247563490004
0.8931116389548693,3760,0.28795249462127687,,1.5608339931380313e-05,285.15341897000053
0.8954869358669834,3770,0.3381304979324341,,1.559074513943873e-05,285.8819012040003
0.8978622327790974,3780,0.28324599266052247,,1.5573150347497142e-05,286.5682533680001
0.9002375296912114,3790,0.24867875576019288,,1.555555555555556e-05,287.3764071100004
0.9026128266033254,3800,0.24264225959777833,,1.553796076361397e-05,288.1562117350004
0.9049881235154394,3810,0.3204786777496338,,1.5520365971672387e-05,288.8825139320006
0.9073634204275535,3820,0.25659880638122556,,1.55027711797308e-05,289.62863619700056
0.9097387173396675,3830,0.31992125511169434,,1.5485176387789217e-05,290.3338207679999
0.9121140142517815,3840,0.28578906059265136,,1.546758159584763e-05,291.1221463060001
0.9144893111638955,3850,0.25389719009399414,,1.5449986803906046e-05,291.9278715999999
0.9168646080760094,3860,0.29906628131866453,,1.543239201196446e-05,292.6362447970005
0.9192399049881235,3870,0.23305220603942872,,1.5414797220022875e-05,293.296608998
0.9216152019002375,3880,0.30430076122283933,,1.5397202428081288e-05,294.0417757410005
0.9239904988123515,3890,0.2975501298904419,,1.5379607636139704e-05,294.79673640200053
0.9263657957244655,3900,0.1631855249404907,,1.5362012844198117e-05,295.51443920400015
0.9287410926365796,3910,0.29950127601623533,,1.5344418052256533e-05,296.31670351200046
0.9311163895486936,3920,0.28200008869171145,,1.5326823260314946e-05,297.0279869189999
0.9334916864608076,3930,0.2554500102996826,,1.5309228468373362e-05,297.80662093499996
0.9358669833729216,3940,0.30442123413085936,,1.529163367643178e-05,298.5710681549999
0.9382422802850356,3950,0.30367345809936525,,1.527403888449019e-05,299.3648321310002
0.9406175771971497,3960,0.2773657083511353,,1.5256444092548608e-05,300.0315239850006
0.9429928741092637,3970,0.27687416076660154,,1.5238849300607022e-05,300.73139792500024
0.9453681710213777,3980,0.25336265563964844,,1.5221254508665437e-05,301.468167473
0.9477434679334917,3990,0.25774531364440917,,1.5203659716723851e-05,302.1723270040002
0.9501187648456056,4000,0.3430315971374512,,1.5186064924782268e-05,302.9067425350004
0.9524940617577197,4010,0.23525824546813964,,1.516847013284068e-05,303.6598231429998
0.9548693586698337,4020,0.2739662408828735,,1.5150875340899097e-05,304.4686525440002
0.9572446555819477,4030,0.28999478816986085,,1.513328054895751e-05,305.1816647559999
0.9596199524940617,4040,0.3577819585800171,,1.5115685757015926e-05,305.8621089590006
0.9619952494061758,4050,0.34202463626861573,,1.5098090965074339e-05,306.65745527800027
0.9643705463182898,4060,0.26824774742126467,,1.5080496173132755e-05,307.403082113
0.9667458432304038,4070,0.28345937728881837,,1.5062901381191168e-05,308.19928892700045
0.9691211401425178,4080,0.3525141477584839,,1.5045306589249584e-05,308.95922436100045
0.9714964370546318,4090,0.3306061029434204,,1.5027711797307999e-05,309.7967495009998
0.9738717339667459,4100,0.24447405338287354,,1.5010117005366413e-05,310.5562980370005
0.9762470308788599,4110,0.33307087421417236,,1.4992522213424828e-05,311.35106588100007
0.9786223277909739,4120,0.2535581111907959,,1.4974927421483242e-05,312.1105151080001
0.9809976247030879,4130,0.21049745082855226,,1.4957332629541657e-05,312.76619646900053
0.9833729216152018,4140,0.2910134315490723,,1.4939737837600073e-05,313.4644847999998
0.9857482185273159,4150,0.27943174839019774,,1.4922143045658486e-05,314.1717389639998
0.9881235154394299,4160,0.2633643627166748,,1.4904548253716902e-05,314.9122381850002
0.9904988123515439,4170,0.3964125156402588,,1.4886953461775315e-05,315.5739478579999
0.9928741092636579,4180,0.25198516845703123,,1.4869358669833731e-05,316.37444818899985
0.995249406175772,4190,0.31197237968444824,,1.4851763877892144e-05,317.15058606100047
0.997624703087886,4200,0.3592566251754761,,1.483416908595056e-05,317.9465108840004
1.0,4210,0.4352095127105713,,1.4816574294008973e-05,318.642794243
1.0,4210,,0.27666500210762024,,321.00972637999985
1.002375296912114,4220,0.3475968837738037,,1.479897950206739e-05,322.45631823199983
1.004750593824228,4230,0.24294023513793944,,1.4781384710125804e-05,323.16351621100057
1.007125890736342,4240,0.3563508987426758,,1.4763789918184219e-05,324.0514650610003
1.009501187648456,4250,0.204781174659729,,1.4746195126242633e-05,324.70580040500045
1.01187648456057,4260,0.269848895072937,,1.4728600334301048e-05,325.447564178
1.0142517814726841,4270,0.3298719167709351,,1.4711005542359462e-05,326.2624681409998
1.0166270783847982,4280,0.3010080099105835,,1.4693410750417879e-05,326.97147622400007
1.0190023752969122,4290,0.3408211231231689,,1.4675815958476292e-05,327.5878792929998
1.0213776722090262,4300,0.30568506717681887,,1.4658221166534708e-05,328.27869216100044
1.0237529691211402,4310,0.3130049467086792,,1.464062637459312e-05,329.0974430010001
1.0261282660332542,4320,0.26432018280029296,,1.4623031582651537e-05,329.8277409020002
1.0285035629453683,4330,0.3015084743499756,,1.460543679070995e-05,330.5250145730006
1.0308788598574823,4340,0.27408714294433595,,1.4587841998768366e-05,331.25726326400036
1.0332541567695963,4350,0.33106043338775637,,1.4570247206826779e-05,331.9776029559998
1.03562945368171,4360,0.2866328001022339,,1.4552652414885195e-05,332.77497667100033
1.0380047505938241,4370,0.35929083824157715,,1.453505762294361e-05,333.51835699000003
1.0403800475059382,4380,0.30272104740142824,,1.4517462831002024e-05,334.20081905700044
1.0427553444180522,4390,0.27902755737304685,,1.4499868039060439e-05,334.94124763499985
1.0451306413301662,4400,0.38324129581451416,,1.4482273247118855e-05,335.71153804200003
1.0475059382422802,4410,0.26835098266601565,,1.4464678455177268e-05,336.4302047230003
1.0498812351543942,4420,0.26592557430267333,,1.4447083663235684e-05,337.3166898540003
1.0522565320665083,4430,0.2595923662185669,,1.4429488871294097e-05,338.10051613700034
1.0546318289786223,4440,0.2187335968017578,,1.4411894079352513e-05,338.74502819400004
1.0570071258907363,4450,0.3076586961746216,,1.4394299287410926e-05,339.47194879900053
1.0593824228028503,4460,0.2805094003677368,,1.4376704495469342e-05,340.2907040380005
1.0617577197149644,4470,0.2873970031738281,,1.4359109703527755e-05,341.08314886800054
1.0641330166270784,4480,0.23475244045257568,,1.4341514911586172e-05,341.8179848260006
1.0665083135391924,4490,0.34332125186920165,,1.4323920119644586e-05,342.62674269800027
1.0688836104513064,4500,0.30133872032165526,,1.4306325327703e-05,343.53816995000034
1.0712589073634204,4510,0.3475573778152466,,1.4288730535761415e-05,344.3255261740005
1.0736342042755345,4520,0.3224433183670044,,1.427113574381983e-05,345.0641886980002
1.0760095011876485,4530,0.22397933006286622,,1.4253540951878244e-05,345.82494029400004
1.0783847980997625,4540,0.22049756050109864,,1.423594615993666e-05,346.70860655399974
1.0807600950118765,4550,0.3506580352783203,,1.4218351367995074e-05,348.9371760140002
1.0831353919239906,4560,0.3701394319534302,,1.420075657605349e-05,351.2534309350003
1.0855106888361046,4570,0.24801485538482665,,1.4183161784111904e-05,355.48043815300025
1.0878859857482186,4580,0.2740492343902588,,1.4165566992170319e-05,357.7584676329998
1.0902612826603326,4590,0.24712588787078857,,1.4147972200228735e-05,358.98256963899985
1.0926365795724466,4600,0.32488672733306884,,1.4130377408287148e-05,360.1289481170006
1.0950118764845607,4610,0.24921104907989503,,1.4112782616345564e-05,361.3254263050003
1.0973871733966747,4620,0.3184004783630371,,1.4095187824403977e-05,362.43639737300055
1.0997624703087885,4630,0.22355320453643798,,1.4077593032462393e-05,365.69493654100006
1.1021377672209025,4640,0.26807751655578616,,1.4059998240520806e-05,367.1525553450001
1.1045130641330165,4650,0.3327016353607178,,1.4042403448579223e-05,368.9229872650003
1.1068883610451306,4660,0.2403031587600708,,1.4024808656637635e-05,369.9217994030005
1.1092636579572446,4670,0.17903608083724976,,1.4007213864696052e-05,370.95571604900033
1.1116389548693586,4680,0.2788936376571655,,1.3989619072754466e-05,372.4769754380004
1.1140142517814726,4690,0.25684494972229005,,1.397202428081288e-05,376.88122954699975
1.1163895486935866,4700,0.25608220100402834,,1.3954429488871295e-05,378.2968246440005
1.1187648456057007,4710,0.30212857723236086,,1.3936834696929712e-05,379.42862164300004
1.1211401425178147,4720,0.26329114437103274,,1.3919239904988124e-05,380.6911956009999
1.1235154394299287,4730,0.27910518646240234,,1.390164511304654e-05,381.86716622899985
1.1258907363420427,4740,0.25637431144714357,,1.3884050321104954e-05,382.9282313100002
1.1282660332541568,4750,0.29090797901153564,,1.386645552916337e-05,385.8122895630004
1.1306413301662708,4760,0.33838610649108886,,1.3848860737221783e-05,388.8837423189998
1.1330166270783848,4770,0.2312260866165161,,1.3831265945280199e-05,390.12161166700025
1.1353919239904988,4780,0.2809912919998169,,1.3813671153338612e-05,391.41032851
1.1377672209026128,4790,0.31415154933929446,,1.3796076361397028e-05,392.6010881890006
1.1401425178147269,4800,0.24368722438812257,,1.3778481569455443e-05,394.08412710599987
1.1425178147268409,4810,0.3165978193283081,,1.3760886777513857e-05,397.1588798419998
1.144893111638955,4820,0.3218733310699463,,1.3743291985572272e-05,400.28717447800045
1.147268408551069,4830,0.3478647470474243,,1.3725697193630686e-05,401.9085446609997
1.149643705463183,4840,0.26219418048858645,,1.3708102401689101e-05,403.1675616370003
1.152019002375297,4850,0.23008496761322023,,1.3690507609747517e-05,404.2495266300002
1.154394299287411,4860,0.2829132080078125,,1.367291281780593e-05,406.2659056150005
1.156769596199525,4870,0.2843806505203247,,1.3655318025864346e-05,408.8425380489998
1.159144893111639,4880,0.287217116355896,,1.363772323392276e-05,412.3759791090006
1.161520190023753,4890,0.27913029193878175,,1.3620128441981175e-05,413.4206875890004
1.1638954869358669,4900,0.34368228912353516,,1.3602533650039588e-05,414.5487675780005
1.166270783847981,4910,0.2654726028442383,,1.3584938858098005e-05,415.74665743600053
1.168646080760095,4920,0.2878973960876465,,1.3567344066156417e-05,416.8609190770003
1.171021377672209,4930,0.38915970325469973,,1.3549749274214834e-05,418.00616951400025
1.173396674584323,4940,0.24766335487365723,,1.3532154482273248e-05,422.32081229400046
1.175771971496437,4950,0.26101815700531006,,1.3514559690331663e-05,424.244419396
1.178147268408551,4960,0.23571743965148925,,1.3496964898390077e-05,425.3724133120004
1.180522565320665,4970,0.3413689136505127,,1.3479370106448492e-05,426.5720330160002
1.182897862232779,4980,0.30240023136138916,,1.3461775314506906e-05,427.7399536540006
1.185273159144893,4990,0.37971274852752684,,1.3444180522565323e-05,430.23890606500026
1.187648456057007,5000,0.20588927268981932,,1.3426585730623736e-05,432.51355209400026
1.190023752969121,5010,0.2599934577941895,,1.3408990938682152e-05,435.7854273140001
1.1923990498812351,5020,0.33698115348815916,,1.3391396146740565e-05,436.9034429809999
1.1947743467933492,5030,0.32695071697235106,,1.3373801354798981e-05,438.75478696200025
1.1971496437054632,5040,0.2626962423324585,,1.3356206562857394e-05,440.8363529220005
1.1995249406175772,5050,0.3153233051300049,,1.333861177091581e-05,443.0399623379999
1.2019002375296912,5060,0.2808042526245117,,1.3321016978974225e-05,446.8819630759999
1.2042755344418052,5070,0.2765422582626343,,1.330342218703264e-05,448.04302852900037
1.2066508313539193,5080,0.3586832046508789,,1.3285827395091054e-05,449.2140534270002
1.2090261282660333,5090,0.294632887840271,,1.3268232603149468e-05,450.4433131830001
1.2114014251781473,5100,0.2865253448486328,,1.3250637811207883e-05,452.30609409800036
1.2137767220902613,5110,0.27541897296905515,,1.32330430192663e-05,455.6075635520001
1.2161520190023754,5120,0.19476693868637085,,1.3215448227324712e-05,458.45177034600056
1.2185273159144894,5130,0.26310019493103026,,1.3197853435383128e-05,459.58488245599983
1.2209026128266034,5140,0.2257389545440674,,1.3180258643441541e-05,460.7316865769999
1.2232779097387174,5150,0.2857157468795776,,1.3162663851499957e-05,461.83851573799984
1.2256532066508314,5160,0.33758065700531004,,1.314506905955837e-05,463.0179744090001
1.2280285035629455,5170,0.3506478309631348,,1.3127474267616787e-05,466.36585217799984
1.2304038004750595,5180,0.29944429397583006,,1.31098794756752e-05,468.1172146509998
1.2327790973871733,5190,0.2663867473602295,,1.3092284683733616e-05,470.78737629900024
1.2351543942992875,5200,0.3101004123687744,,1.307468989179203e-05,472.0150407760002
1.2375296912114013,5210,0.2731417179107666,,1.3057095099850445e-05,473.90794144200026
1.2399049881235154,5220,0.3154390811920166,,1.3039500307908861e-05,474.98396817899993
1.2422802850356294,5230,0.2538337469100952,,1.3021905515967274e-05,478.42577651400006
1.2446555819477434,5240,0.24304704666137694,,1.300431072402569e-05,480.2519700090006
1.2470308788598574,5250,0.2503148078918457,,1.2986715932084105e-05,483.0138190080006
1.2494061757719714,5260,0.2840409755706787,,1.296912114014252e-05,484.21652413799984
1.2517814726840855,5270,0.32871527671813966,,1.2951526348200934e-05,485.2296658810001
1.2541567695961995,5280,0.26168653964996336,,1.2933931556259348e-05,486.2627823970006
1.2565320665083135,5290,0.2870551347732544,,1.2916336764317763e-05,487.43417838999994
1.2589073634204275,5300,0.3236004590988159,,1.289874197237618e-05,491.6153016349999
1.2612826603325415,5310,0.2741933584213257,,1.2881147180434592e-05,493.49251520600046
1.2636579572446556,5320,0.23723862171173096,,1.2863552388493008e-05,494.63539344200035
1.2660332541567696,5330,0.3809868812561035,,1.2845957596551421e-05,495.79678170700026
1.2684085510688836,5340,0.27993478775024416,,1.2828362804609837e-05,496.899352935
1.2707838479809976,5350,0.2613367080688477,,1.281076801266825e-05,498.593735124
1.2731591448931117,5360,0.397154712677002,,1.2793173220726667e-05,502.9599597289998
1.2755344418052257,5370,0.32296018600463866,,1.2775578428785081e-05,504.08224487999996
1.2779097387173397,5380,0.22144873142242433,,1.2757983636843496e-05,505.118050477
1.2802850356294537,5390,0.2890134334564209,,1.274038884490191e-05,506.2041008410006
1.2826603325415677,5400,0.26754586696624755,,1.2722794052960325e-05,507.32992301500053
1.2850356294536818,5410,0.3071916580200195,,1.270519926101874e-05,509.9512777360005
1.2874109263657958,5420,0.2506075859069824,,1.2687604469077156e-05,513.3775664020004
1.2897862232779098,5430,0.2558329105377197,,1.2670009677135569e-05,515.3912701859999
1.2921615201900236,5440,0.27897071838378906,,1.2652414885193985e-05,516.4892154950003
1.2945368171021379,5450,0.29952244758605956,,1.2634820093252398e-05,518.479316379
1.2969121140142517,5460,0.27610323429107664,,1.2617225301310814e-05,520.4735072350004
1.299287410926366,5470,0.27652318477630616,,1.2599630509369227e-05,522.8084805079998
1.3016627078384797,5480,0.3315532684326172,,1.2582035717427643e-05,525.0424081890005
1.304038004750594,5490,0.34873251914978026,,1.2564440925486056e-05,527.0842971030006
1.3064133016627077,5500,0.23302454948425294,,1.2546846133544472e-05,528.292071932
1.3087885985748218,5510,0.3158308982849121,,1.2529251341602887e-05,530.3236588039999
1.3111638954869358,5520,0.3160425662994385,,1.2511656549661301e-05,531.5176284030003
1.3135391923990498,5530,0.26434850692749023,,1.2494061757719716e-05,534.9342451950006
1.3159144893111638,5540,0.28620913028717043,,1.247646696577813e-05,537.4921591880002
1.3182897862232779,5550,0.2960740327835083,,1.2458872173836545e-05,539.5190880549999
1.3206650831353919,5560,0.24372637271881104,,1.2441277381894961e-05,540.6973939310001
1.323040380047506,5570,0.23041136264801027,,1.2423682589953374e-05,542.4960382670006
1.32541567695962,5580,0.28132102489471433,,1.240608779801179e-05,544.4395648500004
1.327790973871734,5590,0.2515942335128784,,1.2388493006070203e-05,547.330586733
1.330166270783848,5600,0.21034023761749268,,1.237089821412862e-05,550.4929302840001
1.332541567695962,5610,0.23969101905822754,,1.2353303422187032e-05,551.9069132310005
1.334916864608076,5620,0.3456357717514038,,1.2335708630245449e-05,553.1086248760002
1.33729216152019,5630,0.29428844451904296,,1.2318113838303861e-05,554.369833359
1.339667458432304,5640,0.3136131763458252,,1.2300519046362278e-05,555.5235612430006
1.342042755344418,5650,0.24620094299316406,,1.2282924254420692e-05,558.7778485540002
1.344418052256532,5660,0.30142037868499755,,1.2265329462479107e-05,561.6146046650001
1.3467933491686461,5670,0.32972259521484376,,1.2247734670537521e-05,562.9294579790003
1.3491686460807601,5680,0.16546846628189088,,1.2230139878595938e-05,564.0993108869998
1.3515439429928742,5690,0.30092358589172363,,1.221254508665435e-05,565.2718078759999
1.3539192399049882,5700,0.2549009323120117,,1.2194950294712767e-05,566.3622643600002
1.3562945368171022,5710,0.20386018753051757,,1.217735550277118e-05,568.0724767649999
1.3586698337292162,5720,0.2563434362411499,,1.2159760710829596e-05,570.9268267389998
1.36104513064133,5730,0.28016183376312254,,1.2142165918888009e-05,574.3442773380002
1.3634204275534443,5740,0.25866696834564207,,1.2124571126946425e-05,575.668860109
1.365795724465558,5750,0.2657526969909668,,1.2106976335004838e-05,576.6879384849999
1.3681710213776723,5760,0.27423341274261476,,1.2089381543063254e-05,577.7444356800006
1.3705463182897861,5770,0.2809061765670776,,1.2071786751121669e-05,578.9510524859998
1.3729216152019004,5780,0.2997695207595825,,1.2054191959180083e-05,580.0333772640006
1.3752969121140142,5790,0.20094876289367675,,1.2036597167238498e-05,583.071968669
1.3776722090261282,5800,0.17317379713058473,,1.2019002375296912e-05,584.7541230450006
1.3800475059382422,5810,0.39033048152923583,,1.2001407583355327e-05,585.483534729
1.3824228028503562,5820,0.29300994873046876,,1.1983812791413743e-05,586.2435887040001
1.3847980997624703,5830,0.23555147647857666,,1.1966217999472156e-05,586.9506966360004
1.3871733966745843,5840,0.28668508529663084,,1.1948623207530572e-05,587.6768538679999
1.3895486935866983,5850,0.2324676036834717,,1.1931028415588987e-05,588.3693855560005
1.3919239904988123,5860,0.36802356243133544,,1.1913433623647402e-05,589.1304524550005
1.3942992874109263,5870,0.31743922233581545,,1.1895838831705818e-05,589.8207189200002
1.3966745843230404,5880,0.2432633399963379,,1.187824403976423e-05,590.574284454
1.3990498812351544,5890,0.294183087348938,,1.1860649247822647e-05,591.2272969320002
1.4014251781472684,5900,0.29115867614746094,,1.184305445588106e-05,591.9490825789999
1.4038004750593824,5910,0.19553442001342775,,1.1825459663939476e-05,592.7217883860003
1.4061757719714965,5920,0.2810389041900635,,1.1807864871997889e-05,593.4637706789999
1.4085510688836105,5930,0.24911344051361084,,1.1790270080056305e-05,594.1265044720003
1.4109263657957245,5940,0.3171438217163086,,1.1772675288114718e-05,594.8536062530002
1.4133016627078385,5950,0.26451945304870605,,1.1755080496173134e-05,595.5684971979999
1.4156769596199525,5960,0.21610503196716307,,1.1737485704231549e-05,596.3239536720002
1.4180522565320666,5970,0.28203716278076174,,1.1719890912289963e-05,597.0387573520002
1.4204275534441806,5980,0.23973917961120605,,1.1702296120348378e-05,597.7228329649997
1.4228028503562946,5990,0.2061079263687134,,1.1684701328406794e-05,598.4053893139999
1.4251781472684084,6000,0.2804776906967163,,1.1667106536465207e-05,599.0641788140001
1.4275534441805227,6010,0.23556866645812988,,1.1649511744523623e-05,599.7010284420003
1.4299287410926365,6020,0.2636468172073364,,1.1631916952582036e-05,600.4315648000002
1.4323040380047507,6030,0.2962683439254761,,1.1614322160640452e-05,601.1437638779998
1.4346793349168645,6040,0.3003598928451538,,1.1596727368698865e-05,601.8407155750001
1.4370546318289787,6050,0.25112113952636717,,1.1579132576757282e-05,602.6333442380001
1.4394299287410925,6060,0.26137306690216067,,1.1561537784815694e-05,603.4244654539998
1.4418052256532066,6070,0.3623444318771362,,1.154394299287411e-05,604.1467171590002
1.4441805225653206,6080,0.20393407344818115,,1.1526348200932525e-05,604.8940834579998
1.4465558194774346,6090,0.3069011211395264,,1.150875340899094e-05,605.6629901679999
1.4489311163895486,6100,0.21960289478302003,,1.1491158617049354e-05,606.3354380649998
1.4513064133016627,6110,0.3080429553985596,,1.1473563825107769e-05,607.1192541740002
1.4536817102137767,6120,0.265777587890625,,1.1455969033166184e-05,607.8605015439998
1.4560570071258907,6130,0.2454913377761841,,1.14383742412246e-05,608.6633065100004
1.4584323040380047,6140,0.269385838508606,,1.1420779449283013e-05,609.455139535
1.4608076009501187,6150,0.2764908313751221,,1.1403184657341429e-05,610.238001916
1.4631828978622328,6160,0.2706081628799438,,1.1385589865399842e-05,611.0084987549999
1.4655581947743468,6170,0.2601146697998047,,1.1367995073458258e-05,611.7544119410004
1.4679334916864608,6180,0.26981377601623535,,1.1350400281516671e-05,612.4334726300003
1.4703087885985748,6190,0.2302384614944458,,1.1332805489575087e-05,613.1167482310002
1.4726840855106889,6200,0.2406848907470703,,1.13152106976335e-05,613.8692797579997
1.4750593824228029,6210,0.29444882869720457,,1.1297615905691916e-05,614.5749344750002
1.477434679334917,6220,0.27436950206756594,,1.128002111375033e-05,615.3320796620001
1.479809976247031,6230,0.31035215854644777,,1.1262426321808745e-05,616.0817725960005
1.482185273159145,6240,0.2022061824798584,,1.124483152986716e-05,616.7778060700002
1.484560570071259,6250,0.23450133800506592,,1.1227236737925575e-05,617.5917145570002
1.486935866983373,6260,0.2380002975463867,,1.1209641945983989e-05,618.3323862699999
1.489311163895487,6270,0.3441815137863159,,1.1192047154042405e-05,619.1652446890002
1.491686460807601,6280,0.1879156231880188,,1.1174452362100818e-05,619.8708963170002
1.4940617577197148,6290,0.25716726779937743,,1.1156857570159234e-05,620.7251657799998
1.496437054631829,6300,0.34291505813598633,,1.1139262778217647e-05,621.506190223
1.4988123515439429,6310,0.2278881549835205,,1.1121667986276064e-05,622.28759429
1.5011876484560571,6320,0.26139614582061765,,1.1104073194334476e-05,623.0245766790003
1.503562945368171,6330,0.40477814674377444,,1.1086478402392893e-05,623.7966783769998
1.5059382422802852,6340,0.31394453048706056,,1.1068883610451307e-05,624.5148147850005
1.508313539192399,6350,0.2996451139450073,,1.1051288818509722e-05,625.3896155550001
1.5106888361045132,6360,0.22990078926086427,,1.1033694026568136e-05,626.1194974360005
1.513064133016627,6370,0.26232640743255614,,1.1016099234626551e-05,626.7633030530005
1.5154394299287413,6380,0.2553074598312378,,1.0998504442684966e-05,627.5018721209999
1.517814726840855,6390,0.24658548831939697,,1.0980909650743382e-05,628.2153842839998
1.520190023752969,6400,0.29031953811645506,,1.0963314858801795e-05,628.9880020090004
1.522565320665083,6410,0.29263370037078856,,1.0945720066860211e-05,629.8279701860001
1.5249406175771971,6420,0.3383993864059448,,1.0928125274918624e-05,630.6366942180002
1.5273159144893111,6430,0.23129897117614745,,1.091053048297704e-05,631.388899775
1.5296912114014252,6440,0.25671184062957764,,1.0892935691035453e-05,632.1039608050005
1.5320665083135392,6450,0.27533903121948244,,1.0875340899093869e-05,632.8427738640003
1.5344418052256532,6460,0.3355827569961548,,1.0857746107152282e-05,633.5933234000004
1.5368171021377672,6470,0.29027442932128905,,1.0840151315210698e-05,634.2954029570001
1.5391923990498813,6480,0.34308862686157227,,1.0822556523269115e-05,635.0706122110005
1.5415676959619953,6490,0.2971773147583008,,1.0804961731327527e-05,635.8743806319999
1.5439429928741093,6500,0.31157703399658204,,1.0787366939385944e-05,636.6804282290004
1.5463182897862233,6510,0.26859655380249026,,1.0769772147444357e-05,637.4271045280002
1.5486935866983373,6520,0.20042130947113038,,1.0752177355502773e-05,638.1456012799999
1.5510688836104514,6530,0.32198753356933596,,1.0734582563561187e-05,638.8617786800005
1.5534441805225652,6540,0.25914201736450193,,1.0716987771619602e-05,639.630546935
1.5558194774346794,6550,0.38324337005615233,,1.0699392979678016e-05,640.3245097650006
1.5581947743467932,6560,0.2637385129928589,,1.0681798187736431e-05,640.9615724590003
1.5605700712589075,6570,0.21465904712677003,,1.0664203395794846e-05,641.677266449
1.5629453681710213,6580,0.19941132068634032,,1.0646608603853262e-05,642.3633888559998
1.5653206650831355,6590,0.3364264965057373,,1.0629013811911675e-05,643.1399786780003
1.5676959619952493,6600,0.23654415607452392,,1.0611419019970091e-05,643.9213345500002
1.5700712589073635,6610,0.34907386302947996,,1.0593824228028504e-05,644.6478808359998
1.5724465558194773,6620,0.2316882610321045,,1.057622943608692e-05,645.4830321400004
1.5748218527315916,6630,0.3367336273193359,,1.0558634644145333e-05,646.1939890040003
1.5771971496437054,6640,0.22873713970184326,,1.054103985220375e-05,646.9425085009998
1.5795724465558196,6650,0.26691598892211915,,1.0523445060262164e-05,647.7038879379998
1.5819477434679334,6660,0.3423112630844116,,1.0505850268320578e-05,648.4875984030004
1.5843230403800475,6670,0.2294616222381592,,1.0488255476378993e-05,649.1755756840003
1.5866983372921615,6680,0.2656886577606201,,1.0470660684437407e-05,649.8698805459999
1.5890736342042755,6690,0.2935746431350708,,1.0453065892495822e-05,650.6573730979999
1.5914489311163895,6700,0.26985368728637693,,1.0435471100554238e-05,651.37142159
1.5938242280285035,6710,0.21723539829254152,,1.0417876308612651e-05,652.1398312629999
1.5961995249406176,6720,0.23486776351928712,,1.0400281516671067e-05,652.9225251329999
1.5985748218527316,6730,0.34193103313446044,,1.038268672472948e-05,653.649817857
1.6009501187648456,6740,0.2868008852005005,,1.0365091932787897e-05,654.4067255250002
1.6033254156769596,6750,0.2703207015991211,,1.034749714084631e-05,655.1481466200003
1.6057007125890737,6760,0.22762925624847413,,1.0329902348904726e-05,655.925409683
1.6080760095011877,6770,0.23220770359039306,,1.0312307556963139e-05,656.6772478000003
1.6104513064133017,6780,0.33930273056030275,,1.0294712765021555e-05,657.3834006269999
1.6128266033254157,6790,0.3250401258468628,,1.027711797307997e-05,658.1250098460005
1.6152019002375297,6800,0.3777363061904907,,1.0259523181138384e-05,658.8852043329998
1.6175771971496435,6810,0.2517357587814331,,1.0241928389196798e-05,659.5677353749998
1.6199524940617578,6820,0.20964570045471193,,1.0224333597255213e-05,660.3546507669998
1.6223277909738716,6830,0.3635139226913452,,1.0206738805313628e-05,661.045745421
1.6247030878859858,6840,0.2524703502655029,,1.0189144013372044e-05,661.7254830470001
1.6270783847980996,6850,0.26309521198272706,,1.0171549221430457e-05,662.4921483160006
1.6294536817102139,6860,0.39248268604278563,,1.0153954429488873e-05,663.3116405110004
1.6318289786223277,6870,0.2925312042236328,,1.0136359637547286e-05,664.1683363860002
1.634204275534442,6880,0.3511467933654785,,1.0118764845605702e-05,665.0245683330004
1.6365795724465557,6890,0.28213503360748293,,1.0101170053664115e-05,665.8509675340001
1.63895486935867,6900,0.36861262321472166,,1.0083575261722531e-05,666.5973470159997
1.6413301662707838,6910,0.2622052192687988,,1.0065980469780944e-05,667.3327986100003
1.643705463182898,6920,0.21622638702392577,,1.004838567783936e-05,667.9559371750001
1.6460807600950118,6930,0.2852804660797119,,1.0030790885897775e-05,668.6466967420001
1.648456057007126,6940,0.26516332626342776,,1.001319609395619e-05,669.4125896710002
1.6508313539192399,6950,0.26499552726745607,,9.995601302014604e-06,670.1732539550003
1.6532066508313539,6960,0.2185368776321411,,9.97800651007302e-06,671.0629703650002
1.655581947743468,6970,0.32252135276794436,,9.960411718131435e-06,671.8211753770001
1.657957244655582,6980,0.20861191749572755,,9.94281692618985e-06,672.5532742400001
1.660332541567696,6990,0.38975164890289304,,9.925222134248264e-06,673.2044381080004
1.66270783847981,7000,0.26567368507385253,,9.907627342306679e-06,673.9527403600005
1.665083135391924,7010,0.187611722946167,,9.890032550365093e-06,674.6901945939999
1.667458432304038,7020,0.29418923854827883,,9.872437758423508e-06,675.3558978370002
1.669833729216152,7030,0.27304792404174805,,9.854842966481922e-06,676.1646349869998
1.672209026128266,7040,0.2070096731185913,,9.837248174540337e-06,676.9598549170005
1.67458432304038,7050,0.20843796730041503,,9.819653382598751e-06,677.644798669
1.676959619952494,7060,0.2623762607574463,,9.802058590657166e-06,678.3520249540006
1.6793349168646081,7070,0.28279521465301516,,9.78446379871558e-06,679.0689191609999
1.6817102137767221,7080,0.2752823352813721,,9.766869006773995e-06,679.8245703840003
1.6840855106888362,7090,0.24317433834075927,,9.74927421483241e-06,680.6364954830005
1.68646080760095,7100,0.19755018949508668,,9.731679422890826e-06,681.3820689479999
1.6888361045130642,7110,0.2903160095214844,,9.71408463094924e-06,682.153805463
1.691211401425178,7120,0.22866880893707275,,9.696489839007655e-06,682.87644869
1.6935866983372923,7130,0.2223430633544922,,9.67889504706607e-06,683.7348660160005
1.695961995249406,7140,0.30131537914276124,,9.661300255124484e-06,684.5420387040003
1.6983372921615203,7150,0.3547704219818115,,9.643705463182899e-06,685.3494872640003
1.700712589073634,7160,0.34374749660491943,,9.626110671241313e-06,686.0802033230002
1.7030878859857483,7170,0.19981428384780883,,9.608515879299728e-06,686.832921143
1.7054631828978621,7180,0.38981730937957765,,9.590921087358142e-06,687.5821512780003
1.7078384798099764,7190,0.24757153987884523,,9.573326295416557e-06,688.349315079
1.7102137767220902,7200,0.2379176378250122,,9.555731503474971e-06,689.1443490010006
1.7125890736342044,7210,0.3578233242034912,,9.538136711533386e-06,689.948625383
1.7149643705463182,7220,0.20154142379760742,,9.5205419195918e-06,690.7413237520004
1.7173396674584323,7230,0.2694838523864746,,9.502947127650217e-06,691.48397329
1.7197149643705463,7240,0.38367974758148193,,9.485352335708631e-06,692.2584968870005
1.7220902612826603,7250,0.2458402395248413,,9.467757543767046e-06,693.0323384200001
1.7244655581947743,7260,0.29394724369049074,,9.45016275182546e-06,693.8545870500002
1.7268408551068883,7270,0.1955639123916626,,9.432567959883875e-06,694.5662885890006
1.7292161520190024,7280,0.2725578546524048,,9.41497316794229e-06,695.2942542760002
1.7315914489311164,7290,0.26658244132995607,,9.397378376000704e-06,696.0009008950001
1.7339667458432304,7300,0.30899920463562014,,9.379783584059119e-06,696.7461415960006
1.7363420427553444,7310,0.2230574369430542,,9.362188792117533e-06,697.556097701
1.7387173396674585,7320,0.36577017307281495,,9.344594000175948e-06,698.3613121600001
1.7410926365795725,7330,0.3346574783325195,,9.326999208234362e-06,699.1675611430001
1.7434679334916865,7340,0.26560378074645996,,9.309404416292777e-06,699.9654681060001
1.7458432304038005,7350,0.24936165809631347,,9.291809624351192e-06,700.6987695100006
1.7482185273159145,7360,0.26125407218933105,,9.274214832409608e-06,701.4087648760005
1.7505938242280283,7370,0.16376020908355712,,9.256620040468022e-06,702.1650625379998
1.7529691211401426,7380,0.34314167499542236,,9.239025248526437e-06,702.8486149959999
1.7553444180522564,7390,0.24847548007965087,,9.221430456584852e-06,703.5876703670001
1.7577197149643706,7400,0.21405391693115233,,9.203835664643266e-06,704.4286275820004
1.7600950118764844,7410,0.28113455772399903,,9.18624087270168e-06,705.2689373200001
1.7624703087885987,7420,0.21816346645355225,,9.168646080760095e-06,706.0973814939998
1.7648456057007125,7430,0.29309821128845215,,9.151051288818511e-06,706.829915452
1.7672209026128267,7440,0.2711470603942871,,9.133456496876926e-06,707.5450480620002
1.7695961995249405,7450,0.3975177526473999,,9.11586170493534e-06,708.2492752650005
1.7719714964370548,7460,0.27877631187438967,,9.098266912993755e-06,708.9523049959998
1.7743467933491686,7470,0.24521713256835936,,9.08067212105217e-06,709.7326838549998
1.7767220902612828,7480,0.2806605577468872,,9.063077329110584e-06,710.4781062050006
1.7790973871733966,7490,0.28955869674682616,,9.045482537168999e-06,711.2478791580006
1.7814726840855108,7500,0.21086158752441406,,9.027887745227413e-06,711.985157563
1.7838479809976246,7510,0.27631268501281736,,9.010292953285828e-06,712.8143175089999
1.7862232779097387,7520,0.3255626201629639,,8.992698161344243e-06,713.5955540860004
1.7885985748218527,7530,0.24316859245300293,,8.975103369402657e-06,714.2984544360006
1.7909738717339667,7540,0.26339218616485593,,8.957508577461073e-06,715.0067921669997
1.7933491686460807,7550,0.31504528522491454,,8.939913785519488e-06,715.7845554780006
1.7957244655581948,7560,0.1613458514213562,,8.922318993577902e-06,716.4750049200002
1.7980997624703088,7570,0.26929800510406493,,8.904724201636317e-06,717.2830603980001
1.8004750593824228,7580,0.26427407264709474,,8.887129409694732e-06,718.0324712870006
1.8028503562945368,7590,0.323189902305603,,8.869534617753146e-06,718.8150544340006
1.8052256532066508,7600,0.2837122201919556,,8.85193982581156e-06,719.6228657279999
1.8076009501187649,7610,0.2566822052001953,,8.834345033869975e-06,720.4419879890002
1.809976247030879,7620,0.27899410724639895,,8.81675024192839e-06,721.1992237060003
1.812351543942993,7630,0.3425788640975952,,8.799155449986804e-06,721.9286406210003
1.814726840855107,7640,0.23149123191833496,,8.781560658045219e-06,722.6366047090005
1.817102137767221,7650,0.2243419408798218,,8.763965866103634e-06,723.4814274600003
1.8194774346793348,7660,0.292978835105896,,8.746371074162048e-06,724.2411204689997
1.821852731591449,7670,0.26271710395812986,,8.728776282220464e-06,724.9908628450003
1.8242280285035628,7680,0.3053752422332764,,8.711181490278879e-06,725.7054231789998
1.826603325415677,7690,0.2888819694519043,,8.693586698337293e-06,726.4908103080006
1.8289786223277908,7700,0.2526691913604736,,8.675991906395708e-06,727.3093443790003
1.831353919239905,7710,0.24036893844604493,,8.658397114454123e-06,728.1470606410003
1.833729216152019,7720,0.3226735591888428,,8.640802322512537e-06,728.8861880869999
1.8361045130641331,7730,0.26921179294586184,,8.623207530570952e-06,729.6795059490005
1.838479809976247,7740,0.2755152463912964,,8.605612738629366e-06,730.5755858419998
1.8408551068883612,7750,0.22853469848632812,,8.588017946687781e-06,731.3737210290001
1.843230403800475,7760,0.20097701549530028,,8.570423154746195e-06,732.0907250620003
1.8456057007125892,7770,0.21920812129974365,,8.55282836280461e-06,732.8577934980003
1.847980997624703,7780,0.19799898862838744,,8.535233570863025e-06,733.6293221149999
1.850356294536817,7790,0.22957251071929932,,8.517638778921439e-06,734.492545309
1.852731591448931,7800,0.27491092681884766,,8.500043986979855e-06,735.3055202450005
1.855106888361045,7810,0.21320271492004395,,8.48244919503827e-06,736.1146022490002
1.8574821852731591,7820,0.34410910606384276,,8.464854403096684e-06,736.9728722690006
1.8598574821852731,7830,0.22398028373718262,,8.447259611155099e-06,737.7011215749999
1.8622327790973872,7840,0.2959709882736206,,8.429664819213514e-06,738.5242294159998
1.8646080760095012,7850,0.2855552911758423,,8.412070027271928e-06,739.2338232990005
1.8669833729216152,7860,0.3257918119430542,,8.394475235330343e-06,739.9737819170005
1.8693586698337292,7870,0.30061523914337157,,8.376880443388757e-06,740.679868962
1.8717339667458432,7880,0.21191644668579102,,8.359285651447172e-06,741.454006594
1.8741092636579573,7890,0.2132847547531128,,8.341690859505586e-06,742.2375196560006
1.8764845605700713,7900,0.2310497999191284,,8.324096067564001e-06,742.9963601790005
1.8788598574821853,7910,0.2909726619720459,,8.306501275622416e-06,743.7724778740003
1.8812351543942993,7920,0.31890976428985596,,8.28890648368083e-06,744.5801433389997
1.8836104513064131,7930,0.18502022027969361,,8.271311691739245e-06,745.3153267489997
1.8859857482185274,7940,0.2680084705352783,,8.253716899797661e-06,746.0974858560003
1.8883610451306412,7950,0.33599343299865725,,8.236122107856076e-06,746.7494033310004
1.8907363420427554,7960,0.22309932708740235,,8.21852731591449e-06,747.5860255080006
1.8931116389548692,7970,0.22840490341186523,,8.200932523972905e-06,748.3912998780006
1.8954869358669835,7980,0.2504848003387451,,8.18333773203132e-06,749.1546190620002
1.8978622327790973,7990,0.3703596115112305,,8.165742940089734e-06,749.9163476519998
1.9002375296912115,8000,0.17342909574508666,,8.148148148148148e-06,750.6807966630004
1.9026128266033253,8010,0.2577258825302124,,8.130553356206563e-06,751.4124555529997
1.9049881235154396,8020,0.3107928276062012,,8.112958564264977e-06,752.1702127320004
1.9073634204275534,8030,0.27430176734924316,,8.095363772323392e-06,752.885203668
1.9097387173396676,8040,0.17920618057250975,,8.077768980381807e-06,753.6173464069998
1.9121140142517814,8050,0.20613377094268798,,8.060174188440221e-06,754.3701106210001
1.9144893111638956,8060,0.3642474412918091,,8.042579396498637e-06,755.1270809790003
1.9168646080760094,8070,0.324405312538147,,8.024984604557052e-06,756.0237922080005
1.9192399049881235,8080,0.33881330490112305,,8.007389812615467e-06,756.8259099249999
1.9216152019002375,8090,0.1844072937965393,,7.989795020673881e-06,757.60759392
1.9239904988123515,8100,0.309736442565918,,7.972200228732296e-06,758.3822467119999
1.9263657957244655,8110,0.24975159168243408,,7.954605436790712e-06,759.1394650110005
1.9287410926365796,8120,0.2921298980712891,,7.937010644849126e-06,759.8745295079998
1.9311163895486936,8130,0.2868505001068115,,7.919415852907541e-06,760.7244760760004
1.9334916864608076,8140,0.21914148330688477,,7.901821060965956e-06,761.6000859679998
1.9358669833729216,8150,0.17908928394317628,,7.88422626902437e-06,762.3268465780002
1.9382422802850356,8160,0.26101858615875245,,7.866631477082785e-06,763.0880610280001
1.9406175771971497,8170,0.2874873399734497,,7.8490366851412e-06,763.8953795240004
1.9429928741092637,8180,0.2302976131439209,,7.831441893199614e-06,764.6839535859999
1.9453681710213777,8190,0.1680911064147949,,7.813847101258028e-06,765.4326584589999
1.9477434679334917,8200,0.300944447517395,,7.796252309316443e-06,766.1769410920006
1.9501187648456058,8210,0.18000059127807616,,7.778657517374858e-06,766.9178660590005
1.9524940617577196,8220,0.3023137331008911,,7.761062725433272e-06,767.6904998950004
1.9548693586698338,8230,0.26834869384765625,,7.743467933491687e-06,768.4263539829999
1.9572446555819476,8240,0.2869284629821777,,7.725873141550101e-06,769.2219789110004
1.9596199524940618,8250,0.24778168201446532,,7.708278349608517e-06,770.0027245520005
1.9619952494061756,8260,0.2661320209503174,,7.690683557666932e-06,770.8107413850003
1.96437054631829,8270,0.22774767875671387,,7.673088765725347e-06,771.5669672040003
1.9667458432304037,8280,0.20312976837158203,,7.655493973783761e-06,772.3590178590002
1.969121140142518,8290,0.29709086418151853,,7.637899181842176e-06,773.1231402049998
1.9714964370546317,8300,0.3340266227722168,,7.62030438990059e-06,773.917167312
1.973871733966746,8310,0.3315917491912842,,7.602709597959005e-06,774.5976417689999
1.9762470308788598,8320,0.2627542972564697,,7.585114806017419e-06,775.3935233410002
1.978622327790974,8330,0.2807785511016846,,7.567520014075834e-06,776.1601493930002
1.9809976247030878,8340,0.20595433712005615,,7.549925222134249e-06,776.8688457630005
1.9833729216152018,8350,0.3838520526885986,,7.532330430192664e-06,777.6258176290003
1.9857482185273159,8360,0.2947817087173462,,7.5147356382510785e-06,778.4055993379998
1.98812351543943,8370,0.26557579040527346,,7.497140846309493e-06,779.1200445430004
1.990498812351544,8380,0.19985660314559936,,7.479546054367908e-06,779.9560976150005
1.992874109263658,8390,0.22899439334869384,,7.461951262426322e-06,780.7058339940004
1.995249406175772,8400,0.22583425045013428,,7.444356470484737e-06,781.3774013689999
1.997624703087886,8410,0.3462613821029663,,7.426761678543152e-06,782.15125825
2.0,8420,0.23998823165893554,,7.409166886601567e-06,782.7962374790004
2.0,8420,,0.2570333480834961,,785.1771156040004
2.002375296912114,8430,0.3218212604522705,,7.391572094659981e-06,786.6289360930004
2.004750593824228,8440,0.2654754161834717,,7.373977302718396e-06,787.426077692
2.007125890736342,8450,0.2653303861618042,,7.35638251077681e-06,788.122538863
2.009501187648456,8460,0.37463133335113524,,7.338787718835225e-06,788.8184442700003
2.01187648456057,8470,0.19072105884552001,,7.3211929268936395e-06,789.5513187280003
2.014251781472684,8480,0.2523204326629639,,7.303598134952055e-06,790.3144649639999
2.016627078384798,8490,0.2400428295135498,,7.2860033430104695e-06,791.0874387479998
2.019002375296912,8500,0.2482081174850464,,7.268408551068884e-06,791.8727557460006
2.021377672209026,8510,0.3413128614425659,,7.250813759127299e-06,792.7170078540003
2.02375296912114,8520,0.167013680934906,,7.233218967185713e-06,793.4632204199997
2.026128266033254,8530,0.2859800338745117,,7.215624175244128e-06,794.1740735990006
2.0285035629453683,8540,0.26309401988983155,,7.198029383302543e-06,794.9048865280001
2.030878859857482,8550,0.31833629608154296,,7.180434591360958e-06,795.6366976119998
2.0332541567695963,8560,0.31019518375396726,,7.162839799419372e-06,796.4431637100006
2.03562945368171,8570,0.2810326099395752,,7.145245007477787e-06,797.211924233
2.0380047505938244,8580,0.24712040424346923,,7.127650215536201e-06,797.8485433670003
2.040380047505938,8590,0.2488224744796753,,7.110055423594616e-06,798.5754069220002
2.0427553444180524,8600,0.36988534927368166,,7.0924606316530305e-06,799.3276506580005
2.045130641330166,8610,0.28958313465118407,,7.074865839711446e-06,800.0280272079999
2.0475059382422804,8620,0.1519943118095398,,7.0572710477698605e-06,800.7671583050005
2.0498812351543942,8630,0.2945371389389038,,7.039676255828275e-06,801.485893178
2.0522565320665085,8640,0.3036837339401245,,7.02208146388669e-06,802.2436466290001
2.0546318289786223,8650,0.24435029029846192,,7.004486671945104e-06,803.0600250810003
2.0570071258907365,8660,0.3091354131698608,,6.986891880003519e-06,803.777078313
2.0593824228028503,8670,0.211051607131958,,6.969297088061934e-06,804.5194954999997
2.0617577197149646,8680,0.24747722148895263,,6.951702296120349e-06,805.2308708709998
2.0641330166270784,8690,0.30692789554595945,,6.934107504178763e-06,806.0296994079999
2.0665083135391926,8700,0.2107102870941162,,6.916512712237179e-06,806.8416473309999
2.0688836104513064,8710,0.40655226707458497,,6.898917920295593e-06,807.5529925050005
2.07125890736342,8720,0.19433287382125855,,6.881323128354009e-06,808.2598276930003
2.0736342042755345,8730,0.2740717887878418,,6.863728336412423e-06,808.9376332070005
2.0760095011876483,8740,0.21516056060791017,,6.846133544470838e-06,809.8028271980002
2.0783847980997625,8750,0.36199421882629396,,6.828538752529252e-06,810.5646928340002
2.0807600950118763,8760,0.3072970390319824,,6.810943960587667e-06,811.3963583459999
2.0831353919239906,8770,0.3185382604598999,,6.7933491686460815e-06,812.2401534320006
2.0855106888361044,8780,0.339141321182251,,6.775754376704496e-06,813.0219737180005
2.0878859857482186,8790,0.3352346897125244,,6.7581595847629114e-06,813.7379461099999
2.0902612826603324,8800,0.2548067092895508,,6.740564792821326e-06,814.4773774639998
2.0926365795724466,8810,0.21029796600341796,,6.7229700008797406e-06,815.278220268
2.0950118764845604,8820,0.287448787689209,,6.705375208938155e-06,816.1021537430006
2.0973871733966747,8830,0.2675453186035156,,6.68778041699657e-06,816.8108595439999
2.0997624703087885,8840,0.23497312068939208,,6.670185625054984e-06,817.6060558190002
2.1021377672209027,8850,0.29171621799468994,,6.6525908331134e-06,818.4631137440001
2.1045130641330165,8860,0.2287076711654663,,6.634996041171814e-06,819.1924954590004
2.1068883610451308,8870,0.2981174230575562,,6.617401249230229e-06,819.9580052110005
2.1092636579572446,8880,0.2592769145965576,,6.599806457288643e-06,820.8040029100002
2.111638954869359,8890,0.22429485321044923,,6.582211665347058e-06,821.6342073790001
2.1140142517814726,8900,0.29515609741210935,,6.5646168734054725e-06,822.4024649190005
2.116389548693587,8910,0.21802046298980712,,6.547022081463887e-06,823.1440250699998
2.1187648456057007,8920,0.24876844882965088,,6.5294272895223024e-06,823.8969811630004
2.121140142517815,8930,0.2844470262527466,,6.511832497580717e-06,824.6615641230001
2.1235154394299287,8940,0.31217911243438723,,6.4942377056391316e-06,825.3697951100003
2.125890736342043,8950,0.3082653284072876,,6.476642913697546e-06,826.094973067
2.1282660332541568,8960,0.2398777723312378,,6.459048121755961e-06,826.8183135099998
2.130641330166271,8970,0.3143733501434326,,6.441453329814375e-06,827.509245108
2.133016627078385,8980,0.18537744283676147,,6.423858537872791e-06,828.2162386979999
2.1353919239904986,8990,0.2900512456893921,,6.406263745931205e-06,829.028491645
2.137767220902613,9000,0.2433328151702881,,6.38866895398962e-06,829.718473637
2.1401425178147266,9010,0.270046591758728,,6.371074162048034e-06,830.4812018660004
2.142517814726841,9020,0.2139754295349121,,6.353479370106449e-06,831.2852234520005
2.1448931116389547,9030,0.2609889268875122,,6.3358845781648635e-06,832.0448913050004
2.147268408551069,9040,0.27556600570678713,,6.318289786223278e-06,832.7691096469998
2.1496437054631827,9050,0.2601233959197998,,6.3006949942816934e-06,833.556994818
2.152019002375297,9060,0.1744452714920044,,6.283100202340108e-06,834.2740598720002
2.1543942992874108,9070,0.31096668243408204,,6.2655054103985226e-06,834.985554418
2.156769596199525,9080,0.27912862300872804,,6.247910618456937e-06,835.7848383159999
2.159144893111639,9090,0.23030171394348145,,6.230315826515352e-06,836.6001975079998
2.161520190023753,9100,0.32386782169342043,,6.212721034573766e-06,837.3991255910005
2.163895486935867,9110,0.34571731090545654,,6.195126242632181e-06,838.2418874249997
2.166270783847981,9120,0.32352004051208494,,6.177531450690596e-06,838.9873473260004
2.168646080760095,9130,0.27673313617706297,,6.159936658749011e-06,839.670696399
2.171021377672209,9140,0.35008180141448975,,6.142341866807425e-06,840.492981327
2.173396674584323,9150,0.2788984298706055,,6.12474707486584e-06,841.2610280039999
2.175771971496437,9160,0.2390890598297119,,6.1071522829242545e-06,841.9841179360001
2.178147268408551,9170,0.26049778461456297,,6.089557490982669e-06,842.7882777989998
2.1805225653206652,9180,0.2851529121398926,,6.0719626990410844e-06,843.5801513120005
2.182897862232779,9190,0.17036482095718383,,6.054367907099499e-06,844.3808079959999
2.1852731591448933,9200,0.22818355560302733,,6.0367731151579136e-06,845.1337748960004
2.187648456057007,9210,0.2947690963745117,,6.019178323216328e-06,845.8493017170003
2.1900237529691213,9220,0.2592480659484863,,6.001583531274743e-06,846.5807492200001
2.192399049881235,9230,0.19566841125488282,,5.983988739333157e-06,847.3338020410001
2.1947743467933494,9240,0.3119157314300537,,5.966393947391572e-06,848.1828745789999
2.197149643705463,9250,0.20626795291900635,,5.948799155449987e-06,848.9639454349999
2.199524940617577,9260,0.3179783344268799,,5.931204363508402e-06,849.757772164
2.201900237529691,9270,0.21125385761260987,,5.913609571566816e-06,850.5010687710001
2.204275534441805,9280,0.2588366508483887,,5.896014779625231e-06,851.1485093310002
2.2066508313539193,9290,0.29182753562927244,,5.8784199876836455e-06,851.9437892470005
2.209026128266033,9300,0.2561978816986084,,5.86082519574206e-06,852.7680726160006
2.2114014251781473,9310,0.28198776245117185,,5.843230403800475e-06,853.5890633469999
2.213776722090261,9320,0.2623159408569336,,5.82563561185889e-06,854.4056093130002
2.2161520190023754,9330,0.2625223159790039,,5.808040819917305e-06,855.220415242
2.218527315914489,9340,0.25633039474487307,,5.79044602797572e-06,855.9944088789998
2.2209026128266034,9350,0.19834444522857667,,5.7728512360341345e-06,856.8081448780003
2.223277909738717,9360,0.2389228343963623,,5.75525644409255e-06,857.6422906120006
2.2256532066508314,9370,0.33537945747375486,,5.7376616521509645e-06,858.3474772730005
2.2280285035629452,9380,0.17345917224884033,,5.720066860209379e-06,859.0686372689997
2.2304038004750595,9390,0.19735814332962037,,5.702472068267794e-06,859.8048742219999
2.2327790973871733,9400,0.23691060543060302,,5.684877276326208e-06,860.6181215470006
2.2351543942992875,9410,0.2830067157745361,,5.667282484384623e-06,861.3993431839999
2.2375296912114013,9420,0.2687400817871094,,5.649687692443037e-06,862.245099365
2.2399049881235156,9430,0.24656438827514648,,5.632092900501453e-06,863.0087764910004
2.2422802850356294,9440,0.28205180168151855,,5.614498108559867e-06,863.7580571019998
2.2446555819477436,9450,0.21277275085449218,,5.596903316618282e-06,864.4824300239998
2.2470308788598574,9460,0.2794243812561035,,5.579308524676696e-06,865.3403324380006
2.2494061757719717,9470,0.25663912296295166,,5.561713732735111e-06,866.1605068300005
2.2517814726840855,9480,0.25539536476135255,,5.5441189407935255e-06,866.9108495279997
2.2541567695961997,9490,0.2452169418334961,,5.526524148851941e-06,867.6931632980004
2.2565320665083135,9500,0.29302206039428713,,5.5089293569103555e-06,868.4807528400006
2.2589073634204277,9510,0.33826119899749757,,5.49133456496877e-06,869.2599977600003
2.2612826603325415,9520,0.3539367437362671,,5.473739773027185e-06,870.0827452080002
2.2636579572446553,9530,0.21786234378814698,,5.456144981085599e-06,870.8654182370001
2.2660332541567696,9540,0.19804821014404297,,5.438550189144014e-06,871.611368842
2.268408551068884,9550,0.25382394790649415,,5.420955397202428e-06,872.324300063
2.2707838479809976,9560,0.2077331304550171,,5.403360605260844e-06,873.0401858579999
2.2731591448931114,9570,0.25315611362457274,,5.385765813319258e-06,873.8287641349998
2.2755344418052257,9580,0.19190045595169067,,5.368171021377673e-06,874.557576319
2.2779097387173395,9590,0.24412732124328612,,5.350576229436087e-06,875.2595624920004
2.2802850356294537,9600,0.25032548904418944,,5.332981437494502e-06,876.0101847759997
2.2826603325415675,9610,0.23225414752960205,,5.3153866455529165e-06,876.7275832330006
2.2850356294536818,9620,0.2883237600326538,,5.297791853611331e-06,877.4314494930004
2.2874109263657956,9630,0.28611562252044676,,5.2801970616697465e-06,878.2368714710001
2.28978622327791,9640,0.2865966558456421,,5.262602269728161e-06,879.0252247870003
2.2921615201900236,9650,0.25499739646911623,,5.245007477786576e-06,879.743394436
2.294536817102138,9660,0.24995336532592774,,5.22741268584499e-06,880.532768823
2.2969121140142517,9670,0.317322301864624,,5.209817893903405e-06,881.2792303920005
2.299287410926366,9680,0.2792011260986328,,5.192223101961819e-06,881.9228455970006
2.3016627078384797,9690,0.22712945938110352,,5.174628310020235e-06,882.6463860909998
2.304038004750594,9700,0.28871655464172363,,5.157033518078649e-06,883.5190693100003
2.3064133016627077,9710,0.3097121238708496,,5.139438726137064e-06,884.2286075299999
2.308788598574822,9720,0.24146811962127684,,5.121843934195478e-06,884.9299633890005
2.311163895486936,9730,0.33816792964935305,,5.104249142253893e-06,885.6752849559998
2.31353919239905,9740,0.22679073810577394,,5.0866543503123075e-06,886.3742513490006
2.315914489311164,9750,0.29477503299713137,,5.069059558370722e-06,887.1374022730006
2.318289786223278,9760,0.2574354887008667,,5.0514647664291375e-06,887.9366604839997
2.320665083135392,9770,0.24652950763702391,,5.033869974487552e-06,888.7471340030006
2.323040380047506,9780,0.33553788661956785,,5.016275182545967e-06,889.5873179939999
2.32541567695962,9790,0.25729691982269287,,4.998680390604381e-06,890.3769996589999
2.3277909738717337,9800,0.2680849075317383,,4.981085598662796e-06,891.1415773640001
2.330166270783848,9810,0.3057492017745972,,4.963490806721211e-06,891.8549952000003
2.332541567695962,9820,0.2503523588180542,,4.945896014779626e-06,892.717211438
2.334916864608076,9830,0.2934077024459839,,4.92830122283804e-06,893.4970858960005
2.33729216152019,9840,0.2605599880218506,,4.910706430896455e-06,894.2908602090001
2.339667458432304,9850,0.29629485607147216,,4.89311163895487e-06,894.9920535589999
2.342042755344418,9860,0.29766173362731935,,4.875516847013285e-06,895.8125434410003
2.344418052256532,9870,0.2776595115661621,,4.857922055071699e-06,896.54267334
2.346793349168646,9880,0.17809988260269166,,4.840327263130114e-06,897.3338452509997
2.34916864608076,9890,0.3209902286529541,,4.8227324711885285e-06,898.1326148980006
2.351543942992874,9900,0.19694943428039552,,4.805137679246943e-06,898.8687053720005
2.353919239904988,9910,0.24675886631011962,,4.7875428873053585e-06,899.613648601
2.356294536817102,9920,0.3228925704956055,,4.769948095363773e-06,900.432382258
2.3586698337292162,9930,0.29263901710510254,,4.752353303422188e-06,901.2364611310004
2.36104513064133,9940,0.29823875427246094,,4.734758511480602e-06,901.9832794009999
2.3634204275534443,9950,0.1884198784828186,,4.717163719539017e-06,902.6979729530003
2.365795724465558,9960,0.3018608093261719,,4.699568927597431e-06,903.4565398650002
2.3681710213776723,9970,0.2977898120880127,,4.681974135655846e-06,904.2306462770002
2.370546318289786,9980,0.2757847309112549,,4.664379343714261e-06,904.954203839
2.3729216152019004,9990,0.32910406589508057,,4.646784551772676e-06,905.7696135679998
2.375296912114014,10000,0.3286060571670532,,4.62918975983109e-06,906.4678305460002
2.3776722090261284,10010,0.2524186849594116,,4.611594967889505e-06,907.3314446570002
2.380047505938242,10020,0.2726399898529053,,4.5940001759479195e-06,908.0583849260001
2.3824228028503565,10030,0.28723759651184083,,4.576405384006334e-06,908.7646551070002
2.3847980997624703,10040,0.27682569026947024,,4.5588105920647495e-06,909.4563234030002
2.3871733966745845,10050,0.3971052646636963,,4.541215800123164e-06,910.2269555390003
2.3895486935866983,10060,0.27238101959228517,,4.523621008181579e-06,911.045308015
2.391923990498812,10070,0.2847259283065796,,4.506026216239993e-06,911.7349480450002
2.3942992874109263,10080,0.25956776142120364,,4.488431424298408e-06,912.5134728849998
2.3966745843230406,10090,0.2590402841567993,,4.470836632356822e-06,913.1594414070005
2.3990498812351544,10100,0.21093218326568602,,4.453241840415237e-06,913.9191463839998
2.401425178147268,10110,0.27879745960235597,,4.435647048473652e-06,914.6193878470003
2.4038004750593824,10120,0.2714466333389282,,4.418052256532067e-06,915.3860295260001
2.4061757719714967,10130,0.28241877555847167,,4.400457464590482e-06,916.1868432190004
2.4085510688836105,10140,0.18471364974975585,,4.382862672648897e-06,917.0272943460004
2.4109263657957243,10150,0.26588656902313235,,4.365267880707311e-06,917.7926714269997
2.4133016627078385,10160,0.3095494270324707,,4.347673088765726e-06,918.6237608649999
2.4156769596199523,10170,0.2633073329925537,,4.3300782968241405e-06,919.3564111559999
2.4180522565320666,10180,0.2988680601119995,,4.312483504882555e-06,920.0740510850001
2.4204275534441804,10190,0.27161264419555664,,4.29488871294097e-06,920.9470498299997
2.4228028503562946,10200,0.2690939426422119,,4.277293920999385e-06,921.7220963529999
2.4251781472684084,10210,0.2397580623626709,,4.2596991290578e-06,922.5182362229998
2.4275534441805227,10220,0.3313374757766724,,4.242104337116214e-06,923.3026205840006
2.4299287410926365,10230,0.26502203941345215,,4.224509545174629e-06,924.0644099050005
2.4323040380047507,10240,0.2513499975204468,,4.206914753233043e-06,924.8679925349998
2.4346793349168645,10250,0.24467716217041016,,4.189319961291458e-06,925.6857865809998
2.4370546318289787,10260,0.23676443099975586,,4.171725169349872e-06,926.4556767169997
2.4394299287410925,10270,0.2817212104797363,,4.154130377408288e-06,927.1821420530005
2.441805225653207,10280,0.3646021604537964,,4.136535585466702e-06,927.8813987969997
2.4441805225653206,10290,0.3218777894973755,,4.118940793525117e-06,928.7956376910006
2.446555819477435,10300,0.1943157434463501,,4.1013460015835315e-06,929.6726488479999
2.4489311163895486,10310,0.23848838806152345,,4.083751209641946e-06,930.5035420969998
2.451306413301663,10320,0.2535053491592407,,4.066156417700361e-06,931.3360041510005
2.4536817102137767,10330,0.17136709690093993,,4.048561625758776e-06,932.1252174460005
2.456057007125891,10340,0.16304380893707277,,4.030966833817191e-06,932.849909351
2.4584323040380047,10350,0.2668231248855591,,4.013372041875605e-06,933.6076877800006
2.460807600950119,10360,0.24829061031341554,,3.99577724993402e-06,934.3219535440003
2.4631828978622328,10370,0.2877455711364746,,3.978182457992434e-06,935.0311050540004
2.4655581947743466,10380,0.21694369316101075,,3.960587666050849e-06,935.8231265969998
2.467933491686461,10390,0.30624942779541015,,3.942992874109263e-06,936.6013207830001
2.470308788598575,10400,0.2604985237121582,,3.925398082167679e-06,937.2887377779998
2.472684085510689,10410,0.31184659004211424,,3.907803290226093e-06,937.9790843520004
2.4750593824228027,10420,0.27187404632568357,,3.890208498284508e-06,938.7758118070005
2.477434679334917,10430,0.2034804105758667,,3.8726137063429225e-06,939.5056141189998
2.4798099762470307,10440,0.23033158779144286,,3.855018914401337e-06,940.1872704300004
2.482185273159145,10450,0.25963261127471926,,3.8374241224597525e-06,940.9517297700004
2.4845605700712587,10460,0.28086304664611816,,3.819829330518167e-06,941.7642018710003
2.486935866983373,10470,0.2912552833557129,,3.802234538576582e-06,942.6038467839999
2.489311163895487,10480,0.26980531215667725,,3.7846397466349966e-06,943.3324640380006
2.491686460807601,10490,0.2634777545928955,,3.767044954693411e-06,944.1780994749997
2.494061757719715,10500,0.23725037574768065,,3.749450162751826e-06,945.0092635669998
2.496437054631829,10510,0.303244423866272,,3.7318553708102407e-06,945.78363283
2.498812351543943,10520,0.23128480911254884,,3.7142605788686553e-06,946.5509723499999
2.501187648456057,10530,0.269966197013855,,3.69666578692707e-06,947.2378094140004
2.503562945368171,10540,0.23351469039916992,,3.679070994985485e-06,948.0620555470005
2.505938242280285,10550,0.3259697198867798,,3.6614762030438994e-06,948.715885906
2.508313539192399,10560,0.2699028491973877,,3.643881411102314e-06,949.4980824350005
2.510688836104513,10570,0.27102181911468504,,3.626286619160729e-06,950.2649772180002
2.513064133016627,10580,0.29842143058776854,,3.6086918272191435e-06,951.0434134870002
2.5154394299287413,10590,0.28540353775024413,,3.591097035277558e-06,951.6037711730005
2.517814726840855,10600,0.2753249406814575,,3.573502243335973e-06,952.363476648
2.520190023752969,10610,0.15448510646820068,,3.5559074513943876e-06,953.113250157
2.522565320665083,10620,0.2927506446838379,,3.538312659452802e-06,953.8399261080003
2.5249406175771973,10630,0.18107866048812865,,3.5207178675112167e-06,954.538164564
2.527315914489311,10640,0.20837743282318116,,3.5031230755696317e-06,955.3160196230001
2.529691211401425,10650,0.3044714450836182,,3.4855282836280463e-06,956.0508369380004
2.532066508313539,10660,0.2912912130355835,,3.467933491686461e-06,956.8216063979999
2.5344418052256534,10670,0.3312911748886108,,3.450338699744876e-06,957.6257762559999
2.5368171021377672,10680,0.30642876625061033,,3.4327439078032904e-06,958.308631588
2.539192399049881,10690,0.3005577325820923,,3.415149115861705e-06,959.0383336940004
2.5415676959619953,10700,0.2913812160491943,,3.39755432392012e-06,959.8602019360005
2.5439429928741095,10710,0.23383543491363526,,3.3799595319785345e-06,960.6514946799998
2.5463182897862233,10720,0.23874938488006592,,3.362364740036949e-06,961.5248459209997
2.548693586698337,10730,0.32230572700500487,,3.344769948095364e-06,962.2726690939999
2.5510688836104514,10740,0.3198918342590332,,3.3271751561537786e-06,963.04598781
2.553444180522565,10750,0.23426990509033202,,3.309580364212193e-06,963.7753632200001
2.5558194774346794,10760,0.2461089849472046,,3.2919855722706086e-06,964.5439490580002
2.558194774346793,10770,0.20462124347686766,,3.274390780329023e-06,965.3139856329999
2.5605700712589075,10780,0.3161482334136963,,3.2567959883874377e-06,966.069175787
2.5629453681710213,10790,0.2456103801727295,,3.2392011964458527e-06,966.7803744000003
2.5653206650831355,10800,0.32704906463623046,,3.2216064045042672e-06,967.586753089
2.5676959619952493,10810,0.2616478681564331,,3.204011612562682e-06,968.3036593950001
2.5700712589073635,10820,0.20986380577087402,,3.1864168206210968e-06,969.0396543530005
2.5724465558194773,10830,0.2511059999465942,,3.1688220286795113e-06,969.787660039
2.5748218527315916,10840,0.26587715148925783,,3.151227236737926e-06,970.4355146190001
2.5771971496437054,10850,0.3264387369155884,,3.1336324447963405e-06,971.2015070380003
2.5795724465558196,10860,0.2891409397125244,,3.1160376528547555e-06,971.9060685800005
2.5819477434679334,10870,0.29625678062438965,,3.09844286091317e-06,972.6235769670002
2.5843230403800472,10880,0.32590949535369873,,3.0808480689715846e-06,973.439945141
2.5866983372921615,10890,0.2661672353744507,,3.0632532770299996e-06,974.2535702519999
2.5890736342042757,10900,0.26022536754608155,,3.045658485088414e-06,974.96767043
2.5914489311163895,10910,0.2359086751937866,,3.0280636931468287e-06,975.6722988230003
2.5938242280285033,10920,0.2815007925033569,,3.0104689012052437e-06,976.4256356860005
2.5961995249406176,10930,0.20105583667755128,,2.9928741092636582e-06,977.1885164310006
2.598574821852732,10940,0.20996906757354736,,2.975279317322073e-06,977.9050687600002
2.6009501187648456,10950,0.20643267631530762,,2.9576845253804874e-06,978.7129353010005
2.6033254156769594,10960,0.24371786117553712,,2.9400897334389023e-06,979.4485957799998
2.6057007125890737,10970,0.3071650743484497,,2.922494941497317e-06,980.164778161
2.608076009501188,10980,0.2872060060501099,,2.9049001495557315e-06,980.9172590349999
2.6104513064133017,10990,0.2229321002960205,,2.8873053576141465e-06,981.6965678340002
2.6128266033254155,11000,0.24511518478393554,,2.869710565672561e-06,982.4366954530005
2.6152019002375297,11010,0.22324271202087403,,2.8521157737309756e-06,983.1255933439998
2.6175771971496435,11020,0.296251916885376,,2.8345209817893906e-06,983.9201918099998
2.619952494061758,11030,0.29835355281829834,,2.816926189847805e-06,984.6489862110002
2.6223277909738716,11040,0.33831124305725097,,2.7993313979062197e-06,985.4589212520004
2.624703087885986,11050,0.27232675552368163,,2.7817366059646343e-06,986.1594743450005
2.6270783847980996,11060,0.3152364492416382,,2.7641418140230492e-06,987.0063209680002
2.629453681710214,11070,0.2901374340057373,,2.746547022081464e-06,987.7809687790004
2.6318289786223277,11080,0.30979180335998535,,2.728952230139879e-06,988.5118387760003
2.634204275534442,11090,0.2983541011810303,,2.7113574381982938e-06,989.2257524880006
2.6365795724465557,11100,0.15927643775939943,,2.6937626462567083e-06,989.987649789
2.63895486935867,11110,0.17154648303985595,,2.6761678543151233e-06,990.6719991629998
2.6413301662707838,11120,0.2635284662246704,,2.658573062373538e-06,991.3833899850006
2.643705463182898,11130,0.3144451379776001,,2.6409782704319524e-06,992.2197758210004
2.646080760095012,11140,0.274384593963623,,2.6233834784903674e-06,994.5003706910002
2.648456057007126,11150,0.2947676420211792,,2.605788686548782e-06,995.8181240009999
2.65083135391924,11160,0.31989760398864747,,2.5881938946071966e-06,999.8522476650005
2.653206650831354,11170,0.23980679512023925,,2.570599102665611e-06,1003.1956877459997
2.655581947743468,11180,0.24583828449249268,,2.553004310724026e-06,1004.536709256
2.6579572446555817,11190,0.18990941047668458,,2.5354095187824407e-06,1005.73684374
2.660332541567696,11200,0.2949185848236084,,2.5178147268408552e-06,1006.8521748000003
2.66270783847981,11210,0.2533316135406494,,2.5002199348992702e-06,1008.0280379699998
2.665083135391924,11220,0.2764389991760254,,2.4826251429576848e-06,1010.097524971
2.667458432304038,11230,0.16452049016952514,,2.4650303510160993e-06,1014.2957025780006
2.669833729216152,11240,0.17278624773025514,,2.4474355590745143e-06,1015.4961146430005
2.6722090261282663,11250,0.2696770191192627,,2.429840767132929e-06,1016.6606909439997
2.67458432304038,11260,0.2765815019607544,,2.4122459751913434e-06,1017.7685806670006
2.676959619952494,11270,0.2795942068099976,,2.394651183249758e-06,1018.9470125400003
2.679334916864608,11280,0.3181169033050537,,2.377056391308173e-06,1020.2010780410001
2.6817102137767224,11290,0.21565382480621337,,2.3594615993665876e-06,1023.7891062640001
2.684085510688836,11300,0.21513726711273193,,2.341866807425002e-06,1026.8200810550006
2.68646080760095,11310,0.29791529178619386,,2.324272015483417e-06,1028.9698243090006
2.688836104513064,11320,0.21174969673156738,,2.306677223541832e-06,1030.419525331
2.691211401425178,11330,0.2782872200012207,,2.2890824316002467e-06,1031.542926661
2.6935866983372923,11340,0.2996533393859863,,2.2714876396586612e-06,1032.701976288
2.695961995249406,11350,0.21799921989440918,,2.253892847717076e-06,1034.369479049
2.6983372921615203,11360,0.3190113306045532,,2.2362980557754908e-06,1038.9421273980006
2.700712589073634,11370,0.24303991794586183,,2.2187032638339053e-06,1040.1608361520002
2.7030878859857483,11380,0.36072797775268556,,2.20110847189232e-06,1041.232680618
2.705463182897862,11390,0.20080575942993165,,2.183513679950735e-06,1042.4464495869997
2.7078384798099764,11400,0.2440491199493408,,2.1659188880091494e-06,1043.5164428090002
2.71021377672209,11410,0.15088021755218506,,2.148324096067564e-06,1044.6438608670005
2.7125890736342044,11420,0.16414029598236085,,2.130729304125979e-06,1048.8034617570002
2.7149643705463182,11430,0.27937319278717043,,2.1131345121843935e-06,1050.7470209909998
2.7173396674584325,11440,0.2788984775543213,,2.095539720242808e-06,1051.924867611
2.7197149643705463,11450,0.25803070068359374,,2.077944928301223e-06,1053.1810645080004
2.72209026128266,11460,0.2473447322845459,,2.0603501363596377e-06,1054.3376313469998
2.7244655581947743,11470,0.2735466957092285,,2.0427553444180522e-06,1056.6214600140001
2.7268408551068886,11480,0.22565805912017822,,2.025160552476467e-06,1058.8544148729998
2.7292161520190024,11490,0.19596619606018068,,2.0075657605348818e-06,1062.1758258580003
2.731591448931116,11500,0.24891252517700196,,1.9899709685932968e-06,1063.363082418
2.7339667458432304,11510,0.3082299709320068,,1.9723761766517113e-06,1064.4356385970004
2.7363420427553447,11520,0.2886545658111572,,1.954781384710126e-06,1065.5608774230004
2.7387173396674585,11530,0.22692129611968995,,1.937186592768541e-06,1066.711241954
2.7410926365795723,11540,0.2024916410446167,,1.9195918008269554e-06,1069.1021927190004
2.7434679334916865,11550,0.24500632286071777,,1.90199700888537e-06,1071.0950216480005
2.7458432304038007,11560,0.3760454416275024,,1.8844022169437848e-06,1074.5621128290004
2.7482185273159145,11570,0.27194919586181643,,1.8668074250021995e-06,1075.7320446129997
2.7505938242280283,11580,0.32071661949157715,,1.849212633060614e-06,1076.8063149170002
2.7529691211401426,11590,0.2678221702575684,,1.8316178411190289e-06,1077.8182470560005
2.7553444180522564,11600,0.17629791498184205,,1.8140230491774436e-06,1078.9306697090005
2.7577197149643706,11610,0.21595256328582763,,1.7964282572358582e-06,1081.4827019479999
2.7600950118764844,11620,0.2732766389846802,,1.778833465294273e-06,1084.9686683720001
2.7624703087885987,11630,0.23376774787902832,,1.7612386733526875e-06,1086.0558354470004
2.7648456057007125,11640,0.2680155515670776,,1.7436438814111025e-06,1087.2364396680005
2.7672209026128267,11650,0.3032660484313965,,1.7260490894695173e-06,1088.2627695359997
2.7695961995249405,11660,0.35276360511779786,,1.7084542975279319e-06,1089.550231272
2.7719714964370548,11670,0.2930924892425537,,1.6908595055863466e-06,1090.7467251630005
2.7743467933491686,11680,0.27111814022064207,,1.6732647136447614e-06,1094.15992654
2.776722090261283,11690,0.27014822959899903,,1.655669921703176e-06,1096.2281994410005
2.7790973871733966,11700,0.1921305775642395,,1.6380751297615907e-06,1098.836100478
2.781472684085511,11710,0.26951985359191893,,1.6204803378200053e-06,1099.98214379
2.7838479809976246,11720,0.2573469877243042,,1.60288554587842e-06,1101.1343382120003
2.7862232779097384,11730,0.2701038599014282,,1.5852907539368349e-06,1102.348262548
2.7885985748218527,11740,0.3097910165786743,,1.5676959619952494e-06,1103.422129435
2.790973871733967,11750,0.2190309524536133,,1.5501011700536642e-06,1104.9908896739998
2.7933491686460807,11760,0.2330482244491577,,1.5325063781120788e-06,1109.193151947
2.7957244655581945,11770,0.24808814525604247,,1.5149115861704935e-06,1110.424565153
2.798099762470309,11780,0.31664338111877444,,1.4973167942289083e-06,1111.5467003290005
2.800475059382423,11790,0.2820849895477295,,1.4797220022873233e-06,1112.6773957149999
2.802850356294537,11800,0.17877961397171022,,1.4621272103457379e-06,1113.8465027490001
2.8052256532066506,11810,0.27449731826782225,,1.4445324184041526e-06,1114.9833460119999
2.807600950118765,11820,0.19232310056686402,,1.4269376264625672e-06,1117.38121177
2.809976247030879,11830,0.23581669330596924,,1.409342834520982e-06,1118.1238175850003
2.812351543942993,11840,0.23552980422973632,,1.3917480425793967e-06,1118.843307563
2.8147268408551067,11850,0.2375640630722046,,1.3741532506378113e-06,1119.5606825390005
2.817102137767221,11860,0.25347468852996824,,1.356558458696226e-06,1120.3292715120006
2.8194774346793348,11870,0.2788690567016602,,1.3389636667546406e-06,1121.0796184270002
2.821852731591449,11880,0.29133896827697753,,1.3213688748130554e-06,1121.7950041250006
2.824228028503563,11890,0.3354137420654297,,1.3037740828714702e-06,1122.470167945
2.826603325415677,11900,0.2812935829162598,,1.2861792909298847e-06,1123.2495517590005
2.828978622327791,11910,0.19926364421844484,,1.2685844989882995e-06,1124.0340073770003
2.831353919239905,11920,0.31020278930664064,,1.250989707046714e-06,1124.7568864690002
2.833729216152019,11930,0.19321420192718505,,1.233394915105129e-06,1125.4863283639997
2.836104513064133,11940,0.3051608562469482,,1.2158001231635436e-06,1126.3003753980001
2.838479809976247,11950,0.21685781478881835,,1.1982053312219584e-06,1127.1178019870003
2.840855106888361,11960,0.3222913026809692,,1.1806105392803732e-06,1127.8279904669998
2.843230403800475,11970,0.28014798164367677,,1.1630157473387877e-06,1128.516492752
2.8456057007125892,11980,0.21754906177520753,,1.1454209553972025e-06,1129.2940909300005
2.847980997624703,11990,0.25110759735107424,,1.1278261634556173e-06,1130.0458165890004
2.850356294536817,12000,0.2079695701599121,,1.110231371514032e-06,1130.761130111
2.852731591448931,12010,0.24292325973510742,,1.0926365795724466e-06,1131.5146253250005
2.8551068883610453,12020,0.3151820182800293,,1.0750417876308614e-06,1132.256527611
2.857482185273159,12030,0.2958796739578247,,1.057446995689276e-06,1132.986147056
2.859857482185273,12040,0.17819856405258178,,1.0398522037476907e-06,1133.722661807
2.862232779097387,12050,0.19506183862686158,,1.0222574118061055e-06,1134.5145449500005
2.8646080760095014,12060,0.2643651247024536,,1.00466261986452e-06,1135.2596955070003
2.866983372921615,12070,0.2221142530441284,,9.87067827922935e-07,1136.0223062599998
2.869358669833729,12080,0.19504168033599853,,9.694730359813496e-07,1136.7279863479998
2.8717339667458432,12090,0.22818644046783448,,9.518782440397643e-07,1137.5448739310004
2.8741092636579575,12100,0.3562810182571411,,9.342834520981791e-07,1138.2897639530001
2.8764845605700713,12110,0.2769864320755005,,9.166886601565937e-07,1138.9948106890006
2.878859857482185,12120,0.19006383419036865,,8.990938682150084e-07,1139.7493239470004
2.8812351543942993,12130,0.17867493629455566,,8.814990762734231e-07,1140.5402297259998
2.883610451306413,12140,0.28761236667633056,,8.639042843318378e-07,1141.3032400860002
2.8859857482185274,12150,0.30508856773376464,,8.463094923902526e-07,1142.063969158
2.888361045130641,12160,0.2521728754043579,,8.287147004486673e-07,1142.857045844
2.8907363420427554,12170,0.24391539096832277,,8.11119908507082e-07,1143.6434190500004
2.8931116389548692,12180,0.2837045907974243,,7.935251165654967e-07,1144.4104152320006
2.8954869358669835,12190,0.23002068996429442,,7.759303246239114e-07,1145.1937361219998
2.8978622327790973,12200,0.27345173358917235,,7.583355326823261e-07,1145.9686737250004
2.9002375296912115,12210,0.23144183158874512,,7.407407407407407e-07,1146.6997471330005
2.9026128266033253,12220,0.26257877349853515,,7.231459487991555e-07,1147.4302647940003
2.9049881235154396,12230,0.24217422008514405,,7.055511568575703e-07,1148.1525459880004
2.9073634204275534,12240,0.26991608142852785,,6.879563649159849e-07,1148.9243796669998
2.9097387173396676,12250,0.22131690979003907,,6.703615729743996e-07,1149.7162346040004
2.9121140142517814,12260,0.2160362958908081,,6.527667810328144e-07,1150.4197073679998
2.9144893111638956,12270,0.17426329851150513,,6.351719890912291e-07,1151.1140167450003
2.9168646080760094,12280,0.22161424160003662,,6.175771971496437e-07,1151.8501314149999
2.9192399049881237,12290,0.28006393909454347,,5.999824052080585e-07,1152.5730425290003
2.9216152019002375,12300,0.28903851509094236,,5.823876132664732e-07,1153.4248929639998
2.9239904988123513,12310,0.2919410943984985,,5.647928213248878e-07,1154.1838833090005
2.9263657957244655,12320,0.25348944664001466,,5.471980293833026e-07,1154.9353726480003
2.92874109263658,12330,0.24675252437591552,,5.296032374417173e-07,1155.6481715440004
2.9311163895486936,12340,0.22766425609588622,,5.12008445500132e-07,1156.3753006369998
2.9334916864608074,12350,0.2995373487472534,,4.944136535585467e-07,1157.144361134
2.9358669833729216,12360,0.33287968635559084,,4.768188616169614e-07,1157.848659886
2.938242280285036,12370,0.2433415651321411,,4.5922406967537616e-07,1158.6046187500006
2.9406175771971497,12380,0.30582633018493655,,4.416292777337908e-07,1159.3449869320002
2.9429928741092635,12390,0.3006886959075928,,4.2403448579220555e-07,1160.1062947310002
2.9453681710213777,12400,0.2952484369277954,,4.064396938506202e-07,1160.7717167090004
2.947743467933492,12410,0.16527066230773926,,3.88844901909035e-07,1161.5180443979998
2.9501187648456058,12420,0.34614503383636475,,3.7125010996744966e-07,1162.289355594
2.9524940617577196,12430,0.2267831087112427,,3.536553180258644e-07,1163.002694144
2.954869358669834,12440,0.19163010120391846,,3.3606052608427905e-07,1163.8220231249998
2.9572446555819476,12450,0.23224499225616455,,3.184657341426938e-07,1164.5998403290005
2.959619952494062,12460,0.22547671794891358,,3.008709422011085e-07,1165.4091057370006
2.9619952494061756,12470,0.28664748668670653,,2.832761502595232e-07,1166.0945436350003
2.96437054631829,12480,0.28010895252227785,,2.6568135831793793e-07,1166.7901409800006
2.9667458432304037,12490,0.2759352207183838,,2.480865663763526e-07,1167.5099188060003
2.969121140142518,12500,0.22481484413146974,,2.3049177443476735e-07,1168.2874049640004
2.9714964370546317,12510,0.2890569448471069,,2.1289698249318201e-07,1169.0758266660005
2.973871733966746,12520,0.18203361034393312,,1.9530219055159676e-07,1169.776780782
2.97624703087886,12530,0.3149698495864868,,1.7770739861001143e-07,1170.5468395300004
2.978622327790974,12540,0.28090834617614746,,1.6011260666842618e-07,1171.3250668620003
2.980997624703088,12550,0.2668673753738403,,1.4251781472684087e-07,1172.065224727
2.983372921615202,12560,0.22044458389282226,,1.249230227852556e-07,1172.7912346230005
2.985748218527316,12570,0.25625319480895997,,1.0732823084367029e-07,1173.5790524599997
2.9881235154394297,12580,0.3618661642074585,,8.9733438902085e-08,1174.3012835990003
2.990498812351544,12590,0.2273125171661377,,7.213864696049969e-08,1174.972568231
2.992874109263658,12600,0.257196044921875,,5.45438550189144e-08,1175.6264197990004
2.995249406175772,12610,0.19029855728149414,,3.694906307732912e-08,1176.3765937580001
2.9976247030878858,12620,0.36138851642608644,,1.9354271135743822e-08,1177.132928223
3.0,12630,0.2133136510848999,,1.7594791941585293e-09,1177.877488774
3.0,12630,,0.2573714852333069,,1180.2387722969997
3.0,12630,,,,1180.9187635180006
