epoch,step,loss,eval_loss,learning_rate,elapsed_seconds
0.0023752969121140144,10,0.701116943359375,,1.4251781472684087e-07,1.0786040419998244
0.004750593824228029,20,0.7018321514129638,,3.008709422011085e-07,1.4402316369996697
0.007125890736342043,30,0.7026185989379883,,4.5922406967537616e-07,1.8304805669995403
0.009501187648456057,40,0.6938698291778564,,6.175771971496437e-07,2.184510379999665
0.011876484560570071,50,0.6977509498596192,,7.759303246239114e-07,2.5183312499993917
0.014251781472684086,60,0.6963901519775391,,9.342834520981791e-07,2.953547465000156
0.0166270783847981,70,0.699046516418457,,1.0926365795724466e-06,3.3288440169999376
0.019002375296912115,80,0.703663444519043,,1.250989707046714e-06,3.7091713370000434
0.021377672209026127,90,0.6973791122436523,,1.409342834520982e-06,4.1350586620001195
0.023752969121140142,100,0.6983306884765625,,1.5676959619952494e-06,4.523521815000095
0.026128266033254157,110,0.6962007999420166,,1.7260490894695173e-06,4.8699615649993575
0.028503562945368172,120,0.692694091796875,,1.8844022169437848e-06,5.246277197999916
0.030878859857482184,130,0.6931424617767334,,2.0427553444180522e-06,5.633156991999385
0.0332541567695962,140,0.6935036659240723,,2.20110847189232e-06,5.973728177999874
0.035629453681710214,150,0.6975762367248535,,2.3594615993665876e-06,6.326564688999497
0.03800475059382423,160,0.692828369140625,,2.5178147268408552e-06,6.726491478999378
0.040380047505938245,170,0.6909254550933838,,2.6761678543151233e-06,7.101018610999745
0.04275534441805225,180,0.694881820678711,,2.8345209817893906e-06,7.500594067999373
0.04513064133016627,190,0.6936930656433106,,2.9928741092636582e-06,7.857232880000083
0.047505938242280284,200,0.6962629318237304,,3.151227236737926e-06,8.214985878999869
0.0498812351543943,210,0.6928864479064941,,3.309580364212193e-06,8.5833376519995
0.052256532066508314,220,0.6944756031036377,,3.467933491686461e-06,8.92676435300018
0.05463182897862233,230,0.6829026699066162,,3.626286619160729e-06,9.305646449999585
0.057007125890736345,240,0.6798536300659179,,3.7846397466349966e-06,9.722794634999445
0.05938242280285035,250,0.689275598526001,,3.942992874109263e-06,10.077392121999765
0.06175771971496437,260,0.6858946800231933,,4.1013460015835315e-06,10.432268257000032
0.06413301662707839,270,0.6832098960876465,,4.2596991290578e-06,10.829510122999636
0.0665083135391924,280,0.6880176544189454,,4.418052256532067e-06,11.20797863000007
0.0688836104513064,290,0.6825291633605957,,4.576405384006334e-06,11.5797420279996
0.07125890736342043,300,0.6830470085144043,,4.734758511480602e-06,11.949492136000117
0.07363420427553444,310,0.6776333332061768,,4.89311163895487e-06,12.315923397000006
0.07600950118764846,320,0.6778801441192627,,5.0514647664291375e-06,12.703195828999924
0.07838479809976247,330,0.6880196094512939,,5.209817893903405e-06,13.087755642999582
0.08076009501187649,340,0.6726500034332276,,5.368171021377673e-06,13.424080382999819
0.0831353919239905,350,0.6849888801574707,,5.526524148851941e-06,13.815331814999809
0.0855106888361045,360,0.6812926769256592,,5.684877276326208e-06,14.190551066999433
0.08788598574821853,370,0.6854838371276856,,5.843230403800475e-06,14.59470019499986
0.09026128266033254,380,0.6791948318481446,,6.001583531274743e-06,14.947153322999839
0.09263657957244656,390,0.6619985580444336,,6.159936658749011e-06,15.33064894800009
0.09501187648456057,400,0.6690630435943603,,6.318289786223278e-06,15.709694608000063
0.09738717339667459,410,0.6742101192474366,,6.476642913697546e-06,16.059067397000035
0.0997624703087886,420,0.6526907920837403,,6.634996041171814e-06,16.433185768999465
0.1021377672209026,430,0.6655588150024414,,6.7933491686460815e-06,16.794762137999896
0.10451306413301663,440,0.6816823482513428,,6.951702296120349e-06,17.168654287999743
0.10688836104513064,450,0.6606848239898682,,7.110055423594616e-06,17.55027516300015
0.10926365795724466,460,0.6670742988586426,,7.268408551068884e-06,17.953136954999536
0.11163895486935867,470,0.6754078388214111,,7.426761678543152e-06,18.32158408399937
0.11401425178147269,480,0.6608022689819336,,7.585114806017419e-06,18.67966786099987
0.1163895486935867,490,0.6525389671325683,,7.743467933491687e-06,19.057350168000085
0.1187648456057007,500,0.6585937976837158,,7.901821060965956e-06,19.43340275099945
0.12114014251781473,510,0.6400815486907959,,8.060174188440221e-06,19.830021989999295
0.12351543942992874,520,0.6478828907012939,,8.21852731591449e-06,20.23170910799945
0.12589073634204276,530,0.6433513164520264,,8.376880443388757e-06,20.581039878999945
0.12826603325415678,540,0.6511349678039551,,8.535233570863025e-06,20.944864172000052
0.13064133016627077,550,0.6388650894165039,,8.693586698337293e-06,21.308275178999793
0.1330166270783848,560,0.6552901268005371,,8.85193982581156e-06,21.681796449999638
0.13539192399049882,570,0.6388063430786133,,9.010292953285828e-06,22.059017415999733
0.1377672209026128,580,0.6283282279968262,,9.168646080760095e-06,22.46408762899955
0.14014251781472684,590,0.6269491195678711,,9.326999208234362e-06,22.830371854999612
0.14251781472684086,600,0.613731050491333,,9.485352335708631e-06,23.224957815999915
0.14489311163895488,610,0.6139833450317382,,9.643705463182899e-06,23.654958422000163
0.14726840855106887,620,0.599076509475708,,9.802058590657166e-06,24.014204565999535
0.1496437054631829,630,0.5931909084320068,,9.960411718131435e-06,24.430442858999413
0.15201900237529692,640,0.5783411979675293,,1.0118764845605702e-05,24.805456224999944
0.1543942992874109,650,0.5409129619598388,,1.027711797307997e-05,25.183196522999424
0.15676959619952494,660,0.5664471626281739,,1.0435471100554238e-05,25.506827017999967
0.15914489311163896,670,0.5022984981536865,,1.0593824228028504e-05,25.885583556999336
0.16152019002375298,680,0.46778883934021,,1.0752177355502773e-05,26.223124245999315
0.16389548693586697,690,0.4569883346557617,,1.091053048297704e-05,26.6019740669999
0.166270783847981,700,0.46043901443481444,,1.1068883610451307e-05,26.977205575999506
0.16864608076009502,710,0.4294529914855957,,1.1227236737925575e-05,27.329314963999423
0.171021377672209,720,0.43564472198486326,,1.1385589865399842e-05,27.670636060000106
0.17339667458432304,730,0.43610444068908694,,1.154394299287411e-05,28.053201058999548
0.17577197149643706,740,0.473525857925415,,1.1702296120348378e-05,28.486592930999905
0.17814726840855108,750,0.4008234977722168,,1.1860649247822647e-05,28.855662702999325
0.18052256532066507,760,0.37834978103637695,,1.2019002375296912e-05,29.238815787999556
0.1828978622327791,770,0.4613033771514893,,1.217735550277118e-05,29.603664116999425
0.18527315914489312,780,0.3453585863113403,,1.2335708630245449e-05,30.000965870000073
0.1876484560570071,790,0.38196938037872313,,1.2494061757719716e-05,30.386592048999773
0.19002375296912113,800,0.3759634017944336,,1.2652414885193985e-05,30.745167903000038
0.19239904988123516,810,0.36582968235015867,,1.281076801266825e-05,31.11413998899934
0.19477434679334918,820,0.46221375465393066,,1.296912114014252e-05,31.49629680199996
0.19714964370546317,830,0.3030512571334839,,1.3127474267616787e-05,31.859137518999887
0.1995249406175772,840,0.4322216033935547,,1.3285827395091054e-05,32.301064018000034
0.20190023752969122,850,0.3952474594116211,,1.3444180522565323e-05,32.6529889200001
0.2042755344418052,860,0.402370023727417,,1.3602533650039588e-05,33.06677411700002
0.20665083135391923,870,0.36568851470947267,,1.3760886777513857e-05,33.466550933999315
0.20902612826603326,880,0.41047029495239257,,1.3919239904988124e-05,33.81280784499995
0.21140142517814728,890,0.4630851745605469,,1.4077593032462393e-05,34.21536262900008
0.21377672209026127,900,0.42494869232177734,,1.423594615993666e-05,34.5806942829995
0.2161520190023753,910,0.28963193893432615,,1.4394299287410926e-05,34.95620129700001
0.21852731591448932,920,0.39593541622161865,,1.4552652414885195e-05,35.35020622399952
0.2209026128266033,930,0.4117136001586914,,1.4711005542359462e-05,35.691819943000155
0.22327790973871733,940,0.30301690101623535,,1.4869358669833731e-05,36.04815087999941
0.22565320665083136,950,0.38326406478881836,,1.5027711797307999e-05,36.4727709939998
0.22802850356294538,960,0.2872773170471191,,1.5186064924782268e-05,36.83283088600001
0.23040380047505937,970,0.35750181674957277,,1.5344418052256533e-05,37.18642609000017
0.2327790973871734,980,0.33909342288970945,,1.55027711797308e-05,37.55217958999947
0.23515439429928742,990,0.38468289375305176,,1.5661124307205068e-05,37.92192020799939
0.2375296912114014,1000,0.3198307275772095,,1.5819477434679335e-05,38.30003886299983
0.23990498812351543,1010,0.3472589015960693,,1.5977830562153605e-05,38.679561140999795
0.24228028503562946,1020,0.28077921867370603,,1.6136183689627873e-05,39.069928894999975
0.24465558194774348,1030,0.2856858015060425,,1.629453681710214e-05,39.4372748349997
0.24703087885985747,1040,0.3415087699890137,,1.6452889944576407e-05,39.822951115999786
0.2494061757719715,1050,0.4440901756286621,,1.6611243072050674e-05,40.21685428799992
0.2517814726840855,1060,0.3505728244781494,,1.676959619952494e-05,40.58086295599969
0.25415676959619954,1070,0.32180936336517335,,1.692794932699921e-05,40.941057903999535
0.25653206650831356,1080,0.2789144515991211,,1.708630245447348e-05,41.30901259499933
0.2589073634204275,1090,0.3332246780395508,,1.7244655581947743e-05,41.658333882999614
0.26128266033254155,1100,0.37547645568847654,,1.7403008709422014e-05,42.02504803099964
0.26365795724465557,1110,0.30421268939971924,,1.756136183689628e-05,42.38180207000005
0.2660332541567696,1120,0.3263984203338623,,1.7719714964370545e-05,42.75729342900013
0.2684085510688836,1130,0.2986464977264404,,1.7878068091844816e-05,43.17787258499993
0.27078384798099764,1140,0.36905834674835203,,1.8036421219319083e-05,43.52647025999977
0.27315914489311166,1150,0.35889759063720705,,1.819477434679335e-05,43.902860911999596
0.2755344418052256,1160,0.3445727825164795,,1.8353127474267618e-05,44.282042574000116
0.27790973871733965,1170,0.28390262126922605,,1.8511480601741888e-05,44.61649907799983
0.28028503562945367,1180,0.26132831573486326,,1.8669833729216152e-05,44.957218879999346
0.2826603325415677,1190,0.26791622638702395,,1.882818685669042e-05,45.308332869999504
0.2850356294536817,1200,0.3286656379699707,,1.898653998416469e-05,45.7106745129995
0.28741092636579574,1210,0.37449915409088136,,1.9144893111638957e-05,46.05581983100001
0.28978622327790976,1220,0.3038971424102783,,1.9303246239113224e-05,46.40307760699943
0.2921615201900237,1230,0.2793712139129639,,1.946159936658749e-05,46.79425500399975
0.29453681710213775,1240,0.45038375854492185,,1.961995249406176e-05,47.16010030199959
0.29691211401425177,1250,0.3433408260345459,,1.9778305621536026e-05,47.523658401999455
0.2992874109263658,1260,0.2814551830291748,,1.9936658749010293e-05,47.9223531839998
0.3016627078384798,1270,0.29549365043640136,,1.998944312483505e-05,48.2790745049997
0.30403800475059384,1280,0.4192084789276123,,1.9971848332893464e-05,48.673001469000155
0.30641330166270786,1290,0.3734931468963623,,1.995425354095188e-05,49.035925400999986
0.3087885985748218,1300,0.3462242364883423,,1.9936658749010293e-05,49.441229190999366
0.31116389548693585,1310,0.4066342353820801,,1.991906395706871e-05,49.85076432299957
0.31353919239904987,1320,0.3056927680969238,,1.9901469165127123e-05,50.272488521000014
0.3159144893111639,1330,0.4130710601806641,,1.988387437318554e-05,50.675625973000024
0.3182897862232779,1340,0.30619220733642577,,1.986627958124395e-05,51.04079709100006
0.32066508313539194,1350,0.34291515350341795,,1.9848684789302368e-05,51.44871046800017
0.32304038004750596,1360,0.2706612586975098,,1.983108999736078e-05,51.82141020899962
0.3254156769596199,1370,0.34409120082855227,,1.9813495205419197e-05,52.231534139999894
0.32779097387173395,1380,0.2986344814300537,,1.979590041347761e-05,52.606089803999566
0.33016627078384797,1390,0.3127065896987915,,1.9778305621536026e-05,52.96914902299977
0.332541567695962,1400,0.3476554393768311,,1.9760710829594442e-05,53.336067139999614
0.334916864608076,1410,0.32935466766357424,,1.9743116037652855e-05,53.69958019099977
0.33729216152019004,1420,0.29085698127746584,,1.972552124571127e-05,54.072618247999344
0.33966745843230406,1430,0.3199551820755005,,1.9707926453769684e-05,54.51036080099948
0.342042755344418,1440,0.3330066442489624,,1.96903316618281e-05,54.87125454099987
0.34441805225653205,1450,0.2499443531036377,,1.9672736869886514e-05,55.233341858999665
0.34679334916864607,1460,0.2575914621353149,,1.965514207794493e-05,55.63567535999937
0.3491686460807601,1470,0.3652623653411865,,1.9637547286003346e-05,56.01967505999983
0.3515439429928741,1480,0.4537965774536133,,1.961995249406176e-05,56.41362111299986
0.35391923990498814,1490,0.3553920745849609,,1.9602357702120175e-05,56.799729966000086
0.35629453681710216,1500,0.33665242195129397,,1.9584762910178588e-05,57.1648774790001
0.3586698337292161,1510,0.26243832111358645,,1.9567168118237004e-05,57.50484417200005
0.36104513064133015,1520,0.3722446203231812,,1.954957332629542e-05,57.87422777699976
0.36342042755344417,1530,0.3455347061157227,,1.9531978534353833e-05,58.2048616080001
0.3657957244655582,1540,0.32134499549865725,,1.951438374241225e-05,58.57921116799935
0.3681710213776722,1550,0.3747935056686401,,1.9496788950470663e-05,58.965497098000014
0.37054631828978624,1560,0.29024252891540525,,1.947919415852908e-05,59.33900245899986
0.37292161520190026,1570,0.3022165298461914,,1.946159936658749e-05,59.746697956999924
0.3752969121140142,1580,0.2695204496383667,,1.9444004574645908e-05,60.119490009999936
0.37767220902612825,1590,0.32938523292541505,,1.942640978270432e-05,60.51920080199943
0.38004750593824227,1600,0.3104222536087036,,1.9408814990762737e-05,60.8684085320001
0.3824228028503563,1610,0.3470259189605713,,1.939122019882115e-05,61.24429746399983
0.3847980997624703,1620,0.2836195468902588,,1.9373625406879566e-05,61.6171073609994
0.38717339667458434,1630,0.3365988254547119,,1.935603061493798e-05,61.968389980999746
0.38954869358669836,1640,0.34983148574829104,,1.9338435822996395e-05,62.375038897000195
0.3919239904988123,1650,0.31945507526397704,,1.9320841031054808e-05,62.75570330499977
0.39429928741092635,1660,0.31127941608428955,,1.9303246239113224e-05,63.10920247499962
0.39667458432304037,1670,0.30735504627227783,,1.9285651447171637e-05,63.52710911899976
0.3990498812351544,1680,0.34030420780181886,,1.9268056655230054e-05,63.929122124999594
0.4014251781472684,1690,0.2796715259552002,,1.9250461863288466e-05,64.31983834499988
0.40380047505938244,1700,0.26845607757568357,,1.9232867071346883e-05,64.71934381199935
0.40617577197149646,1710,0.2431710958480835,,1.9215272279405296e-05,65.1046514740001
0.4085510688836104,1720,0.2979146480560303,,1.9197677487463712e-05,65.51311836999957
0.41092636579572445,1730,0.3989089488983154,,1.9180082695522128e-05,65.8865986439996
0.41330166270783847,1740,0.35005004405975343,,1.916248790358054e-05,66.29691669299973
0.4156769596199525,1750,0.3044273853302002,,1.9144893111638957e-05,66.68767348799975
0.4180522565320665,1760,0.3551525115966797,,1.912729831969737e-05,67.06215632800013
0.42042755344418054,1770,0.25188982486724854,,1.9109703527755786e-05,67.50167167099971
0.42280285035629456,1780,0.2854517698287964,,1.9092108735814203e-05,67.94083676899936
0.4251781472684085,1790,0.3465088367462158,,1.9074513943872615e-05,68.31744436000008
0.42755344418052255,1800,0.38696727752685545,,1.905691915193103e-05,68.68977926199932
0.42992874109263657,1810,0.37646732330322263,,1.9039324359989445e-05,69.02868168799978
0.4323040380047506,1820,0.31390721797943116,,1.902172956804786e-05,69.40884068000014
0.4346793349168646,1830,0.32941431999206544,,1.9004134776106274e-05,69.78356662499937
0.43705463182897863,1840,0.3339026689529419,,1.898653998416469e-05,70.16171037599997
0.43942992874109266,1850,0.30858554840087893,,1.8968945192223103e-05,70.57595000999936
0.4418052256532066,1860,0.34096684455871584,,1.895135040028152e-05,70.97775778899995
0.44418052256532065,1870,0.3221548557281494,,1.8933755608339932e-05,71.36991029199999
0.44655581947743467,1880,0.31358201503753663,,1.8916160816398348e-05,71.75152643399997
0.4489311163895487,1890,0.41770119667053224,,1.889856602445676e-05,72.18755168699954
0.4513064133016627,1900,0.29119579792022704,,1.8880971232515177e-05,72.57778003699968
0.45368171021377673,1910,0.36348485946655273,,1.886337644057359e-05,72.96176912200008
0.45605700712589076,1920,0.29416837692260744,,1.8845781648632006e-05,73.31999719799933
0.4584323040380047,1930,0.30010056495666504,,1.882818685669042e-05,73.71276112199939
0.46080760095011875,1940,0.36206808090209963,,1.8810592064748836e-05,74.08996182899955
0.46318289786223277,1950,0.29746313095092775,,1.879299727280725e-05,74.46384036699965
0.4655581947743468,1960,0.2768991470336914,,1.8775402480865665e-05,74.8987781830001
0.4679334916864608,1970,0.2557458639144897,,1.8757807688924078e-05,75.28848924999966
0.47030878859857483,1980,0.3443988084793091,,1.8740212896982494e-05,75.65281585299999
0.47268408551068886,1990,0.353215765953064,,1.872261810504091e-05,76.03620602599949
0.4750593824228028,2000,0.33964321613311765,,1.8705023313099323e-05,76.41682415600008
0.47743467933491684,2010,0.33549635410308837,,1.868742852115774e-05,76.81111061799947
0.47980997624703087,2020,0.46961350440979005,,1.8669833729216152e-05,77.19325474200014
0.4821852731591449,2030,0.41083316802978515,,1.8652238937274568e-05,77.55305570899964
0.4845605700712589,2040,0.30896706581115724,,1.8634644145332985e-05,77.91580459799934
0.48693586698337293,2050,0.35952436923980713,,1.8617049353391397e-05,78.30588911599989
0.48931116389548696,2060,0.30711147785186765,,1.8599454561449814e-05,78.68499857400002
0.4916864608076009,2070,0.2683220148086548,,1.8581859769508227e-05,79.12405198499982
0.49406175771971494,2080,0.34662747383117676,,1.8564264977566643e-05,79.50893627799996
0.49643705463182897,2090,0.28831512928009034,,1.854667018562506e-05,79.92806763199951
0.498812351543943,2100,0.39923996925354005,,1.8529075393683472e-05,80.29723790499975
0.501187648456057,2110,0.4166987419128418,,1.8511480601741888e-05,80.67258720399968
0.503562945368171,2120,0.26777751445770265,,1.84938858098003e-05,81.04610835699987
0.505938242280285,2130,0.3073650121688843,,1.8476291017858717e-05,81.49417603499933
0.5083135391923991,2140,0.350290322303772,,1.845869622591713e-05,81.89411232200018
0.5106888361045131,2150,0.246587872505188,,1.8441101433975546e-05,82.28995618099998
0.5130641330166271,2160,0.3354310989379883,,1.842350664203396e-05,82.70169534399975
0.5154394299287411,2170,0.28753814697265623,,1.8405911850092376e-05,83.08684124499996
0.517814726840855,2180,0.30403172969818115,,1.838831705815079e-05,83.47888599499947
0.5201900237529691,2190,0.3197696924209595,,1.8370722266209205e-05,83.85405335999985
0.5225653206650831,2200,0.3682380199432373,,1.8353127474267618e-05,84.21205567400011
0.5249406175771971,2210,0.3680630445480347,,1.8335532682326034e-05,84.5974101920001
0.5273159144893111,2220,0.2835658550262451,,1.8317937890384447e-05,85.00315908199991
0.5296912114014252,2230,0.33924112319946287,,1.8300343098442863e-05,85.38297063399932
0.5320665083135392,2240,0.27664759159088137,,1.8282748306501276e-05,85.7673212589998
0.5344418052256532,2250,0.20714330673217773,,1.8265153514559692e-05,86.17890731699936
0.5368171021377672,2260,0.28382487297058107,,1.8247558722618105e-05,86.52785227899949
0.5391923990498813,2270,0.2719705820083618,,1.822996393067652e-05,86.90608836899992
0.5415676959619953,2280,0.35138466358184817,,1.8212369138734934e-05,87.30224507399998
0.5439429928741093,2290,0.2680616855621338,,1.819477434679335e-05,87.67734032499993
0.5463182897862233,2300,0.24553358554840088,,1.8177179554851767e-05,88.06981570100015
0.5486935866983373,2310,0.24577066898345948,,1.815958476291018e-05,88.43786584499958
0.5510688836104513,2320,0.34703736305236815,,1.8141989970968596e-05,88.83599824999965
0.5534441805225653,2330,0.4099754333496094,,1.812439517902701e-05,89.23648970199974
0.5558194774346793,2340,0.2367431640625,,1.8106800387085425e-05,89.60244009300004
0.5581947743467933,2350,0.37977659702301025,,1.808920559514384e-05,90.00400129799982
0.5605700712589073,2360,0.2312070369720459,,1.8071610803202254e-05,90.39546638899992
0.5629453681710214,2370,0.3024850368499756,,1.805401601126067e-05,90.782894682
0.5653206650831354,2380,0.2607197046279907,,1.8036421219319083e-05,91.17908341699967
0.5676959619952494,2390,0.3037794828414917,,1.80188264273775e-05,91.53027609999936
0.5700712589073634,2400,0.30578510761260985,,1.8001231635435912e-05,91.9022445290002
0.5724465558194775,2410,0.21119191646575927,,1.798363684349433e-05,92.30906503299957
0.5748218527315915,2420,0.35874385833740235,,1.796604205155274e-05,92.69029491899983
0.5771971496437055,2430,0.3113647222518921,,1.7948447259611158e-05,93.0418219029998
0.5795724465558195,2440,0.380206298828125,,1.793085246766957e-05,93.4566329929994
0.5819477434679335,2450,0.2560638666152954,,1.7913257675727987e-05,93.80922706299953
0.5843230403800475,2460,0.3468242406845093,,1.78956628837864e-05,94.20702205399994
0.5866983372921615,2470,0.2763338088989258,,1.7878068091844816e-05,94.54863389499951
0.5890736342042755,2480,0.30794172286987304,,1.786047329990323e-05,94.9316953689995
0.5914489311163895,2490,0.2602310419082642,,1.7842878507961645e-05,95.2864475639999
0.5938242280285035,2500,0.2602886438369751,,1.7825283716020058e-05,95.60748234499988
0.5961995249406176,2510,0.25965280532836915,,1.7807688924078474e-05,96.0014179509999
0.5985748218527316,2520,0.30145831108093263,,1.7790094132136887e-05,96.37198801900013
0.6009501187648456,2530,0.34218266010284426,,1.7772499340195303e-05,96.74891531499998
0.6033254156769596,2540,0.36666116714477537,,1.7754904548253716e-05,97.16835136200007
0.6057007125890737,2550,0.36592421531677244,,1.7737309756312132e-05,97.57407353300005
0.6080760095011877,2560,0.4299461841583252,,1.7719714964370545e-05,97.93154100399988
0.6104513064133017,2570,0.29267044067382814,,1.770212017242896e-05,98.31506997399993
0.6128266033254157,2580,0.2865694522857666,,1.7684525380487378e-05,98.6690631069996
0.6152019002375297,2590,0.3862959384918213,,1.766693058854579e-05,99.04101955799979
0.6175771971496437,2600,0.28287014961242674,,1.7649335796604207e-05,99.41877159199976
0.6199524940617577,2610,0.354531455039978,,1.7631741004662623e-05,99.78545910599951
0.6223277909738717,2620,0.28290157318115233,,1.7614146212721036e-05,100.18180745500013
0.6247030878859857,2630,0.434876537322998,,1.7596551420779452e-05,100.55855286199949
0.6270783847980997,2640,0.3446847438812256,,1.7578956628837865e-05,100.89438364399939
0.6294536817102138,2650,0.2975557804107666,,1.756136183689628e-05,101.29224292599974
0.6318289786223278,2660,0.3369837760925293,,1.7543767044954694e-05,101.6650035269995
0.6342042755344418,2670,0.3196850299835205,,1.752617225301311e-05,102.07404576099998
0.6365795724465558,2680,0.3094083547592163,,1.7508577461071527e-05,102.50001663399962
0.6389548693586699,2690,0.24717330932617188,,1.749098266912994e-05,102.91907865799931
0.6413301662707839,2700,0.2969388723373413,,1.7473387877188356e-05,103.29479891399933
0.6437054631828979,2710,0.4176805019378662,,1.745579308524677e-05,103.68033817899959
0.6460807600950119,2720,0.4578873634338379,,1.7438198293305185e-05,104.05845541100007
0.6484560570071259,2730,0.2889920949935913,,1.7420603501363598e-05,104.43293765099952
0.6508313539192399,2740,0.245192551612854,,1.7403008709422014e-05,104.79155258999981
0.6532066508313539,2750,0.36325271129608155,,1.7385413917480427e-05,105.169014092
0.6555819477434679,2760,0.3611328601837158,,1.7367819125538843e-05,105.56408679200013
0.6579572446555819,2770,0.3862130641937256,,1.7350224333597256e-05,105.98643997399995
0.6603325415676959,2780,0.26533355712890627,,1.7332629541655672e-05,106.40839746199981
0.66270783847981,2790,0.3196171998977661,,1.7315034749714085e-05,106.78045596099946
0.665083135391924,2800,0.3069378614425659,,1.72974399577725e-05,107.19643718499992
0.667458432304038,2810,0.26438591480255125,,1.7279845165830914e-05,107.57536460599931
0.669833729216152,2820,0.32861695289611814,,1.726225037388933e-05,107.96386885099946
0.672209026128266,2830,0.33422582149505614,,1.7244655581947743e-05,108.30088529499972
0.6745843230403801,2840,0.42244582176208495,,1.722706079000616e-05,108.68793267599995
0.6769596199524941,2850,0.2987639904022217,,1.7209465998064573e-05,109.06904513100017
0.6793349168646081,2860,0.3354990482330322,,1.719187120612299e-05,109.53895904799992
0.6817102137767221,2870,0.2993442535400391,,1.71742764141814e-05,109.88659621599982
0.684085510688836,2880,0.29702532291412354,,1.7156681622239818e-05,110.29188609399989
0.6864608076009501,2890,0.37049074172973634,,1.7139086830298234e-05,110.7184774540001
0.6888361045130641,2900,0.21788082122802735,,1.7121492038356647e-05,111.10998755699984
0.6912114014251781,2910,0.32371628284454346,,1.7103897246415063e-05,111.46136410899999
0.6935866983372921,2920,0.35666093826293943,,1.708630245447348e-05,111.79475844599983
0.6959619952494062,2930,0.32496397495269774,,1.7068707662531892e-05,112.21393057800015
0.6983372921615202,2940,0.30870082378387453,,1.705111287059031e-05,112.5537227549994
0.7007125890736342,2950,0.3003017663955688,,1.703351807864872e-05,112.95602587799931
0.7030878859857482,2960,0.29128618240356446,,1.7015923286707138e-05,113.37498873899949
0.7054631828978623,2970,0.2668872356414795,,1.699832849476555e-05,113.7493830049998
0.7078384798099763,2980,0.24241180419921876,,1.6980733702823967e-05,114.17184662
0.7102137767220903,2990,0.3854106664657593,,1.696313891088238e-05,114.58445606399982
0.7125890736342043,3000,0.29059491157531736,,1.6945544118940796e-05,114.96454786999948
0.7149643705463183,3010,0.33042593002319337,,1.692794932699921e-05,115.3513102349998
0.7173396674584323,3020,0.3145015716552734,,1.6910354535057625e-05,115.73052698999982
0.7197149643705463,3030,0.2853296995162964,,1.6892759743116038e-05,116.0874327649999
0.7220902612826603,3040,0.3509348154067993,,1.6875164951174454e-05,116.49792904900005
0.7244655581947743,3050,0.4305148124694824,,1.6857570159232867e-05,116.85781029899954
0.7268408551068883,3060,0.3017392635345459,,1.6839975367291283e-05,117.23894783699961
0.7292161520190024,3070,0.29930887222290037,,1.6822380575349696e-05,117.58759202100009
0.7315914489311164,3080,0.3249998092651367,,1.6804785783408113e-05,117.93488594199971
0.7339667458432304,3090,0.3414385080337524,,1.6787190991466525e-05,118.3227409229994
0.7363420427553444,3100,0.2610993146896362,,1.676959619952494e-05,118.71439938499952
0.7387173396674585,3110,0.40433473587036134,,1.6752001407583355e-05,119.07928266199997
0.7410926365795725,3120,0.34124007225036623,,1.673440661564177e-05,119.45132126799945
0.7434679334916865,3130,0.38123264312744143,,1.6716811823700184e-05,119.81930636099969
0.7458432304038005,3140,0.2806288480758667,,1.66992170317586e-05,120.1856117769994
0.7482185273159145,3150,0.36944763660430907,,1.6681622239817016e-05,120.58268440699976
0.7505938242280285,3160,0.3864811182022095,,1.666402744787543e-05,120.99911042699932
0.7529691211401425,3170,0.25162558555603026,,1.6646432655933845e-05,121.35434866299966
0.7553444180522565,3180,0.34280850887298586,,1.6628837863992258e-05,121.74717139099994
0.7577197149643705,3190,0.32382256984710694,,1.6611243072050674e-05,122.13750929799971
0.7600950118764845,3200,0.35191683769226073,,1.659364828010909e-05,122.51431254799991
0.7624703087885986,3210,0.24839918613433837,,1.6576053488167504e-05,122.87248845500017
0.7648456057007126,3220,0.2013089895248413,,1.655845869622592e-05,123.22124208500009
0.7672209026128266,3230,0.2969888925552368,,1.6540863904284333e-05,123.65890906999994
0.7695961995249406,3240,0.3480617761611938,,1.652326911234275e-05,123.98368397400009
0.7719714964370546,3250,0.3135767698287964,,1.6505674320401162e-05,124.36025621399949
0.7743467933491687,3260,0.27704615592956544,,1.6488079528459578e-05,124.75414796099994
0.7767220902612827,3270,0.3488957405090332,,1.647048473651799e-05,125.17840608200004
0.7790973871733967,3280,0.23003733158111572,,1.6452889944576407e-05,125.56933584699982
0.7814726840855107,3290,0.2796586036682129,,1.643529515263482e-05,126.0037705199993
0.7838479809976246,3300,0.293503475189209,,1.6417700360693236e-05,126.34774016899974
0.7862232779097387,3310,0.35158772468566896,,1.6400105568751653e-05,126.72710924900002
0.7885985748218527,3320,0.32050266265869143,,1.6382510776810065e-05,127.06318659899989
0.7909738717339667,3330,0.2692510366439819,,1.6364915984868482e-05,127.44882855699962
0.7933491686460807,3340,0.23962597846984862,,1.6347321192926895e-05,127.83456358500007
0.7957244655581948,3350,0.34455783367156984,,1.632972640098531e-05,128.20898589399985
0.7980997624703088,3360,0.22503213882446288,,1.6312131609043724e-05,128.5736677879995
0.8004750593824228,3370,0.28769431114196775,,1.629453681710214e-05,129.0006803360002
0.8028503562945368,3380,0.421173095703125,,1.6276942025160553e-05,129.36268728699997
0.8052256532066508,3390,0.34964005947113036,,1.625934723321897e-05,129.73870654299935
0.8076009501187649,3400,0.3726008176803589,,1.6241752441277382e-05,130.11331150499973
0.8099762470308789,3410,0.2958512783050537,,1.6224157649335798e-05,130.47729479999998
0.8123515439429929,3420,0.3018807888031006,,1.620656285739421e-05,130.87713900000017
0.8147268408551069,3430,0.3076206684112549,,1.6188968065452627e-05,131.27726381999946
0.8171021377672208,3440,0.33292715549468993,,1.617137327351104e-05,131.6316549129997
0.8194774346793349,3450,0.3645437955856323,,1.6153778481569456e-05,132.0212717459999
0.8218527315914489,3460,0.25261926651000977,,1.6136183689627873e-05,132.4631024219998
0.8242280285035629,3470,0.43491392135620116,,1.6118588897686286e-05,132.80472855900007
0.8266033254156769,3480,0.31040253639221194,,1.6100994105744702e-05,133.22872124700007
0.828978622327791,3490,0.23226983547210694,,1.6083399313803115e-05,133.62203405999935
0.831353919239905,3500,0.3112090826034546,,1.606580452186153e-05,134.0798290419998
0.833729216152019,3510,0.32358715534210203,,1.6048209729919947e-05,134.5020379589996
0.836104513064133,3520,0.44325685501098633,,1.603061493797836e-05,134.94156889299938
0.838479809976247,3530,0.3236908197402954,,1.6013020146036776e-05,135.3358394119996
0.8408551068883611,3540,0.35994505882263184,,1.599542535409519e-05,135.74008421899998
0.8432304038004751,3550,0.262056303024292,,1.5977830562153605e-05,136.11186044699934
0.8456057007125891,3560,0.3297819375991821,,1.596023577021202e-05,136.46381517400005
0.8479809976247031,3570,0.28379600048065184,,1.5942640978270435e-05,136.8515655329993
0.850356294536817,3580,0.23509678840637208,,1.5925046186328847e-05,137.23496217499996
0.8527315914489311,3590,0.2739689826965332,,1.5907451394387264e-05,137.686448638
0.8551068883610451,3600,0.3384248733520508,,1.5889856602445677e-05,138.09650874
0.8574821852731591,3610,0.45078744888305666,,1.5872261810504093e-05,138.47862500700012
0.8598574821852731,3620,0.33328866958618164,,1.5854667018562506e-05,138.86446338599944
0.8622327790973872,3630,0.27344446182250975,,1.5837072226620922e-05,139.21849627499978
0.8646080760095012,3640,0.2732577323913574,,1.5819477434679335e-05,139.60899274799976
0.8669833729216152,3650,0.21418898105621337,,1.580188264273775e-05,140.02383026200005
0.8693586698337292,3660,0.3165446758270264,,1.5784287850796164e-05,140.43592173099933
0.8717339667458432,3670,0.24600391387939452,,1.576669305885458e-05,140.8053038979997
0.8741092636579573,3680,0.3226138114929199,,1.5749098266912993e-05,141.2149389440001
0.8764845605700713,3690,0.32194037437438966,,1.573150347497141e-05,141.61964438799987
0.8788598574821853,3700,0.32368128299713134,,1.5713908683029822e-05,142.008254202
0.8812351543942993,3710,0.34854955673217775,,1.569631389108824e-05,142.3655773419996
0.8836104513064132,3720,0.3753675937652588,,1.5678719099146655e-05,142.71973945299942
0.8859857482185273,3730,0.2527733325958252,,1.5661124307205068e-05,143.07980878299986
0.8883610451306413,3740,0.3288691282272339,,1.5643529515263484e-05,143.51715926699944
0.8907363420427553,3750,0.3056223392486572,,1.5625934723321897e-05,143.88459378700009
0.8931116389548693,3760,0.27989141941070556,,1.5608339931380313e-05,144.3058169549995
0.8954869358669834,3770,0.38042850494384767,,1.559074513943873e-05,144.67616284699943
0.8978622327790974,3780,0.3338897705078125,,1.5573150347497142e-05,145.0256018659993
0.9002375296912114,3790,0.24492440223693848,,1.555555555555556e-05,145.43869851599993
0.9026128266033254,3800,0.2901045083999634,,1.553796076361397e-05,145.84199006200015
0.9049881235154394,3810,0.30758717060089114,,1.5520365971672387e-05,146.21046127699992
0.9073634204275535,3820,0.273352313041687,,1.55027711797308e-05,146.58655699700012
0.9097387173396675,3830,0.29514212608337403,,1.5485176387789217e-05,146.9404373419993
0.9121140142517815,3840,0.24036993980407714,,1.546758159584763e-05,147.34085159400001
0.9144893111638955,3850,0.2603633165359497,,1.5449986803906046e-05,147.75272941799994
0.9168646080760094,3860,0.2800509214401245,,1.543239201196446e-05,148.11595240899987
0.9192399049881235,3870,0.2529287815093994,,1.5414797220022875e-05,148.45144985499974
0.9216152019002375,3880,0.3311415672302246,,1.5397202428081288e-05,148.83070919799957
0.9239904988123515,3890,0.3370760202407837,,1.5379607636139704e-05,149.21515319899936
0.9263657957244655,3900,0.15066142082214357,,1.5362012844198117e-05,149.58302342199931
0.9287410926365796,3910,0.333050537109375,,1.5344418052256533e-05,149.9848458689994
0.9311163895486936,3920,0.2659316062927246,,1.5326823260314946e-05,150.3484384859994
0.9334916864608076,3930,0.31102852821350097,,1.5309228468373362e-05,150.74176036900008
0.9358669833729216,3940,0.2998296022415161,,1.529163367643178e-05,151.12141140999938
0.9382422802850356,3950,0.2992937326431274,,1.527403888449019e-05,151.51039493400003
0.9406175771971497,3960,0.26594130992889403,,1.5256444092548608e-05,151.85170916599964
0.9429928741092637,3970,0.30346343517303465,,1.5238849300607022e-05,152.2047995639996
0.9453681710213777,3980,0.2815539360046387,,1.5221254508665437e-05,152.5794278129997
0.9477434679334917,3990,0.3329386472702026,,1.5203659716723851e-05,152.93921342799968
0.9501187648456056,4000,0.344969654083252,,1.5186064924782268e-05,153.3142704619995
0.9524940617577197,4010,0.25902934074401857,,1.516847013284068e-05,153.6954741849995
0.9548693586698337,4020,0.2777681350708008,,1.5150875340899097e-05,154.10647652099942
0.9572446555819477,4030,0.2924774646759033,,1.513328054895751e-05,154.46972917599942
0.9596199524940617,4040,0.3463289260864258,,1.5115685757015926e-05,154.8146715590001
0.9619952494061758,4050,0.2994814872741699,,1.5098090965074339e-05,155.21825416999945
0.9643705463182898,4060,0.2707084894180298,,1.5080496173132755e-05,155.59657617999983
0.9667458432304038,4070,0.28494110107421877,,1.5062901381191168e-05,155.99875047600017
0.9691211401425178,4080,0.3149202585220337,,1.5045306589249584e-05,156.38395571
0.9714964370546318,4090,0.2914702892303467,,1.5027711797307999e-05,156.81159520999972
0.9738717339667459,4100,0.2766984462738037,,1.5010117005366413e-05,157.19849560999955
0.9762470308788599,4110,0.29516451358795165,,1.4992522213424828e-05,157.60047667399976
0.9786223277909739,4120,0.29585795402526854,,1.4974927421483242e-05,157.98860273099945
0.9809976247030879,4130,0.2835446834564209,,1.4957332629541657e-05,158.32669952099968
0.9833729216152018,4140,0.3977133989334106,,1.4939737837600073e-05,158.68684188899988
0.9857482185273159,4150,0.24386672973632811,,1.4922143045658486e-05,159.05014570099956
0.9881235154394299,4160,0.2950932741165161,,1.4904548253716902e-05,159.43270084599953
0.9904988123515439,4170,0.3354973793029785,,1.4886953461775315e-05,159.77366327799973
0.9928741092636579,4180,0.23955984115600587,,1.4869358669833731e-05,160.17961621299946
0.995249406175772,4190,0.322050142288208,,1.4851763877892144e-05,160.57473422800012
0.997624703087886,4200,0.4239638805389404,,1.483416908595056e-05,160.98610388899942
1.0,4210,0.34243106842041016,,1.4816574294008973e-05,161.34205846199984
1.0,4210,,0.31083932518959045,,162.55240528499962
1.002375296912114,4220,0.3550185441970825,,1.479897950206739e-05,163.6063544509998
1.004750593824228,4230,0.3585865020751953,,1.4781384710125804e-05,163.9675258950001
1.007125890736342,4240,0.3438101768493652,,1.4763789918184219e-05,164.4194103789996
1.009501187648456,4250,0.2533497095108032,,1.4746195126242633e-05,164.75319879800008
1.01187648456057,4260,0.3138540029525757,,1.4728600334301048e-05,165.13121556899932
1.0142517814726841,4270,0.354733943939209,,1.4711005542359462e-05,165.54539286699946
1.0166270783847982,4280,0.2476576805114746,,1.4693410750417879e-05,165.9088887709995
1.0190023752969122,4290,0.32857465744018555,,1.4675815958476292e-05,166.2264109150001
1.0213776722090262,4300,0.3117915868759155,,1.4658221166534708e-05,166.57860531299957
1.0237529691211402,4310,0.32791059017181395,,1.464062637459312e-05,166.9904584299993
1.0261282660332542,4320,0.2630443096160889,,1.4623031582651537e-05,167.3640585919993
1.0285035629453683,4330,0.2857256650924683,,1.460543679070995e-05,167.71868651099976
1.0308788598574823,4340,0.3261665105819702,,1.4587841998768366e-05,168.090609674
1.0332541567695963,4350,0.3244936466217041,,1.4570247206826779e-05,168.45370882899988
1.03562945368171,4360,0.28937716484069825,,1.4552652414885195e-05,168.85509725300017
1.0380047505938241,4370,0.41770477294921876,,1.453505762294361e-05,169.2362991179998
1.0403800475059382,4380,0.31460602283477784,,1.4517462831002024e-05,169.58446863100016
1.0427553444180522,4390,0.2949326515197754,,1.4499868039060439e-05,169.9622253919997
1.0451306413301662,4400,0.303201961517334,,1.4482273247118855e-05,170.35453703499934
1.0475059382422802,4410,0.25348601341247556,,1.4464678455177268e-05,170.72161613199933
1.0498812351543942,4420,0.30929861068725584,,1.4447083663235684e-05,171.17192094199982
1.0522565320665083,4430,0.26656575202941896,,1.4429488871294097e-05,171.57129993599938
1.0546318289786223,4440,0.2583756923675537,,1.4411894079352513e-05,171.9059808309994
1.0570071258907363,4450,0.3392265796661377,,1.4394299287410926e-05,172.278697748
1.0593824228028503,4460,0.28081276416778567,,1.4376704495469342e-05,172.69542607199946
1.0617577197149644,4470,0.2954901695251465,,1.4359109703527755e-05,173.09492070399938
1.0641330166270784,4480,0.2519937515258789,,1.4341514911586172e-05,173.47263079799995
1.0665083135391924,4490,0.3448934555053711,,1.4323920119644586e-05,173.88175478199992
1.0688836104513064,4500,0.2846942901611328,,1.4306325327703e-05,174.34364904499944
1.0712589073634204,4510,0.27126321792602537,,1.4288730535761415e-05,174.74821192499985
1.0736342042755345,4520,0.32703442573547364,,1.427113574381983e-05,175.1229159079994
1.0760095011876485,4530,0.24020037651062012,,1.4253540951878244e-05,175.51385419300004
1.0783847980997625,4540,0.22409095764160156,,1.423594615993666e-05,175.90573334300007
1.0807600950118765,4550,0.28867692947387696,,1.4218351367995074e-05,176.2985893799996
1.0831353919239906,4560,0.3620225667953491,,1.420075657605349e-05,176.68292756399933
1.0855106888361046,4570,0.24757771492004393,,1.4183161784111904e-05,177.0699693409997
1.0878859857482186,4580,0.27606778144836425,,1.4165566992170319e-05,177.48263709000003
1.0902612826603326,4590,0.2934247970581055,,1.4147972200228735e-05,177.8804674969997
1.0926365795724466,4600,0.2612676382064819,,1.4130377408287148e-05,178.2576515969995
1.0950118764845607,4610,0.2281332492828369,,1.4112782616345564e-05,178.65207508799995
1.0973871733966747,4620,0.31986513137817385,,1.4095187824403977e-05,179.0245394579997
1.0997624703087885,4630,0.26798195838928224,,1.4077593032462393e-05,179.45266548000018
1.1021377672209025,4640,0.29971277713775635,,1.4059998240520806e-05,179.82407528899967
1.1045130641330165,4650,0.279333233833313,,1.4042403448579223e-05,180.19313100199997
1.1068883610451306,4660,0.2640705585479736,,1.4024808656637635e-05,180.53255307699965
1.1092636579572446,4670,0.2868806838989258,,1.4007213864696052e-05,180.8872583759994
1.1116389548693586,4680,0.2701058864593506,,1.3989619072754466e-05,181.32231851799952
1.1140142517814726,4690,0.2874003410339355,,1.397202428081288e-05,181.72296122399985
1.1163895486935866,4700,0.30077452659606935,,1.3954429488871295e-05,182.09406367799966
1.1187648456057007,4710,0.28148183822631834,,1.3936834696929712e-05,182.47807294199993
1.1211401425178147,4720,0.31510257720947266,,1.3919239904988124e-05,182.89329338900006
1.1235154394299287,4730,0.2725644111633301,,1.390164511304654e-05,183.2903813339999
1.1258907363420427,4740,0.27852132320404055,,1.3884050321104954e-05,183.65482135399998
1.1282660332541568,4750,0.35168344974517823,,1.386645552916337e-05,184.0231423109999
1.1306413301662708,4760,0.4051493167877197,,1.3848860737221783e-05,184.39585885899942
1.1330166270783848,4770,0.2804213523864746,,1.3831265945280199e-05,184.81081946499944
1.1353919239904988,4780,0.29169702529907227,,1.3813671153338612e-05,185.24204766299954
1.1377672209026128,4790,0.27231321334838865,,1.3796076361397028e-05,185.64220576800017
1.1401425178147269,4800,0.3181552171707153,,1.3778481569455443e-05,186.0181367159994
1.1425178147268409,4810,0.3355026006698608,,1.3760886777513857e-05,186.40718882199963
1.144893111638955,4820,0.3513674020767212,,1.3743291985572272e-05,186.82164318600007
1.147268408551069,4830,0.30960812568664553,,1.3725697193630686e-05,187.24257643700003
1.149643705463183,4840,0.288541579246521,,1.3708102401689101e-05,187.667608621
1.152019002375297,4850,0.2789438724517822,,1.3690507609747517e-05,188.0380173120002
1.154394299287411,4860,0.31790771484375,,1.367291281780593e-05,188.4420471859994
1.156769596199525,4870,0.29113268852233887,,1.3655318025864346e-05,188.83065061900015
1.159144893111639,4880,0.30093600749969485,,1.363772323392276e-05,189.23520907700004
1.161520190023753,4890,0.3035952806472778,,1.3620128441981175e-05,189.58911064399945
1.1638954869358669,4900,0.31126530170440675,,1.3602533650039588e-05,189.96542519499963
1.166270783847981,4910,0.3148502349853516,,1.3584938858098005e-05,190.36587162900014
1.168646080760095,4920,0.318408727645874,,1.3567344066156417e-05,190.74459075100003
1.171021377672209,4930,0.3601728916168213,,1.3549749274214834e-05,191.13467712700003
1.173396674584323,4940,0.2975860595703125,,1.3532154482273248e-05,191.5584314480002
1.175771971496437,4950,0.2955149173736572,,1.3514559690331663e-05,191.9794508569994
1.178147268408551,4960,0.23689191341400145,,1.3496964898390077e-05,192.35492755999985
1.180522565320665,4970,0.2961031198501587,,1.3479370106448492e-05,192.75990418699985
1.182897862232779,4980,0.3421600103378296,,1.3461775314506906e-05,193.1586827889996
1.185273159144893,4990,0.3400839328765869,,1.3444180522565323e-05,193.52405135499976
1.187648456057007,5000,0.2522217035293579,,1.3426585730623736e-05,193.9687948359997
1.190023752969121,5010,0.3478201150894165,,1.3408990938682152e-05,194.34490450900012
1.1923990498812351,5020,0.2947535514831543,,1.3391396146740565e-05,194.7207122889995
1.1947743467933492,5030,0.3375104904174805,,1.3373801354798981e-05,195.07653447099983
1.1971496437054632,5040,0.3225050926208496,,1.3356206562857394e-05,195.4867732089997
1.1995249406175772,5050,0.355159854888916,,1.333861177091581e-05,195.87400904199967
1.2019002375296912,5060,0.31865849494934084,,1.3321016978974225e-05,196.25496699799987
1.2042755344418052,5070,0.2500708818435669,,1.330342218703264e-05,196.64164372899995
1.2066508313539193,5080,0.361690616607666,,1.3285827395091054e-05,197.03108503099975
1.2090261282660333,5090,0.32157971858978274,,1.3268232603149468e-05,197.43769215599968
1.2114014251781473,5100,0.2677639007568359,,1.3250637811207883e-05,197.7943796210002
1.2137767220902613,5110,0.3139288663864136,,1.32330430192663e-05,198.2259637090001
1.2161520190023754,5120,0.22550199031829835,,1.3215448227324712e-05,198.60114975299985
1.2185273159144894,5130,0.2840526580810547,,1.3197853435383128e-05,198.97977465799977
1.2209026128266034,5140,0.23025839328765868,,1.3180258643441541e-05,199.37028233899946
1.2232779097387174,5150,0.2844992637634277,,1.3162663851499957e-05,199.74186464499962
1.2256532066508314,5160,0.2635617733001709,,1.314506905955837e-05,200.14640231799967
1.2280285035629455,5170,0.3548951387405396,,1.3127474267616787e-05,200.50688883400016
1.2304038004750595,5180,0.3325255632400513,,1.31098794756752e-05,200.86085285099944
1.2327790973871733,5190,0.30302355289459226,,1.3092284683733616e-05,201.22500166499958
1.2351543942992875,5200,0.3298062324523926,,1.307468989179203e-05,201.63796692199958
1.2375296912114013,5210,0.2880612850189209,,1.3057095099850445e-05,202.0120051469994
1.2399049881235154,5220,0.2977253198623657,,1.3039500307908861e-05,202.3768422059993
1.2422802850356294,5230,0.25183568000793455,,1.3021905515967274e-05,202.7720197359995
1.2446555819477434,5240,0.2657553911209106,,1.300431072402569e-05,203.17996888800008
1.2470308788598574,5250,0.3077579736709595,,1.2986715932084105e-05,203.56687778200012
1.2494061757719714,5260,0.3299379348754883,,1.296912114014252e-05,203.98019407599986
1.2517814726840855,5270,0.3026860475540161,,1.2951526348200934e-05,204.32519552599933
1.2541567695961995,5280,0.2395653486251831,,1.2933931556259348e-05,204.68527761099995
1.2565320665083135,5290,0.3268867015838623,,1.2916336764317763e-05,205.0874315739993
1.2589073634204275,5300,0.30494465827941897,,1.289874197237618e-05,205.4888861290001
1.2612826603325415,5310,0.22156045436859131,,1.2881147180434592e-05,205.84354358099972
1.2636579572446556,5320,0.29027323722839354,,1.2863552388493008e-05,206.22676197799956
1.2660332541567696,5330,0.39800243377685546,,1.2845957596551421e-05,206.6191565499994
1.2684085510688836,5340,0.24362058639526368,,1.2828362804609837e-05,206.9961421019998
1.2707838479809976,5350,0.3030789852142334,,1.281076801266825e-05,207.3629353209999
1.2731591448931117,5360,0.30318303108215333,,1.2793173220726667e-05,207.76354545100003
1.2755344418052257,5370,0.34978809356689455,,1.2775578428785081e-05,208.14296336699954
1.2779097387173397,5380,0.2808523416519165,,1.2757983636843496e-05,208.49423192099948
1.2802850356294537,5390,0.27365798950195314,,1.274038884490191e-05,208.86082133699983
1.2826603325415677,5400,0.2827064037322998,,1.2722794052960325e-05,209.24422547099948
1.2850356294536818,5410,0.3172416925430298,,1.270519926101874e-05,209.63304333999986
1.2874109263657958,5420,0.2458704948425293,,1.2687604469077156e-05,210.00170808999974
1.2897862232779098,5430,0.2635967493057251,,1.2670009677135569e-05,210.4066699899995
1.2921615201900236,5440,0.30274357795715334,,1.2652414885193985e-05,210.77367421100007
1.2945368171021379,5450,0.3686811447143555,,1.2634820093252398e-05,211.17727142900003
1.2969121140142517,5460,0.24704389572143554,,1.2617225301310814e-05,211.59142064499974
1.299287410926366,5470,0.32488131523132324,,1.2599630509369227e-05,211.99443939100001
1.3016627078384797,5480,0.29060115814208987,,1.2582035717427643e-05,212.34895271999994
1.304038004750594,5490,0.2990588665008545,,1.2564440925486056e-05,212.76687445199968
1.3064133016627077,5500,0.2231184720993042,,1.2546846133544472e-05,213.17493872999967
1.3087885985748218,5510,0.3096912384033203,,1.2529251341602887e-05,213.58206347799933
1.3111638954869358,5520,0.3444653511047363,,1.2511656549661301e-05,213.9771050319996
1.3135391923990498,5530,0.2586435556411743,,1.2494061757719716e-05,214.3752694349996
1.3159144893111638,5540,0.3339571714401245,,1.247646696577813e-05,214.766566667
1.3182897862232779,5550,0.31129679679870603,,1.2458872173836545e-05,215.15994742099974
1.3206650831353919,5560,0.2731649398803711,,1.2441277381894961e-05,215.5527433520001
1.323040380047506,5570,0.29150543212890623,,1.2423682589953374e-05,215.9529107419994
1.32541567695962,5580,0.30492141246795657,,1.240608779801179e-05,216.3727057010001
1.327790973871734,5590,0.29488525390625,,1.2388493006070203e-05,216.75390779899953
1.330166270783848,5600,0.23687350749969482,,1.237089821412862e-05,217.1511225559998
1.332541567695962,5610,0.27417018413543703,,1.2353303422187032e-05,217.52621968699987
1.334916864608076,5620,0.31895482540130615,,1.2335708630245449e-05,217.93191160300012
1.33729216152019,5630,0.23879742622375488,,1.2318113838303861e-05,218.35699813799965
1.339667458432304,5640,0.3352525234222412,,1.2300519046362278e-05,218.7568543239995
1.342042755344418,5650,0.266950798034668,,1.2282924254420692e-05,219.16834674999973
1.344418052256532,5660,0.2685915231704712,,1.2265329462479107e-05,219.55303026299953
1.3467933491686461,5670,0.38075191974639894,,1.2247734670537521e-05,219.99369936899984
1.3491686460807601,5680,0.21760885715484618,,1.2230139878595938e-05,220.39253042099972
1.3515439429928742,5690,0.2719860076904297,,1.221254508665435e-05,220.79025739499957
1.3539192399049882,5700,0.32318572998046874,,1.2194950294712767e-05,221.16500976499992
1.3562945368171022,5710,0.25389623641967773,,1.217735550277118e-05,221.5373269769998
1.3586698337292162,5720,0.27721738815307617,,1.2159760710829596e-05,221.92771626400008
1.36104513064133,5730,0.2595099925994873,,1.2142165918888009e-05,222.31541736300005
1.3634204275534443,5740,0.2512889623641968,,1.2124571126946425e-05,222.72424256900013
1.365795724465558,5750,0.24487650394439697,,1.2106976335004838e-05,223.07263876399975
1.3681710213776723,5760,0.3496194839477539,,1.2089381543063254e-05,223.43651009299992
1.3705463182897861,5770,0.24205141067504882,,1.2071786751121669e-05,223.84745188099987
1.3729216152019004,5780,0.29222979545593264,,1.2054191959180083e-05,224.22361978699973
1.3752969121140142,5790,0.21870293617248535,,1.2036597167238498e-05,224.60099113599972
1.3776722090261282,5800,0.17499492168426514,,1.2019002375296912e-05,224.9965205999997
1.3800475059382422,5810,0.34654123783111573,,1.2001407583355327e-05,225.37394563199996
1.3824228028503562,5820,0.2873126268386841,,1.1983812791413743e-05,225.77150961499956
1.3847980997624703,5830,0.2688877105712891,,1.1966217999472156e-05,226.13460474400017
1.3871733966745843,5840,0.34840285778045654,,1.1948623207530572e-05,226.5104669049997
1.3895486935866983,5850,0.22755832672119142,,1.1931028415588987e-05,226.87150338499941
1.3919239904988123,5860,0.3137789487838745,,1.1913433623647402e-05,227.2651155579997
1.3942992874109263,5870,0.3226050138473511,,1.1895838831705818e-05,227.62249166999936
1.3966745843230404,5880,0.29646141529083253,,1.187824403976423e-05,228.0169039759994
1.3990498812351544,5890,0.35722429752349855,,1.1860649247822647e-05,228.35986863200014
1.4014251781472684,5900,0.3276726007461548,,1.184305445588106e-05,228.73428041899933
1.4038004750593824,5910,0.14992766380310057,,1.1825459663939476e-05,229.13520707099997
1.4061757719714965,5920,0.29987106323242185,,1.1807864871997889e-05,229.51748658899942
1.4085510688836105,5930,0.24690406322479247,,1.1790270080056305e-05,229.86146985399955
1.4109263657957245,5940,0.3095537662506104,,1.1772675288114718e-05,230.23356448699997
1.4133016627078385,5950,0.38228163719177244,,1.1755080496173134e-05,230.6056788629994
1.4156769596199525,5960,0.267995548248291,,1.1737485704231549e-05,230.9975075379998
1.4180522565320666,5970,0.32146573066711426,,1.1719890912289963e-05,231.36243337999986
1.4204275534441806,5980,0.24779801368713378,,1.1702296120348378e-05,231.7181335690002
1.4228028503562946,5990,0.26978130340576173,,1.1684701328406794e-05,232.07053743300003
1.4251781472684084,6000,0.2729614496231079,,1.1667106536465207e-05,232.41208472299968
1.4275534441805227,6010,0.24444787502288817,,1.1649511744523623e-05,232.74303998199957
1.4299287410926365,6020,0.24223072528839112,,1.1631916952582036e-05,233.11664805799956
1.4323040380047507,6030,0.35486226081848143,,1.1614322160640452e-05,233.48322919899965
1.4346793349168645,6040,0.2924381494522095,,1.1596727368698865e-05,233.84267597100006
1.4370546318289787,6050,0.296268367767334,,1.1579132576757282e-05,234.24896148399966
1.4394299287410925,6060,0.3217902183532715,,1.1561537784815694e-05,234.6557189260002
1.4418052256532066,6070,0.35728700160980226,,1.154394299287411e-05,235.0315593159994
1.4441805225653206,6080,0.24828460216522216,,1.1526348200932525e-05,235.41689316500015
1.4465558194774346,6090,0.33542718887329104,,1.150875340899094e-05,235.81398762800018
1.4489311163895486,6100,0.3006103277206421,,1.1491158617049354e-05,236.1573386049995
1.4513064133016627,6110,0.23355185985565186,,1.1473563825107769e-05,236.55647756399958
1.4536817102137767,6120,0.22980432510375975,,1.1455969033166184e-05,236.94213448699975
1.4560570071258907,6130,0.2811605453491211,,1.14383742412246e-05,237.35652099399977
1.4584323040380047,6140,0.29432404041290283,,1.1420779449283013e-05,237.76433672799976
1.4608076009501187,6150,0.2723825931549072,,1.1403184657341429e-05,238.1590236129996
1.4631828978622328,6160,0.328891396522522,,1.1385589865399842e-05,238.5586061489994
1.4655581947743468,6170,0.2975675106048584,,1.1367995073458258e-05,238.94098243699955
1.4679334916864608,6180,0.2787629127502441,,1.1350400281516671e-05,239.29219219199967
1.4703087885985748,6190,0.2491070032119751,,1.1332805489575087e-05,239.6461516169993
1.4726840855106889,6200,0.2810335159301758,,1.13152106976335e-05,240.02600944499954
1.4750593824228029,6210,0.32422776222229005,,1.1297615905691916e-05,240.39307550600006
1.477434679334917,6220,0.28315603733062744,,1.128002111375033e-05,240.7818133769997
1.479809976247031,6230,0.3136957406997681,,1.1262426321808745e-05,241.16451999799938
1.482185273159145,6240,0.23343381881713868,,1.124483152986716e-05,241.52008273899992
1.484560570071259,6250,0.34144856929779055,,1.1227236737925575e-05,241.9332937069994
1.486935866983373,6260,0.24665637016296388,,1.1209641945983989e-05,242.31673104499987
1.489311163895487,6270,0.29289700984954836,,1.1192047154042405e-05,242.74666571799935
1.491686460807601,6280,0.2112804174423218,,1.1174452362100818e-05,243.10002326799986
1.4940617577197148,6290,0.27538797855377195,,1.1156857570159234e-05,243.53459953699985
1.496437054631829,6300,0.38335890769958497,,1.1139262778217647e-05,243.93640923800012
1.4988123515439429,6310,0.19590884447097778,,1.1121667986276064e-05,244.33544178699958
1.5011876484560571,6320,0.2833566427230835,,1.1104073194334476e-05,244.71575759200005
1.503562945368171,6330,0.41753520965576174,,1.1086478402392893e-05,245.11196704599934
1.5059382422802852,6340,0.32367534637451173,,1.1068883610451307e-05,245.4765566269998
1.508313539192399,6350,0.2998021364212036,,1.1051288818509722e-05,245.91967223499978
1.5106888361045132,6360,0.2832087278366089,,1.1033694026568136e-05,246.3043499559999
1.513064133016627,6370,0.26038873195648193,,1.1016099234626551e-05,246.63928459399995
1.5154394299287413,6380,0.27725672721862793,,1.0998504442684966e-05,247.0203795389998
1.517814726840855,6390,0.21648068428039552,,1.0980909650743382e-05,247.37037909299943
1.520190023752969,6400,0.38600621223449705,,1.0963314858801795e-05,247.7646262090002
1.522565320665083,6410,0.2942192792892456,,1.0945720066860211e-05,248.20526937399973
1.5249406175771971,6420,0.35922176837921144,,1.0928125274918624e-05,248.61914349000017
1.5273159144893111,6430,0.24539666175842284,,1.091053048297704e-05,249.00572452699998
1.5296912114014252,6440,0.25388946533203127,,1.0892935691035453e-05,249.37783651799964
1.5320665083135392,6450,0.23388972282409667,,1.0875340899093869e-05,249.75559099299971
1.5344418052256532,6460,0.33854026794433595,,1.0857746107152282e-05,250.14218949299993
1.5368171021377672,6470,0.28404228687286376,,1.0840151315210698e-05,250.50735915199948
1.5391923990498813,6480,0.2970079183578491,,1.0822556523269115e-05,250.9063996519999
1.5415676959619953,6490,0.357293438911438,,1.0804961731327527e-05,251.3175945489993
1.5439429928741093,6500,0.30566627979278566,,1.0787366939385944e-05,251.73281667899937
1.5463182897862233,6510,0.31697208881378175,,1.0769772147444357e-05,252.1162141199993
1.5486935866983373,6520,0.19711629152297974,,1.0752177355502773e-05,252.48515757199948
1.5510688836104514,6530,0.2332658052444458,,1.0734582563561187e-05,252.85314483899947
1.5534441805225652,6540,0.2648956060409546,,1.0716987771619602e-05,253.24740853299954
1.5558194774346794,6550,0.34212431907653806,,1.0699392979678016e-05,253.6075243159994
1.5581947743467932,6560,0.2514276266098022,,1.0681798187736431e-05,253.95167131000017
1.5605700712589075,6570,0.21333844661712648,,1.0664203395794846e-05,254.32320476199948
1.5629453681710213,6580,0.23781242370605468,,1.0646608603853262e-05,254.6760865139995
1.5653206650831355,6590,0.342559814453125,,1.0629013811911675e-05,255.07846610599972
1.5676959619952493,6600,0.23485291004180908,,1.0611419019970091e-05,255.47845106499972
1.5700712589073635,6610,0.30484349727630616,,1.0593824228028504e-05,255.85386320499947
1.5724465558194773,6620,0.25380468368530273,,1.057622943608692e-05,256.27866691799954
1.5748218527315916,6630,0.38294277191162107,,1.0558634644145333e-05,256.64459915099997
1.5771971496437054,6640,0.22916045188903808,,1.054103985220375e-05,257.03081377999933
1.5795724465558196,6650,0.24727418422698974,,1.0523445060262164e-05,257.4226885429998
1.5819477434679334,6660,0.3175888776779175,,1.0505850268320578e-05,257.8344576549998
1.5843230403800475,6670,0.252054762840271,,1.0488255476378993e-05,258.18665373899967
1.5866983372921615,6680,0.2527994871139526,,1.0470660684437407e-05,258.5478847690001
1.5890736342042755,6690,0.2683443069458008,,1.0453065892495822e-05,258.950660816
1.5914489311163895,6700,0.26915836334228516,,1.0435471100554238e-05,259.3184684449998
1.5938242280285035,6710,0.24938302040100097,,1.0417876308612651e-05,259.7152823440001
1.5961995249406176,6720,0.22723419666290284,,1.0400281516671067e-05,260.1197037669999
1.5985748218527316,6730,0.33109726905822756,,1.038268672472948e-05,260.4938724269996
1.6009501187648456,6740,0.30861291885375974,,1.0365091932787897e-05,260.88067536200015
1.6033254156769596,6750,0.2985680103302002,,1.034749714084631e-05,261.2604769769996
1.6057007125890737,6760,0.28709394931793214,,1.0329902348904726e-05,261.6595590199995
1.6080760095011877,6770,0.2750011205673218,,1.0312307556963139e-05,262.0442149159999
1.6104513064133017,6780,0.39969687461853026,,1.0294712765021555e-05,262.4045878279994
1.6128266033254157,6790,0.3076927185058594,,1.027711797307997e-05,262.78832155999953
1.6152019002375297,6800,0.34473886489868166,,1.0259523181138384e-05,263.1795387960001
1.6175771971496435,6810,0.25793967247009275,,1.0241928389196798e-05,263.52781789599976
1.6199524940617578,6820,0.23341114521026612,,1.0224333597255213e-05,263.9335600710001
1.6223277909738716,6830,0.3393538236618042,,1.0206738805313628e-05,264.29387028600013
1.6247030878859858,6840,0.28531203269958494,,1.0189144013372044e-05,264.64321340100014
1.6270783847980996,6850,0.3743305683135986,,1.0171549221430457e-05,265.0369501639998
1.6294536817102139,6860,0.38474092483520506,,1.0153954429488873e-05,265.45757746399977
1.6318289786223277,6870,0.28654448986053466,,1.0136359637547286e-05,265.8949603029996
1.634204275534442,6880,0.2977879762649536,,1.0118764845605702e-05,266.3315140899995
1.6365795724465557,6890,0.3258693218231201,,1.0101170053664115e-05,266.75474678799947
1.63895486935867,6900,0.4316915512084961,,1.0083575261722531e-05,267.1398312749998
1.6413301662707838,6910,0.2740567922592163,,1.0065980469780944e-05,267.516726457
1.643705463182898,6920,0.20927062034606933,,1.004838567783936e-05,267.844048555
1.6460807600950118,6930,0.230877685546875,,1.0030790885897775e-05,268.1996746549994
1.648456057007126,6940,0.2992713928222656,,1.001319609395619e-05,268.6005507660002
1.6508313539192399,6950,0.27176752090454104,,9.995601302014604e-06,268.9921059139997
1.6532066508313539,6960,0.27416839599609377,,9.97800651007302e-06,269.4438524540001
1.655581947743468,6970,0.3048845291137695,,9.960411718131435e-06,269.8354353629993
1.657957244655582,6980,0.22359130382537842,,9.94281692618985e-06,270.211076347
1.660332541567696,6990,0.38408145904541013,,9.925222134248264e-06,270.5492129479999
1.66270783847981,7000,0.21209583282470704,,9.907627342306679e-06,270.9313994690001
1.665083135391924,7010,0.28199377059936526,,9.890032550365093e-06,271.31300698299947
1.667458432304038,7020,0.3203534364700317,,9.872437758423508e-06,271.6531778509998
1.669833729216152,7030,0.2966089010238647,,9.854842966481922e-06,272.0643791799994
1.672209026128266,7040,0.24232158660888672,,9.837248174540337e-06,272.4731778079995
1.67458432304038,7050,0.17533670663833617,,9.819653382598751e-06,272.82427101099984
1.676959619952494,7060,0.27349119186401366,,9.802058590657166e-06,273.186268165
1.6793349168646081,7070,0.32430014610290525,,9.78446379871558e-06,273.5497133079998
1.6817102137767221,7080,0.23789455890655517,,9.766869006773995e-06,273.93327914899965
1.6840855106888362,7090,0.22157905101776124,,9.74927421483241e-06,274.3468624850002
1.68646080760095,7100,0.21169209480285645,,9.731679422890826e-06,274.7212541150002
1.6888361045130642,7110,0.36305177211761475,,9.71408463094924e-06,275.1100690610001
1.691211401425178,7120,0.24824957847595214,,9.696489839007655e-06,275.47757452899987
1.6935866983372923,7130,0.2311065673828125,,9.67889504706607e-06,275.90820443399934
1.695961995249406,7140,0.3239388704299927,,9.661300255124484e-06,276.3151157960001
1.6983372921615203,7150,0.3400038480758667,,9.643705463182899e-06,276.72418739299974
1.700712589073634,7160,0.3173405408859253,,9.626110671241313e-06,277.0955711830002
1.7030878859857483,7170,0.28327250480651855,,9.608515879299728e-06,277.4817136349993
1.7054631828978621,7180,0.4616396903991699,,9.590921087358142e-06,277.86133840799994
1.7078384798099764,7190,0.3186370849609375,,9.573326295416557e-06,278.2497420740001
1.7102137767220902,7200,0.24912576675415038,,9.555731503474971e-06,278.65471392400013
1.7125890736342044,7210,0.4428880214691162,,9.538136711533386e-06,279.0617876689994
1.7149643705463182,7220,0.22829577922821045,,9.5205419195918e-06,279.4755987519993
1.7173396674584323,7230,0.232987380027771,,9.502947127650217e-06,279.8549736119994
1.7197149643705463,7240,0.3863138437271118,,9.485352335708631e-06,280.2455116579995
1.7220902612826603,7250,0.30608205795288085,,9.467757543767046e-06,280.6573028590001
1.7244655581947743,7260,0.27824862003326417,,9.45016275182546e-06,281.07978157599973
1.7268408551068883,7270,0.23496084213256835,,9.432567959883875e-06,281.4654475419993
1.7292161520190024,7280,0.3063870906829834,,9.41497316794229e-06,281.8366431889999
1.7315914489311164,7290,0.2570268392562866,,9.397378376000704e-06,282.19229861999975
1.7339667458432304,7300,0.2956718444824219,,9.379783584059119e-06,282.56842302899986
1.7363420427553444,7310,0.24145877361297607,,9.362188792117533e-06,282.97895791300016
1.7387173396674585,7320,0.3396946907043457,,9.344594000175948e-06,283.3888694899997
1.7410926365795725,7330,0.341961145401001,,9.326999208234362e-06,283.7978676389994
1.7434679334916865,7340,0.3012796640396118,,9.309404416292777e-06,284.199910415
1.7458432304038005,7350,0.23881852626800537,,9.291809624351192e-06,284.5734569030001
1.7482185273159145,7360,0.2529997587203979,,9.274214832409608e-06,284.932911674
1.7505938242280283,7370,0.21502676010131835,,9.256620040468022e-06,285.31699254399973
1.7529691211401426,7380,0.2533156156539917,,9.239025248526437e-06,285.6606642329998
1.7553444180522564,7390,0.2798182964324951,,9.221430456584852e-06,286.0290831020002
1.7577197149643706,7400,0.19839463233947754,,9.203835664643266e-06,286.4531428959999
1.7600950118764844,7410,0.32657341957092284,,9.18624087270168e-06,286.876381778
1.7624703087885987,7420,0.22012863159179688,,9.168646080760095e-06,287.2988279430001
1.7648456057007125,7430,0.28861656188964846,,9.151051288818511e-06,287.6729947979993
1.7672209026128267,7440,0.22969636917114258,,9.133456496876926e-06,288.03596281799946
1.7695961995249405,7450,0.42552924156188965,,9.11586170493534e-06,288.39226061799945
1.7719714964370548,7460,0.3112295627593994,,9.098266912993755e-06,288.7477144019995
1.7743467933491686,7470,0.23706188201904296,,9.08067212105217e-06,289.1389288519995
1.7767220902612828,7480,0.276993989944458,,9.063077329110584e-06,289.52119467600005
1.7790973871733966,7490,0.24491524696350098,,9.045482537168999e-06,289.90754377599933
1.7814726840855108,7500,0.27103466987609864,,9.027887745227413e-06,290.2783750560002
1.7838479809976246,7510,0.29935879707336427,,9.010292953285828e-06,290.6780699689998
1.7862232779097387,7520,0.3484851121902466,,8.992698161344243e-06,291.0645613629995
1.7885985748218527,7530,0.26712894439697266,,8.975103369402657e-06,291.42319342500014
1.7909738717339667,7540,0.32852764129638673,,8.957508577461073e-06,291.7854966300001
1.7933491686460807,7550,0.3004638195037842,,8.939913785519488e-06,292.1780962109997
1.7957244655581948,7560,0.1954813838005066,,8.922318993577902e-06,292.53136385499965
1.7980997624703088,7570,0.25989842414855957,,8.904724201636317e-06,292.93970034499944
1.8004750593824228,7580,0.3023444652557373,,8.887129409694732e-06,293.3194461960002
1.8028503562945368,7590,0.3695202350616455,,8.869534617753146e-06,293.70483641099963
1.8052256532066508,7600,0.2550915241241455,,8.85193982581156e-06,294.1090066529996
1.8076009501187649,7610,0.24694507122039794,,8.834345033869975e-06,294.52158796099957
1.809976247030879,7620,0.30640721321105957,,8.81675024192839e-06,294.90953879599965
1.812351543942993,7630,0.3748349905014038,,8.799155449986804e-06,295.2726813729996
1.814726840855107,7640,0.2524249076843262,,8.781560658045219e-06,295.6329297989996
1.817102137767221,7650,0.2623032569885254,,8.763965866103634e-06,296.06162069899983
1.8194774346793348,7660,0.2785416841506958,,8.746371074162048e-06,296.4477367700001
1.821852731591449,7670,0.28512821197509763,,8.728776282220464e-06,296.83002586899966
1.8242280285035628,7680,0.3560195446014404,,8.711181490278879e-06,297.1887084399996
1.826603325415677,7690,0.3102423667907715,,8.693586698337293e-06,297.5853761689996
1.8289786223277908,7700,0.2958371639251709,,8.675991906395708e-06,298.0007383940001
1.831353919239905,7710,0.21672430038452148,,8.658397114454123e-06,298.4204935509997
1.833729216152019,7720,0.29648754596710203,,8.640802322512537e-06,298.79616735999934
1.8361045130641331,7730,0.2546560525894165,,8.623207530570952e-06,299.20520343799944
1.838479809976247,7740,0.31395981311798093,,8.605612738629366e-06,299.66916873899936
1.8408551068883612,7750,0.2525638103485107,,8.588017946687781e-06,300.08352990099957
1.843230403800475,7760,0.2193913459777832,,8.570423154746195e-06,300.450123224
1.8456057007125892,7770,0.24933364391326904,,8.55282836280461e-06,300.840917431
1.847980997624703,7780,0.1955865740776062,,8.535233570863025e-06,301.22863408299963
1.850356294536817,7790,0.23228323459625244,,8.517638778921439e-06,301.6570750789997
1.852731591448931,7800,0.21848611831665038,,8.500043986979855e-06,302.0610390889997
1.855106888361045,7810,0.21893303394317626,,8.48244919503827e-06,302.4715225459995
1.8574821852731591,7820,0.2951790809631348,,8.464854403096684e-06,302.9037384379999
1.8598574821852731,7830,0.3377028703689575,,8.447259611155099e-06,303.2690998629996
1.8622327790973872,7840,0.28775691986083984,,8.429664819213514e-06,303.68682404799983
1.8646080760095012,7850,0.23632628917694093,,8.412070027271928e-06,304.045666903
1.8669833729216152,7860,0.35630390644073484,,8.394475235330343e-06,304.4254453479998
1.8693586698337292,7870,0.27882981300354004,,8.376880443388757e-06,304.7788668149997
1.8717339667458432,7880,0.2747372627258301,,8.359285651447172e-06,305.16708543999994
1.8741092636579573,7890,0.2766117095947266,,8.341690859505586e-06,305.5624925709999
1.8764845605700713,7900,0.20548739433288574,,8.324096067564001e-06,305.94358600399937
1.8788598574821853,7910,0.31041655540466306,,8.306501275622416e-06,306.33794039199984
1.8812351543942993,7920,0.2894867181777954,,8.28890648368083e-06,306.7415969269996
1.8836104513064131,7930,0.24115748405456544,,8.271311691739245e-06,307.103386322
1.8859857482185274,7940,0.3091376543045044,,8.253716899797661e-06,307.4933998639999
1.8883610451306412,7950,0.3949152946472168,,8.236122107856076e-06,307.825674572
1.8907363420427554,7960,0.24233202934265136,,8.21852731591449e-06,308.2462597449994
1.8931116389548692,7970,0.2424551248550415,,8.200932523972905e-06,308.65995585200017
1.8954869358669835,7980,0.30650794506073,,8.18333773203132e-06,309.0471794969999
1.8978622327790973,7990,0.42616796493530273,,8.165742940089734e-06,309.4366130419994
1.9002375296912115,8000,0.19526867866516112,,8.148148148148148e-06,309.817804886
1.9026128266033253,8010,0.283581805229187,,8.130553356206563e-06,310.1904030429996
1.9049881235154396,8020,0.2531686544418335,,8.112958564264977e-06,310.57520716699946
1.9073634204275534,8030,0.3704533100128174,,8.095363772323392e-06,310.93894077299956
1.9097387173396676,8040,0.2509054183959961,,8.077768980381807e-06,311.3089135049995
1.9121140142517814,8050,0.29884316921234133,,8.060174188440221e-06,311.69184484499965
1.9144893111638956,8060,0.37812094688415526,,8.042579396498637e-06,312.07030818600015
1.9168646080760094,8070,0.2687086820602417,,8.024984604557052e-06,312.52091046499936
1.9192399049881235,8080,0.34420313835144045,,8.007389812615467e-06,312.92849919499986
1.9216152019002375,8090,0.2034152030944824,,7.989795020673881e-06,313.32404482899983
1.9239904988123515,8100,0.30156970024108887,,7.972200228732296e-06,313.72675253599937
1.9263657957244655,8110,0.24217166900634765,,7.954605436790712e-06,314.1118108259998
1.9287410926365796,8120,0.32769501209259033,,7.937010644849126e-06,314.4966299409998
1.9311163895486936,8130,0.3130373239517212,,7.919415852907541e-06,314.9235773729997
1.9334916864608076,8140,0.24488546848297119,,7.901821060965956e-06,315.3674494549996
1.9358669833729216,8150,0.19108086824417114,,7.88422626902437e-06,315.73956977799935
1.9382422802850356,8160,0.23638768196105958,,7.866631477082785e-06,316.1256379339993
1.9406175771971497,8170,0.30432305335998533,,7.8490366851412e-06,316.53634592900016
1.9429928741092637,8180,0.26677238941192627,,7.831441893199614e-06,316.94730613499996
1.9453681710213777,8190,0.16207308769226075,,7.813847101258028e-06,317.32881430999987
1.9477434679334917,8200,0.2931311845779419,,7.796252309316443e-06,317.7029123229995
1.9501187648456058,8210,0.23169114589691162,,7.778657517374858e-06,318.0839110349998
1.9524940617577196,8220,0.3018455743789673,,7.761062725433272e-06,318.47784451200005
1.9548693586698338,8230,0.33207478523254397,,7.743467933491687e-06,318.86538259899953
1.9572446555819476,8240,0.29468164443969724,,7.725873141550101e-06,319.27997344599953
1.9596199524940618,8250,0.25369744300842284,,7.708278349608517e-06,319.68152059299973
1.9619952494061756,8260,0.256633996963501,,7.690683557666932e-06,320.11310783799945
1.96437054631829,8270,0.27998857498168944,,7.673088765725347e-06,320.4978850409998
1.9667458432304037,8280,0.21690280437469484,,7.655493973783761e-06,320.9182107079996
1.969121140142518,8290,0.3580070972442627,,7.637899181842176e-06,321.3374152329998
1.9714964370546317,8300,0.36298060417175293,,7.62030438990059e-06,321.75721492999946
1.973871733966746,8310,0.39226713180541994,,7.602709597959005e-06,322.11980953700004
1.9762470308788598,8320,0.2697262763977051,,7.585114806017419e-06,322.5352543989993
1.978622327790974,8330,0.281512975692749,,7.567520014075834e-06,322.926901285
1.9809976247030878,8340,0.21058800220489501,,7.549925222134249e-06,323.2936350149994
1.9833729216152018,8350,0.2800299167633057,,7.532330430192664e-06,323.68050799499997
1.9857482185273159,8360,0.32494320869445803,,7.5147356382510785e-06,324.0758935169997
1.98812351543943,8370,0.28774659633636473,,7.497140846309493e-06,324.4427252689993
1.990498812351544,8380,0.21480445861816405,,7.479546054367908e-06,324.8784581059999
1.992874109263658,8390,0.273103141784668,,7.461951262426322e-06,325.2675835479995
1.995249406175772,8400,0.28353679180145264,,7.444356470484737e-06,325.6123943369994
1.997624703087886,8410,0.2913221836090088,,7.426761678543152e-06,326.0076021879995
2.0,8420,0.2500955820083618,,7.409166886601567e-06,326.33984413599956
2.0,8420,,0.2930702567100525,,327.55422938299944
2.002375296912114,8430,0.33294942378997805,,7.391572094659981e-06,328.66585075500006
2.004750593824228,8440,0.29747858047485354,,7.373977302718396e-06,329.06753736300016
2.007125890736342,8450,0.26156115531921387,,7.35638251077681e-06,329.4269397779999
2.009501187648456,8460,0.28401401042938235,,7.338787718835225e-06,329.7936859219999
2.01187648456057,8470,0.20425827503204347,,7.3211929268936395e-06,330.17567272199994
2.014251781472684,8480,0.27702109813690184,,7.303598134952055e-06,330.561010505
2.016627078384798,8490,0.20994584560394286,,7.2860033430104695e-06,330.9608252369999
2.019002375296912,8500,0.2829896926879883,,7.268408551068884e-06,331.35662263799986
2.021377672209026,8510,0.32255599498748777,,7.250813759127299e-06,331.78037502200004
2.02375296912114,8520,0.22869517803192138,,7.233218967185713e-06,332.15774366499954
2.026128266033254,8530,0.3242220163345337,,7.215624175244128e-06,332.5188253850001
2.0285035629453683,8540,0.2961226463317871,,7.198029383302543e-06,332.89487517399994
2.030878859857482,8550,0.309554386138916,,7.180434591360958e-06,333.26751672999944
2.0332541567695963,8560,0.28998560905456544,,7.162839799419372e-06,333.6696082819999
2.03562945368171,8570,0.31200251579284666,,7.145245007477787e-06,334.05445961499936
2.0380047505938244,8580,0.2862890958786011,,7.127650215536201e-06,334.3800724109997
2.040380047505938,8590,0.2345592975616455,,7.110055423594616e-06,334.743050178
2.0427553444180524,8600,0.3340644359588623,,7.0924606316530305e-06,335.1225670220001
2.045130641330166,8610,0.28891587257385254,,7.074865839711446e-06,335.47413584700007
2.0475059382422804,8620,0.23114182949066162,,7.0572710477698605e-06,335.846963424
2.0498812351543942,8630,0.2577970027923584,,7.039676255828275e-06,336.20925363599963
2.0522565320665085,8640,0.32501583099365233,,7.02208146388669e-06,336.59001715500017
2.0546318289786223,8650,0.26273341178894044,,7.004486671945104e-06,337.0007235180001
2.0570071258907365,8660,0.24111061096191405,,6.986891880003519e-06,337.36368837400005
2.0593824228028503,8670,0.27517237663269045,,6.969297088061934e-06,337.73467006899955
2.0617577197149646,8680,0.23807089328765868,,6.951702296120349e-06,338.09524137599965
2.0641330166270784,8690,0.34421525001525877,,6.934107504178763e-06,338.49634711199997
2.0665083135391926,8700,0.2411280870437622,,6.916512712237179e-06,338.9038496759995
2.0688836104513064,8710,0.38418943881988527,,6.898917920295593e-06,339.2629268800001
2.07125890736342,8720,0.18442881107330322,,6.881323128354009e-06,339.619198589
2.0736342042755345,8730,0.2234431266784668,,6.863728336412423e-06,339.96184629599975
2.0760095011876483,8740,0.34018893241882325,,6.846133544470838e-06,340.3986869679993
2.0783847980997625,8750,0.3862636089324951,,6.828538752529252e-06,340.7867955109996
2.0807600950118763,8760,0.3645296096801758,,6.810943960587667e-06,341.20682571699945
2.0831353919239906,8770,0.37377588748931884,,6.7933491686460815e-06,341.6294393449998
2.0855106888361044,8780,0.2928976058959961,,6.775754376704496e-06,342.02551235699957
2.0878859857482186,8790,0.31445486545562745,,6.7581595847629114e-06,342.38697158099967
2.0902612826603324,8800,0.2545139789581299,,6.740564792821326e-06,342.7596525889994
2.0926365795724466,8810,0.26860628128051756,,6.7229700008797406e-06,343.16404992499974
2.0950118764845604,8820,0.25683691501617434,,6.705375208938155e-06,343.5759195139999
2.0973871733966747,8830,0.28553650379180906,,6.68778041699657e-06,343.933482767
2.0997624703087885,8840,0.29262523651123046,,6.670185625054984e-06,344.33032136899965
2.1021377672209027,8850,0.2951557159423828,,6.6525908331134e-06,344.75868193399947
2.1045130641330165,8860,0.2900510311126709,,6.634996041171814e-06,345.12419542599946
2.1068883610451308,8870,0.2812708854675293,,6.617401249230229e-06,345.5044882359998
2.1092636579572446,8880,0.27025105953216555,,6.599806457288643e-06,345.9297215359993
2.111638954869359,8890,0.21444897651672362,,6.582211665347058e-06,346.3416071679994
2.1140142517814726,8900,0.23352131843566895,,6.5646168734054725e-06,346.728574277
2.116389548693587,8910,0.27576408386230467,,6.547022081463887e-06,347.0995043029998
2.1187648456057007,8920,0.2604472875595093,,6.5294272895223024e-06,347.47545924099995
2.121140142517815,8930,0.2581360340118408,,6.511832497580717e-06,347.8540613409996
2.1235154394299287,8940,0.3572496175765991,,6.4942377056391316e-06,348.2245254319996
2.125890736342043,8950,0.36514236927032473,,6.476642913697546e-06,348.60275108899987
2.1282660332541568,8960,0.23055830001831054,,6.459048121755961e-06,348.9666478700001
2.130641330166271,8970,0.2919969081878662,,6.441453329814375e-06,349.3160134459995
2.133016627078385,8980,0.21237490177154542,,6.423858537872791e-06,349.6715397879998
2.1353919239904986,8990,0.3137149095535278,,6.406263745931205e-06,350.07974407299935
2.137767220902613,9000,0.26695752143859863,,6.38866895398962e-06,350.42851686799986
2.1401425178147266,9010,0.28263349533081056,,6.371074162048034e-06,350.81066372199984
2.142517814726841,9020,0.20987982749938966,,6.353479370106449e-06,351.2100642639998
2.1448931116389547,9030,0.2890756130218506,,6.3358845781648635e-06,351.5825366700001
2.147268408551069,9040,0.3162967681884766,,6.318289786223278e-06,351.947581896
2.1496437054631827,9050,0.321281886100769,,6.3006949942816934e-06,352.3422391419999
2.152019002375297,9060,0.21484086513519288,,6.283100202340108e-06,352.7009733579998
2.1543942992874108,9070,0.2855996608734131,,6.2655054103985226e-06,353.055842021
2.156769596199525,9080,0.2628743648529053,,6.247910618456937e-06,353.4535938069994
2.159144893111639,9090,0.27822341918945315,,6.230315826515352e-06,353.86043987099947
2.161520190023753,9100,0.32677674293518066,,6.212721034573766e-06,354.25966441199944
2.163895486935867,9110,0.330704665184021,,6.195126242632181e-06,354.6799599830001
2.166270783847981,9120,0.3672769546508789,,6.177531450690596e-06,355.05537514800017
2.168646080760095,9130,0.27469027042388916,,6.159936658749011e-06,355.40024348599945
2.171021377672209,9140,0.3464513778686523,,6.142341866807425e-06,355.811376228
2.173396674584323,9150,0.2797986030578613,,6.12474707486584e-06,356.19988705000014
2.175771971496437,9160,0.29669411182403566,,6.1071522829242545e-06,356.56252156699975
2.178147268408551,9170,0.33539178371429446,,6.089557490982669e-06,356.96330868099994
2.1805225653206652,9180,0.2969981670379639,,6.0719626990410844e-06,357.360620552
2.182897862232779,9190,0.26846630573272706,,6.054367907099499e-06,357.76500763399963
2.1852731591448933,9200,0.257691478729248,,6.0367731151579136e-06,358.1570670129995
2.187648456057007,9210,0.3209539413452148,,6.019178323216328e-06,358.5206427559997
2.1900237529691213,9220,0.27800931930541994,,6.001583531274743e-06,358.88889985700007
2.192399049881235,9230,0.1987596035003662,,5.983988739333157e-06,359.27119338099965
2.1947743467933494,9240,0.3053241729736328,,5.966393947391572e-06,359.70008752099966
2.197149643705463,9250,0.22293322086334227,,5.948799155449987e-06,360.09918299699984
2.199524940617577,9260,0.35064756870269775,,5.931204363508402e-06,360.49554976699983
2.201900237529691,9270,0.2628457546234131,,5.913609571566816e-06,360.8706429929998
2.204275534441805,9280,0.28258190155029295,,5.896014779625231e-06,361.20258559800004
2.2066508313539193,9290,0.37598543167114257,,5.8784199876836455e-06,361.6040731409994
2.209026128266033,9300,0.30498600006103516,,5.86082519574206e-06,362.0189517259996
2.2114014251781473,9310,0.24492793083190917,,5.843230403800475e-06,362.4294633310001
2.213776722090261,9320,0.2513007164001465,,5.82563561185889e-06,362.8363348490002
2.2161520190023754,9330,0.23265402317047118,,5.808040819917305e-06,363.2423745589995
2.218527315914489,9340,0.2722782611846924,,5.79044602797572e-06,363.63197869299984
2.2209026128266034,9350,0.2142472743988037,,5.7728512360341345e-06,364.0401903519996
2.223277909738717,9360,0.2618993043899536,,5.75525644409255e-06,364.46710231
2.2256532066508314,9370,0.3226027011871338,,5.7376616521509645e-06,364.82801282199944
2.2280285035629452,9380,0.24907968044281006,,5.720066860209379e-06,365.1916410570002
2.2304038004750595,9390,0.20627143383026122,,5.702472068267794e-06,365.560758953
2.2327790973871733,9400,0.2952688455581665,,5.684877276326208e-06,365.97383431900016
2.2351543942992875,9410,0.3271926403045654,,5.667282484384623e-06,366.36467392899976
2.2375296912114013,9420,0.2862551689147949,,5.649687692443037e-06,366.7904863349995
2.2399049881235156,9430,0.25784759521484374,,5.632092900501453e-06,367.17881296499945
2.2422802850356294,9440,0.3872542858123779,,5.614498108559867e-06,367.5584717599995
2.2446555819477436,9450,0.20588064193725586,,5.596903316618282e-06,367.9202401089997
2.2470308788598574,9460,0.2612839460372925,,5.579308524676696e-06,368.3479710880001
2.2494061757719717,9470,0.2838878631591797,,5.561713732735111e-06,368.76037839499986
2.2517814726840855,9480,0.19141645431518556,,5.5441189407935255e-06,369.2032076249998
2.2541567695961997,9490,0.28252615928649905,,5.526524148851941e-06,369.59457911199934
2.2565320665083135,9500,0.26105189323425293,,5.5089293569103555e-06,369.9978491490001
2.2589073634204277,9510,0.312087082862854,,5.49133456496877e-06,370.38951129499947
2.2612826603325415,9520,0.3376010894775391,,5.473739773027185e-06,370.8048891059998
2.2636579572446553,9530,0.2044440507888794,,5.456144981085599e-06,371.1979815429995
2.2660332541567696,9540,0.2174699306488037,,5.438550189144014e-06,371.57507329500004
2.268408551068884,9550,0.23834996223449706,,5.420955397202428e-06,371.93146327500017
2.2707838479809976,9560,0.257432746887207,,5.403360605260844e-06,372.29412253600003
2.2731591448931114,9570,0.3107300281524658,,5.385765813319258e-06,372.6906772599996
2.2755344418052257,9580,0.24776270389556884,,5.368171021377673e-06,373.05734296899936
2.2779097387173395,9590,0.26377577781677247,,5.350576229436087e-06,373.4101216579993
2.2802850356294537,9600,0.29090080261230467,,5.332981437494502e-06,373.78757784699974
2.2826603325415675,9610,0.23213255405426025,,5.3153866455529165e-06,374.14810566899996
2.2850356294536818,9620,0.2708299160003662,,5.297791853611331e-06,374.5025910759996
2.2874109263657956,9630,0.22434351444244385,,5.2801970616697465e-06,374.90655314800006
2.28978622327791,9640,0.20953238010406494,,5.262602269728161e-06,375.3047231740002
2.2921615201900236,9650,0.25449955463409424,,5.245007477786576e-06,375.6668686229996
2.294536817102138,9660,0.2541545867919922,,5.22741268584499e-06,376.06048666599963
2.2969121140142517,9670,0.29564652442932127,,5.209817893903405e-06,376.4333115729996
2.299287410926366,9680,0.2931453466415405,,5.192223101961819e-06,376.7550282000002
2.3016627078384797,9690,0.263593864440918,,5.174628310020235e-06,377.118046134
2.304038004750594,9700,0.30391359329223633,,5.157033518078649e-06,377.55833766399974
2.3064133016627077,9710,0.29006376266479494,,5.139438726137064e-06,377.91449959199963
2.308788598574822,9720,0.25393028259277345,,5.121843934195478e-06,378.26718721199995
2.311163895486936,9730,0.3087292671203613,,5.104249142253893e-06,378.6514897569996
2.31353919239905,9740,0.25144200325012206,,5.0866543503123075e-06,379.0094449819999
2.315914489311164,9750,0.30627753734588625,,5.069059558370722e-06,379.4050864840001
2.318289786223278,9760,0.23002941608428956,,5.0514647664291375e-06,379.8143811609998
2.320665083135392,9770,0.30356345176696775,,5.033869974487552e-06,380.22804908499984
2.323040380047506,9780,0.36046385765075684,,5.016275182545967e-06,380.66967672899955
2.32541567695962,9790,0.28601019382476806,,4.998680390604381e-06,381.1007737129994
2.3277909738717337,9800,0.2662189960479736,,4.981085598662796e-06,381.4981949229996
2.330166270783848,9810,0.3145252227783203,,4.963490806721211e-06,381.8541519829996
2.332541567695962,9820,0.28720822334289553,,4.945896014779626e-06,382.289927973
2.334916864608076,9830,0.28737802505493165,,4.92830122283804e-06,382.6912356160001
2.33729216152019,9840,0.30150954723358153,,4.910706430896455e-06,383.11698375800006
2.339667458432304,9850,0.35589654445648194,,4.89311163895487e-06,383.4710891220002
2.342042755344418,9860,0.3392508029937744,,4.875516847013285e-06,383.88399854699946
2.344418052256532,9870,0.30696582794189453,,4.857922055071699e-06,384.25464181200005
2.346793349168646,9880,0.2241272211074829,,4.840327263130114e-06,384.65266557999985
2.34916864608076,9890,0.24576044082641602,,4.8227324711885285e-06,385.053800187
2.351543942992874,9900,0.2423933506011963,,4.805137679246943e-06,385.4253183559995
2.353919239904988,9910,0.23883674144744874,,4.7875428873053585e-06,385.79869168999994
2.356294536817102,9920,0.37460012435913087,,4.769948095363773e-06,386.2137562759999
2.3586698337292162,9930,0.3222622871398926,,4.752353303422188e-06,386.6223668169996
2.36104513064133,9940,0.27935066223144533,,4.734758511480602e-06,387.0027434069998
2.3634204275534443,9950,0.19958815574645997,,4.717163719539017e-06,387.3621897949997
2.365795724465558,9960,0.2756493091583252,,4.699568927597431e-06,387.78360278499986
2.3681710213776723,9970,0.2829674005508423,,4.681974135655846e-06,388.17984479499955
2.370546318289786,9980,0.2483982563018799,,4.664379343714261e-06,388.5525673129996
2.3729216152019004,9990,0.29970345497131345,,4.646784551772676e-06,388.96484271699956
2.375296912114014,10000,0.2767709016799927,,4.62918975983109e-06,389.3227293439995
2.3776722090261284,10010,0.3057647466659546,,4.611594967889505e-06,389.75580662799985
2.380047505938242,10020,0.2874464988708496,,4.5940001759479195e-06,390.12202214699937
2.3824228028503565,10030,0.2999258041381836,,4.576405384006334e-06,390.48064303999945
2.3847980997624703,10040,0.3483590126037598,,4.5588105920647495e-06,390.8322166889993
2.3871733966745845,10050,0.35946485996246336,,4.541215800123164e-06,391.22039884199967
2.3895486935866983,10060,0.28463294506073,,4.523621008181579e-06,391.6335743419995
2.391923990498812,10070,0.27404873371124266,,4.506026216239993e-06,391.9871375519997
2.3942992874109263,10080,0.309013819694519,,4.488431424298408e-06,392.38501381900005
2.3966745843230406,10090,0.276336669921875,,4.470836632356822e-06,392.7127655909999
2.3990498812351544,10100,0.257155179977417,,4.453241840415237e-06,393.095752319
2.401425178147268,10110,0.2806788206100464,,4.435647048473652e-06,393.4501706639994
2.4038004750593824,10120,0.30651628971099854,,4.418052256532067e-06,393.83698433300015
2.4061757719714967,10130,0.26573426723480226,,4.400457464590482e-06,394.24147985699983
2.4085510688836105,10140,0.23708829879760743,,4.382862672648897e-06,394.6632256490002
2.4109263657957243,10150,0.32456192970275877,,4.365267880707311e-06,395.046809984
2.4133016627078385,10160,0.34763906002044676,,4.347673088765726e-06,395.4690122379998
2.4156769596199523,10170,0.25415620803833006,,4.3300782968241405e-06,395.84585620799953
2.4180522565320666,10180,0.35084967613220214,,4.312483504882555e-06,396.2075564359993
2.4204275534441804,10190,0.2601658582687378,,4.29488871294097e-06,396.6490512119999
2.4228028503562946,10200,0.27748823165893555,,4.277293920999385e-06,397.04297499399945
2.4251781472684084,10210,0.2811251163482666,,4.2596991290578e-06,397.45079939599964
2.4275534441805227,10220,0.3024709939956665,,4.242104337116214e-06,397.8495263599998
2.4299287410926365,10230,0.30312633514404297,,4.224509545174629e-06,398.23394687699965
2.4323040380047507,10240,0.260509991645813,,4.206914753233043e-06,398.63913885199963
2.4346793349168645,10250,0.2514208793640137,,4.189319961291458e-06,399.055573996
2.4370546318289787,10260,0.24260878562927246,,4.171725169349872e-06,399.4468205769999
2.4394299287410925,10270,0.2721956491470337,,4.154130377408288e-06,399.86025829699975
2.441805225653207,10280,0.27007474899291994,,4.136535585466702e-06,400.2381627730001
2.4441805225653206,10290,0.40038228034973145,,4.118940793525117e-06,400.69876815299995
2.446555819477435,10300,0.2412637948989868,,4.1013460015835315e-06,401.1446022129994
2.4489311163895486,10310,0.27307949066162107,,4.083751209641946e-06,401.56570622900017
2.451306413301663,10320,0.32703614234924316,,4.066156417700361e-06,401.98929134399987
2.4536817102137767,10330,0.24817173480987548,,4.048561625758776e-06,402.39450526400014
2.456057007125891,10340,0.17417820692062377,,4.030966833817191e-06,402.7641497929999
2.4584323040380047,10350,0.3176938533782959,,4.013372041875605e-06,403.14816572400014
2.460807600950119,10360,0.2780020236968994,,3.99577724993402e-06,403.51557191899974
2.4631828978622328,10370,0.31801843643188477,,3.978182457992434e-06,403.879742956
2.4655581947743466,10380,0.24938974380493165,,3.960587666050849e-06,404.28394986199964
2.467933491686461,10390,0.3459321022033691,,3.942992874109263e-06,404.6935344980002
2.470308788598575,10400,0.2825374364852905,,3.925398082167679e-06,405.0626015509997
2.472684085510689,10410,0.3393794775009155,,3.907803290226093e-06,405.413547184
2.4750593824228027,10420,0.31303412914276124,,3.890208498284508e-06,405.820110611
2.477434679334917,10430,0.1874060869216919,,3.8726137063429225e-06,406.1926820949993
2.4798099762470307,10440,0.27507030963897705,,3.855018914401337e-06,406.5414395199996
2.482185273159145,10450,0.22104861736297607,,3.8374241224597525e-06,406.9415951840001
2.4845605700712587,10460,0.30696878433227537,,3.819829330518167e-06,407.3528720159993
2.486935866983373,10470,0.24397754669189453,,3.802234538576582e-06,407.78677057299956
2.489311163895487,10480,0.24112894535064697,,3.7846397466349966e-06,408.15521215599983
2.491686460807601,10490,0.27155437469482424,,3.767044954693411e-06,408.58544856499975
2.494061757719715,10500,0.27703797817230225,,3.749450162751826e-06,409.0065954339998
2.496437054631829,10510,0.3006240129470825,,3.7318553708102407e-06,409.3987254670001
2.498812351543943,10520,0.20288898944854736,,3.7142605788686553e-06,409.78951203999986
2.501187648456057,10530,0.28580756187438966,,3.69666578692707e-06,410.1432305569997
2.503562945368171,10540,0.22930245399475097,,3.679070994985485e-06,410.56095915900005
2.505938242280285,10550,0.3538810253143311,,3.6614762030438994e-06,410.89437366999937
2.508313539192399,10560,0.24971394538879393,,3.643881411102314e-06,411.29523997700016
2.510688836104513,10570,0.2572594404220581,,3.626286619160729e-06,411.6856066089995
2.513064133016627,10580,0.30459568500518797,,3.6086918272191435e-06,412.0799762229999
2.5154394299287413,10590,0.29516432285308836,,3.591097035277558e-06,412.374119692
2.517814726840855,10600,0.3379055500030518,,3.573502243335973e-06,412.76666501399995
2.520190023752969,10610,0.19552228450775147,,3.5559074513943876e-06,413.1617594749996
2.522565320665083,10620,0.1877997875213623,,3.538312659452802e-06,413.55470875899937
2.5249406175771973,10630,0.24780936241149903,,3.5207178675112167e-06,413.9300117980001
2.527315914489311,10640,0.2207629680633545,,3.5031230755696317e-06,414.3567611259996
2.529691211401425,10650,0.32742133140563967,,3.4855282836280463e-06,414.75296248999985
2.532066508313539,10660,0.3540103673934937,,3.467933491686461e-06,415.1467458090001
2.5344418052256534,10670,0.2688150882720947,,3.450338699744876e-06,415.57410789499954
2.5368171021377672,10680,0.29624114036560056,,3.4327439078032904e-06,415.9341877529996
2.539192399049881,10690,0.33605945110321045,,3.415149115861705e-06,416.31207910299963
2.5415676959619953,10700,0.3532877445220947,,3.39755432392012e-06,416.73760974000015
2.5439429928741095,10710,0.25178372859954834,,3.3799595319785345e-06,417.13947410699984
2.5463182897862233,10720,0.2708421230316162,,3.362364740036949e-06,417.5748692469997
2.548693586698337,10730,0.26357312202453614,,3.344769948095364e-06,417.9517108479995
2.5510688836104514,10740,0.2996136903762817,,3.3271751561537786e-06,418.3432896099994
2.553444180522565,10750,0.24775865077972412,,3.309580364212193e-06,418.7112523699998
2.5558194774346794,10760,0.29239983558654786,,3.2919855722706086e-06,419.1028946709994
2.558194774346793,10770,0.25031132698059083,,3.274390780329023e-06,419.49424252100016
2.5605700712589075,10780,0.2905226707458496,,3.2567959883874377e-06,419.87842034799996
2.5629453681710213,10790,0.30243031978607177,,3.2392011964458527e-06,420.23653728499994
2.5653206650831355,10800,0.36727521419525144,,3.2216064045042672e-06,420.6381712479997
2.5676959619952493,10810,0.261523962020874,,3.204011612562682e-06,420.99865279799997
2.5700712589073635,10820,0.2016953706741333,,3.1864168206210968e-06,421.36876435500017
2.5724465558194773,10830,0.2721055507659912,,3.1688220286795113e-06,421.74837995100006
2.5748218527315916,10840,0.26737973690032957,,3.151227236737926e-06,422.0819339889995
2.5771971496437054,10850,0.3227498769760132,,3.1336324447963405e-06,422.4682661729994
2.5795724465558196,10860,0.2608139753341675,,3.1160376528547555e-06,422.8293498559997
2.5819477434679334,10870,0.3013305187225342,,3.09844286091317e-06,423.1908763299998
2.5843230403800472,10880,0.38466155529022217,,3.0808480689715846e-06,423.6002024339996
2.5866983372921615,10890,0.2498767137527466,,3.0632532770299996e-06,424.008546862
2.5890736342042757,10900,0.2920706748962402,,3.045658485088414e-06,424.37133462899965
2.5914489311163895,10910,0.25759024620056153,,3.0280636931468287e-06,424.72703415700016
2.5938242280285033,10920,0.3382228136062622,,3.0104689012052437e-06,425.10899649099974
2.5961995249406176,10930,0.24722979068756104,,2.9928741092636582e-06,425.4905679429994
2.598574821852732,10940,0.23408775329589843,,2.975279317322073e-06,425.8534867929993
2.6009501187648456,10950,0.22370500564575196,,2.9576845253804874e-06,426.25891718099956
2.6033254156769594,10960,0.2525374412536621,,2.9400897334389023e-06,426.6284178289998
2.6057007125890737,10970,0.32209038734436035,,2.922494941497317e-06,426.9843036989996
2.608076009501188,10980,0.2526677370071411,,2.9049001495557315e-06,427.3695134219997
2.6104513064133017,10990,0.27101726531982423,,2.8873053576141465e-06,427.7618438069994
2.6128266033254155,11000,0.2784223794937134,,2.869710565672561e-06,428.135142868
2.6152019002375297,11010,0.19877182245254515,,2.8521157737309756e-06,428.4814033299999
2.6175771971496435,11020,0.2846417188644409,,2.8345209817893906e-06,428.88368884099964
2.619952494061758,11030,0.27925260066986085,,2.816926189847805e-06,429.2520542960001
2.6223277909738716,11040,0.34554376602172854,,2.7993313979062197e-06,429.6587658589997
2.624703087885986,11050,0.24912338256835936,,2.7817366059646343e-06,430.0099160919999
2.6270783847980996,11060,0.29377877712249756,,2.7641418140230492e-06,430.4403064319995
2.629453681710214,11070,0.29082818031311036,,2.746547022081464e-06,430.87948319099996
2.6318289786223277,11080,0.31683237552642823,,2.728952230139879e-06,431.2540645019999
2.634204275534442,11090,0.28660380840301514,,2.7113574381982938e-06,431.6173790570001
2.6365795724465557,11100,0.232011079788208,,2.6937626462567083e-06,432.0027085539996
2.63895486935867,11110,0.20321998596191407,,2.6761678543151233e-06,432.35751877499933
2.6413301662707838,11120,0.3223618984222412,,2.658573062373538e-06,432.72323531299935
2.643705463182898,11130,0.31230940818786623,,2.6409782704319524e-06,433.1479366379999
2.646080760095012,11140,0.27757110595703127,,2.6233834784903674e-06,433.5460332009998
2.648456057007126,11150,0.2816713571548462,,2.605788686548782e-06,433.92841961999966
2.65083135391924,11160,0.31156675815582274,,2.5881938946071966e-06,434.2994901459997
2.653206650831354,11170,0.2699114799499512,,2.570599102665611e-06,434.6975788999998
2.655581947743468,11180,0.263326358795166,,2.553004310724026e-06,435.1236287789998
2.6579572446555817,11190,0.2798369646072388,,2.5354095187824407e-06,435.5152362210001
2.660332541567696,11200,0.32240586280822753,,2.5178147268408552e-06,435.8803195089995
2.66270783847981,11210,0.2627044677734375,,2.5002199348992702e-06,436.2681455920001
2.665083135391924,11220,0.27069878578186035,,2.4826251429576848e-06,436.6769982699998
2.667458432304038,11230,0.21218385696411132,,2.4650303510160993e-06,437.04002766099984
2.669833729216152,11240,0.2969899892807007,,2.4474355590745143e-06,437.4385050390001
2.6722090261282663,11250,0.2679412603378296,,2.429840767132929e-06,437.8244389419997
2.67458432304038,11260,0.2634784460067749,,2.4122459751913434e-06,438.19280276599966
2.676959619952494,11270,0.30800342559814453,,2.394651183249758e-06,438.57930129099987
2.679334916864608,11280,0.3799900054931641,,2.377056391308173e-06,438.9965928539996
2.6817102137767224,11290,0.1861743927001953,,2.3594615993665876e-06,439.41333134199976
2.684085510688836,11300,0.2555351257324219,,2.341866807425002e-06,439.8007186369996
2.68646080760095,11310,0.31179678440093994,,2.324272015483417e-06,440.20528354
2.688836104513064,11320,0.24866299629211425,,2.306677223541832e-06,440.59369078599957
2.691211401425178,11330,0.2594689607620239,,2.2890824316002467e-06,440.9859384419997
2.6935866983372923,11340,0.291202974319458,,2.2714876396586612e-06,441.3765006469994
2.695961995249406,11350,0.26541202068328856,,2.253892847717076e-06,441.74820193899996
2.6983372921615203,11360,0.3827477693557739,,2.2362980557754908e-06,442.15333696499965
2.700712589073634,11370,0.25041172504425047,,2.2187032638339053e-06,442.5715220259999
2.7030878859857483,11380,0.4085733890533447,,2.20110847189232e-06,442.9362241839999
2.705463182897862,11390,0.2271275997161865,,2.183513679950735e-06,443.34086155299974
2.7078384798099764,11400,0.2274703025817871,,2.1659188880091494e-06,443.7035575279997
2.71021377672209,11410,0.16754884719848634,,2.148324096067564e-06,444.08715211399976
2.7125890736342044,11420,0.19993975162506103,,2.130729304125979e-06,444.4423478709996
2.7149643705463182,11430,0.2669358253479004,,2.1131345121843935e-06,444.8068146149999
2.7173396674584325,11440,0.30296969413757324,,2.095539720242808e-06,445.2061428070001
2.7197149643705463,11450,0.2739360809326172,,2.077944928301223e-06,445.6288302610001
2.72209026128266,11460,0.20876355171203614,,2.0603501363596377e-06,446.0144282559995
2.7244655581947743,11470,0.22005953788757324,,2.0427553444180522e-06,446.3949702629998
2.7268408551068886,11480,0.2500691652297974,,2.025160552476467e-06,446.77584295999986
2.7292161520190024,11490,0.21285042762756348,,2.0075657605348818e-06,447.15342263599996
2.731591448931116,11500,0.25963311195373534,,1.9899709685932968e-06,447.5362486269996
2.7339667458432304,11510,0.28939712047576904,,1.9723761766517113e-06,447.8939912320002
2.7363420427553447,11520,0.3045476198196411,,1.954781384710126e-06,448.27853147299993
2.7387173396674585,11530,0.30967044830322266,,1.937186592768541e-06,448.6720015840001
2.7410926365795723,11540,0.25011434555053713,,1.9195918008269554e-06,449.04430314599995
2.7434679334916865,11550,0.2833984136581421,,1.90199700888537e-06,449.3842336839998
2.7458432304038007,11560,0.3662653684616089,,1.8844022169437848e-06,449.77962626299995
2.7482185273159145,11570,0.3199042797088623,,1.8668074250021995e-06,450.1644484799999
2.7505938242280283,11580,0.29382753372192383,,1.849212633060614e-06,450.52253760999974
2.7529691211401426,11590,0.2980332374572754,,1.8316178411190289e-06,450.86547974399946
2.7553444180522564,11600,0.23052384853363037,,1.8140230491774436e-06,451.2533795059999
2.7577197149643706,11610,0.2620232105255127,,1.7964282572358582e-06,451.64782740400005
2.7600950118764844,11620,0.31705899238586427,,1.778833465294273e-06,452.0236389089996
2.7624703087885987,11630,0.27572312355041506,,1.7612386733526875e-06,452.3952057839997
2.7648456057007125,11640,0.33535041809082033,,1.7436438814111025e-06,452.7983349219994
2.7672209026128267,11650,0.32596502304077146,,1.7260490894695173e-06,453.15034915399974
2.7695961995249405,11660,0.337668776512146,,1.7084542975279319e-06,453.57608736600014
2.7719714964370548,11670,0.29274673461914064,,1.6908595055863466e-06,453.9808692229999
2.7743467933491686,11680,0.2846444845199585,,1.6732647136447614e-06,454.35833317800007
2.776722090261283,11690,0.24147553443908693,,1.655669921703176e-06,454.73785853699974
2.7790973871733966,11700,0.2420487880706787,,1.6380751297615907e-06,455.1456859439995
2.781472684085511,11710,0.2809277057647705,,1.6204803378200053e-06,455.5245361239995
2.7838479809976246,11720,0.3160351037979126,,1.60288554587842e-06,456.1354929019999
2.7862232779097384,11730,0.26914515495300295,,1.5852907539368349e-06,457.66255052699944
2.7885985748218527,11740,0.29470434188842776,,1.5676959619952494e-06,458.3519349479993
2.790973871733967,11750,0.20726749897003174,,1.5501011700536642e-06,458.84704951000003
2.7933491686460807,11760,0.28191218376159666,,1.5325063781120788e-06,459.456646824
2.7957244655581945,11770,0.28642497062683103,,1.5149115861704935e-06,460.0487284259998
2.798099762470309,11780,0.3296839237213135,,1.4973167942289083e-06,460.63056856799994
2.800475059382423,11790,0.3030606508255005,,1.4797220022873233e-06,461.2132805229994
2.802850356294537,11800,0.21464228630065918,,1.4621272103457379e-06,461.81631748899963
2.8052256532066506,11810,0.2566267490386963,,1.4445324184041526e-06,462.4188884989999
2.807600950118765,11820,0.24908871650695802,,1.4269376264625672e-06,462.93923259499934
2.809976247030879,11830,0.20987482070922853,,1.409342834520982e-06,463.5159393719996
2.812351543942993,11840,0.32195382118225097,,1.3917480425793967e-06,464.07919177499934
2.8147268408551067,11850,0.2813724517822266,,1.3741532506378113e-06,464.64266578299976
2.817102137767221,11860,0.24710698127746583,,1.356558458696226e-06,465.24885983700005
2.8194774346793348,11870,0.26362388134002684,,1.3389636667546406e-06,465.84049230099936
2.821852731591449,11880,0.296810507774353,,1.3213688748130554e-06,466.40096174799965
2.824228028503563,11890,0.3054549217224121,,1.3037740828714702e-06,466.9263327059998
2.826603325415677,11900,0.28996365070343016,,1.2861792909298847e-06,467.548796479
2.828978622327791,11910,0.20968124866485596,,1.2685844989882995e-06,468.1666866659998
2.831353919239905,11920,0.33063883781433107,,1.250989707046714e-06,468.7357385819996
2.833729216152019,11930,0.28359057903289797,,1.233394915105129e-06,469.3002681879998
2.836104513064133,11940,0.3147125244140625,,1.2158001231635436e-06,469.9304232069999
2.838479809976247,11950,0.21986813545227052,,1.1982053312219584e-06,470.56866737899963
2.840855106888361,11960,0.37173030376434324,,1.1806105392803732e-06,471.1265276439999
2.843230403800475,11970,0.2546881914138794,,1.1630157473387877e-06,471.6747759589998
2.8456057007125892,11980,0.22705247402191162,,1.1454209553972025e-06,472.2930421430001
2.847980997624703,11990,0.29779791831970215,,1.1278261634556173e-06,472.95847297399996
2.850356294536817,12000,0.2278918743133545,,1.110231371514032e-06,473.5537495609997
2.852731591448931,12010,0.24522106647491454,,1.0926365795724466e-06,474.16189288499936
2.8551068883610453,12020,0.4049556732177734,,1.0750417876308614e-06,474.7593556889997
2.857482185273159,12030,0.2853567361831665,,1.057446995689276e-06,475.33829912799956
2.859857482185273,12040,0.24314093589782715,,1.0398522037476907e-06,475.937912417
2.862232779097387,12050,0.2059032440185547,,1.0222574118061055e-06,476.5540892379995
2.8646080760095014,12060,0.2664353609085083,,1.00466261986452e-06,477.13969756200004
2.866983372921615,12070,0.2521292924880981,,9.87067827922935e-07,477.73347084799934
2.869358669833729,12080,0.24104444980621337,,9.694730359813496e-07,478.3327526459998
2.8717339667458432,12090,0.26160123348236086,,9.518782440397643e-07,479.0267727649998
2.8741092636579575,12100,0.32532007694244386,,9.342834520981791e-07,479.63502221899944
2.8764845605700713,12110,0.3163097858428955,,9.166886601565937e-07,480.1808734460001
2.878859857482185,12120,0.2502955198287964,,8.990938682150084e-07,480.7690303620002
2.8812351543942993,12130,0.24887962341308595,,8.814990762734231e-07,481.4108550479996
2.883610451306413,12140,0.31772353649139407,,8.639042843318378e-07,482.03725017599936
2.8859857482185274,12150,0.32190096378326416,,8.463094923902526e-07,482.69649565300006
2.888361045130641,12160,0.26206696033477783,,8.287147004486673e-07,483.34855200199945
2.8907363420427554,12170,0.3615431785583496,,8.11119908507082e-07,483.9540871929994
2.8931116389548692,12180,0.31657888889312746,,7.935251165654967e-07,484.606156586
2.8954869358669835,12190,0.294754695892334,,7.759303246239114e-07,485.22848471399993
2.8978622327790973,12200,0.2797710418701172,,7.583355326823261e-07,485.8305402529995
2.9002375296912115,12210,0.2595071315765381,,7.407407407407407e-07,486.3928050169998
2.9026128266033253,12220,0.2296767234802246,,7.231459487991555e-07,486.969153514
2.9049881235154396,12230,0.25298473834991453,,7.055511568575703e-07,487.5565559209999
2.9073634204275534,12240,0.28755109310150145,,6.879563649159849e-07,488.15364557199973
2.9097387173396676,12250,0.23403379917144776,,6.703615729743996e-07,488.7559782600001
2.9121140142517814,12260,0.19618816375732423,,6.527667810328144e-07,489.30193483199946
2.9144893111638956,12270,0.22761352062225343,,6.351719890912291e-07,489.8444450480001
2.9168646080760094,12280,0.287155818939209,,6.175771971496437e-07,490.42027506199975
2.9192399049881237,12290,0.2792377948760986,,5.999824052080585e-07,490.98526744899937
2.9216152019002375,12300,0.27830090522766116,,5.823876132664732e-07,491.6404585139999
2.9239904988123513,12310,0.3042876958847046,,5.647928213248878e-07,492.222448771
2.9263657957244655,12320,0.2977573394775391,,5.471980293833026e-07,492.8009529889996
2.92874109263658,12330,0.2729116678237915,,5.296032374417173e-07,493.3637236979994
2.9311163895486936,12340,0.3276810884475708,,5.12008445500132e-07,493.93196635000004
2.9334916864608074,12350,0.2808295965194702,,4.944136535585467e-07,494.5414612149998
2.9358669833729216,12360,0.3329683780670166,,4.768188616169614e-07,495.1154019329997
2.938242280285036,12370,0.26662497520446776,,4.5922406967537616e-07,495.7041647199994
2.9406175771971497,12380,0.3639444589614868,,4.416292777337908e-07,496.28796701899955
2.9429928741092635,12390,0.28423357009887695,,4.2403448579220555e-07,496.8872745609997
2.9453681710213777,12400,0.2659740686416626,,4.064396938506202e-07,497.4060934700001
2.947743467933492,12410,0.22358899116516112,,3.88844901909035e-07,497.98634147899975
2.9501187648456058,12420,0.3493842363357544,,3.7125010996744966e-07,498.58183775
2.9524940617577196,12430,0.2711085081100464,,3.536553180258644e-07,499.1319976469995
2.954869358669834,12440,0.21970171928405763,,3.3606052608427905e-07,499.76727801200013
2.9572446555819476,12450,0.3056770086288452,,3.184657341426938e-07,500.367247227
2.959619952494062,12460,0.22626333236694335,,3.008709422011085e-07,500.9841571999996
2.9619952494061756,12470,0.23623645305633545,,2.832761502595232e-07,501.5160244339995
2.96437054631829,12480,0.3059835910797119,,2.6568135831793793e-07,502.0582329409999
2.9667458432304037,12490,0.25909411907196045,,2.480865663763526e-07,502.62116091200005
2.969121140142518,12500,0.21241335868835448,,2.3049177443476735e-07,503.2334406709997
2.9714964370546317,12510,0.3019467830657959,,2.1289698249318201e-07,503.84496673800004
2.973871733966746,12520,0.1636740446090698,,1.9530219055159676e-07,504.3901419160002
2.97624703087886,12530,0.3205690860748291,,1.7770739861001143e-07,504.9752160649996
2.978622327790974,12540,0.2979589939117432,,1.6011260666842618e-07,505.5693498269993
2.980997624703088,12550,0.23867921829223632,,1.4251781472684087e-07,506.1374287769995
2.983372921615202,12560,0.24901385307312013,,1.249230227852556e-07,506.7015952849997
2.985748218527316,12570,0.3138586044311523,,1.0732823084367029e-07,507.306851716
2.9881235154394297,12580,0.28792126178741456,,8.9733438902085e-08,507.85887145200013
2.990498812351544,12590,0.23575999736785888,,7.213864696049969e-08,508.3796869509997
2.992874109263658,12600,0.3033701658248901,,5.45438550189144e-08,508.90423526999984
2.995249406175772,12610,0.2900299072265625,,3.694906307732912e-08,509.4867409359995
2.9976247030878858,12620,0.3377713441848755,,1.9354271135743822e-08,510.0640695559996
3.0,12630,0.25938684940338136,,1.7594791941585293e-09,510.67006531900006
3.0,12630,,0.28897640109062195,,512.75181256
3.0,12630,,,,513.5536039669996
