epoch,step,loss,eval_loss,learning_rate,elapsed_seconds
0.0023752969121140144,10,0.7028029918670654,,1.4251781472684087e-07,1.4012008959998639
0.004750593824228029,20,0.70784010887146,,3.008709422011085e-07,2.2271416969997517
0.007125890736342043,30,0.7088357925415039,,4.5922406967537616e-07,3.122147292999216
0.009501187648456057,40,0.7098822593688965,,6.175771971496437e-07,3.945513837999897
0.011876484560570071,50,0.7053191184997558,,7.759303246239114e-07,4.704625854999904
0.014251781472684086,60,0.7052746772766113,,9.342834520981791e-07,5.5374018019992945
0.0166270783847981,70,0.7069377899169922,,1.0926365795724466e-06,6.3693487719992845
0.019002375296912115,80,0.7082752704620361,,1.250989707046714e-06,7.240708033999908
0.021377672209026127,90,0.6994235038757324,,1.409342834520982e-06,8.20973939599935
0.023752969121140142,100,0.7100829601287841,,1.5676959619952494e-06,9.09246886999972
0.026128266033254157,110,0.7087377071380615,,1.7260490894695173e-06,9.879887948998658
0.028503562945368172,120,0.7149056434631348,,1.8844022169437848e-06,10.739111322000099
0.030878859857482184,130,0.6969367504119873,,2.0427553444180522e-06,11.613849317998756
0.0332541567695962,140,0.7020461559295654,,2.20110847189232e-06,12.393018856999333
0.035629453681710214,150,0.6880008697509765,,2.3594615993665876e-06,13.20225196499996
0.03800475059382423,160,0.6976282119750976,,2.5178147268408552e-06,14.117644501999166
0.040380047505938245,170,0.7092854022979737,,2.6761678543151233e-06,14.97694059099922
0.04275534441805225,180,0.6853260517120361,,2.8345209817893906e-06,15.884259431999453
0.04513064133016627,190,0.7113595485687256,,2.9928741092636582e-06,16.710247412998797
0.047505938242280284,200,0.689963436126709,,3.151227236737926e-06,17.53756626499853
0.0498812351543943,210,0.700847053527832,,3.309580364212193e-06,18.381471089000115
0.052256532066508314,220,0.6928856849670411,,3.467933491686461e-06,19.17599139899903
0.05463182897862233,230,0.6943622589111328,,3.626286619160729e-06,20.037206709999737
0.057007125890736345,240,0.703820276260376,,3.7846397466349966e-06,20.98421775799943
0.05938242280285035,250,0.702556562423706,,3.942992874109263e-06,21.805436216998714
0.06175771971496437,260,0.6957746505737304,,4.1013460015835315e-06,22.62516090200006
0.06413301662707839,270,0.6806278228759766,,4.2596991290578e-06,23.525858817998596
0.0665083135391924,280,0.6952837944030762,,4.418052256532067e-06,24.385058694999316
0.0688836104513064,290,0.7029090404510498,,4.576405384006334e-06,25.245115836998593
0.07125890736342043,300,0.6912901401519775,,4.734758511480602e-06,26.085669723999672
0.07363420427553444,310,0.695322847366333,,4.89311163895487e-06,26.91886133099979
0.07600950118764846,320,0.7045742034912109,,5.0514647664291375e-06,27.78594465199967
0.07838479809976247,330,0.6996269702911377,,5.209817893903405e-06,28.66782392099958
0.08076009501187649,340,0.6880068778991699,,5.368171021377673e-06,29.446859944999233
0.0831353919239905,350,0.6926779747009277,,5.526524148851941e-06,30.32777039499888
0.0855106888361045,360,0.6744811534881592,,5.684877276326208e-06,31.187503422999725
0.08788598574821853,370,0.6863551616668702,,5.843230403800475e-06,32.092663974999596
0.09026128266033254,380,0.7030199050903321,,6.001583531274743e-06,32.90652920499997
0.09263657957244656,390,0.6675929069519043,,6.159936658749011e-06,33.78529301999879
0.09501187648456057,400,0.6850070476531982,,6.318289786223278e-06,34.66766573199857
0.09738717339667459,410,0.6843903541564942,,6.476642913697546e-06,35.47660355699918
0.0997624703087886,420,0.6552217960357666,,6.634996041171814e-06,36.33781146899855
0.1021377672209026,430,0.6859737396240234,,6.7933491686460815e-06,37.17182564099858
0.10451306413301663,440,0.694453239440918,,6.951702296120349e-06,38.02816854399862
0.10688836104513064,450,0.6804668426513671,,7.110055423594616e-06,38.9031403279987
0.10926365795724466,460,0.672100019454956,,7.268408551068884e-06,39.82694908399935
0.11163895486935867,470,0.6957700729370118,,7.426761678543152e-06,40.66686161399957
0.11401425178147269,480,0.6754308700561523,,7.585114806017419e-06,41.48895960799928
0.1163895486935867,490,0.6713869571685791,,7.743467933491687e-06,42.350874204999855
0.1187648456057007,500,0.6701760292053223,,7.901821060965956e-06,43.22121216599953
0.12114014251781473,510,0.6563262939453125,,8.060174188440221e-06,44.12898138199853
0.12351543942992874,520,0.672007942199707,,8.21852731591449e-06,45.048644916998455
0.12589073634204276,530,0.6663083076477051,,8.376880443388757e-06,45.863781469999594
0.12826603325415678,540,0.6767102241516113,,8.535233570863025e-06,46.700619281999025
0.13064133016627077,550,0.6813902854919434,,8.693586698337293e-06,47.53818130599939
0.1330166270783848,560,0.6843798160552979,,8.85193982581156e-06,48.39430300999993
0.13539192399049882,570,0.6649517059326172,,9.010292953285828e-06,49.25037598400013
0.1377672209026128,580,0.6571158409118653,,9.168646080760095e-06,50.17892271099845
0.14014251781472684,590,0.6509243011474609,,9.326999208234362e-06,51.02264304599885
0.14251781472684086,600,0.6267432689666748,,9.485352335708631e-06,51.93138515699866
0.14489311163895488,610,0.6723125457763672,,9.643705463182899e-06,52.90334134299883
0.14726840855106887,620,0.6477655887603759,,9.802058590657166e-06,53.73531896199893
0.1496437054631829,630,0.6305389404296875,,9.960411718131435e-06,54.67922464399999
0.15201900237529692,640,0.6161402702331543,,1.0118764845605702e-05,55.54967506399953
0.1543942992874109,650,0.6147576808929444,,1.027711797307997e-05,56.42416362499898
0.15676959619952494,660,0.6434648990631103,,1.0435471100554238e-05,57.18352317999961
0.15914489311163896,670,0.5473607540130615,,1.0593824228028504e-05,58.04590924399963
0.16152019002375298,680,0.5591967582702637,,1.0752177355502773e-05,58.82009462899987
0.16389548693586697,690,0.4999589443206787,,1.091053048297704e-05,59.68367771599878
0.166270783847981,700,0.501018476486206,,1.1068883610451307e-05,60.54431399499845
0.16864608076009502,710,0.41711883544921874,,1.1227236737925575e-05,61.354409804998795
0.171021377672209,720,0.43717074394226074,,1.1385589865399842e-05,62.14166897799987
0.17339667458432304,730,0.43982982635498047,,1.154394299287411e-05,63.011932520999835
0.17577197149643706,740,0.4534205436706543,,1.1702296120348378e-05,63.996125198998925
0.17814726840855108,750,0.37476937770843505,,1.1860649247822647e-05,64.84352445399963
0.18052256532066507,760,0.37054827213287356,,1.2019002375296912e-05,65.71490608899876
0.1828978622327791,770,0.4410092353820801,,1.217735550277118e-05,66.55550276399845
0.18527315914489312,780,0.4034230709075928,,1.2335708630245449e-05,67.46417718999874
0.1876484560570071,790,0.4021270751953125,,1.2494061757719716e-05,68.34676154899898
0.19002375296912113,800,0.42371068000793455,,1.2652414885193985e-05,69.17704008199871
0.19239904988123516,810,0.35960638523101807,,1.281076801266825e-05,70.02778248699906
0.19477434679334918,820,0.4237503528594971,,1.296912114014252e-05,70.89755396599867
0.19714964370546317,830,0.3637691497802734,,1.3127474267616787e-05,71.73048746099994
0.1995249406175772,840,0.3526573657989502,,1.3285827395091054e-05,72.71521831499922
0.20190023752969122,850,0.444276762008667,,1.3444180522565323e-05,73.52751731899843
0.2042755344418052,860,0.39974517822265626,,1.3602533650039588e-05,74.48058579600001
0.20665083135391923,870,0.3626333951950073,,1.3760886777513857e-05,75.37489672899937
0.20902612826603326,880,0.37328081130981444,,1.3919239904988124e-05,76.17240633899928
0.21140142517814728,890,0.4670119285583496,,1.4077593032462393e-05,77.08819790799862
0.21377672209026127,900,0.37856576442718504,,1.423594615993666e-05,77.9186386349993
0.2161520190023753,910,0.3027066946029663,,1.4394299287410926e-05,78.78261792000012
0.21852731591448932,920,0.3294580698013306,,1.4552652414885195e-05,79.68801483799871
0.2209026128266033,930,0.4229891777038574,,1.4711005542359462e-05,80.46616008299861
0.22327790973871733,940,0.32326982021331785,,1.4869358669833731e-05,81.29233819599904
0.22565320665083136,950,0.34504382610321044,,1.5027711797307999e-05,82.2658156739999
0.22802850356294538,960,0.2875298023223877,,1.5186064924782268e-05,83.08723949500018
0.23040380047505937,970,0.3074023962020874,,1.5344418052256533e-05,83.90058969099846
0.2327790973871734,980,0.32178170680999757,,1.55027711797308e-05,84.73491610999918
0.23515439429928742,990,0.3745419502258301,,1.5661124307205068e-05,85.56826372199976
0.2375296912114014,1000,0.37261252403259276,,1.5819477434679335e-05,86.43438011799844
0.23990498812351543,1010,0.29232957363128664,,1.5977830562153605e-05,87.29852419799863
0.24228028503562946,1020,0.2960582971572876,,1.6136183689627873e-05,88.18485986999985
0.24465558194774348,1030,0.3266426086425781,,1.629453681710214e-05,89.01369089099899
0.24703087885985747,1040,0.3352550745010376,,1.6452889944576407e-05,89.89665047999915
0.2494061757719715,1050,0.39799478054046633,,1.6611243072050674e-05,90.784948515
0.2517814726840855,1060,0.31214132308959963,,1.676959619952494e-05,91.61270734999925
0.25415676959619954,1070,0.2700026988983154,,1.692794932699921e-05,92.43923069499942
0.25653206650831356,1080,0.30637924671173095,,1.708630245447348e-05,93.2751465450001
0.2589073634204275,1090,0.327516770362854,,1.7244655581947743e-05,94.08740265799861
0.26128266033254155,1100,0.36880970001220703,,1.7403008709422014e-05,94.93553221299953
0.26365795724465557,1110,0.31575238704681396,,1.756136183689628e-05,95.7556811909999
0.2660332541567696,1120,0.29694063663482667,,1.7719714964370545e-05,96.60850079699958
0.2684085510688836,1130,0.29232063293457033,,1.7878068091844816e-05,97.559212148999
0.27078384798099764,1140,0.3289534091949463,,1.8036421219319083e-05,98.36150156499934
0.27315914489311166,1150,0.39070887565612794,,1.819477434679335e-05,99.20945857100014
0.2755344418052256,1160,0.3200244665145874,,1.8353127474267618e-05,100.0808294949984
0.27790973871733965,1170,0.27756509780883787,,1.8511480601741888e-05,100.86002687200016
0.28028503562945367,1180,0.2907369613647461,,1.8669833729216152e-05,101.64552111099874
0.2826603325415677,1190,0.29322137832641604,,1.882818685669042e-05,102.45600887199907
0.2850356294536817,1200,0.34014575481414794,,1.898653998416469e-05,103.36326916799953
0.28741092636579574,1210,0.3468292713165283,,1.9144893111638957e-05,104.15931881799952
0.28978622327790976,1220,0.2790728330612183,,1.9303246239113224e-05,104.95029361900015
0.2921615201900237,1230,0.23878717422485352,,1.946159936658749e-05,105.84011926199855
0.29453681710213775,1240,0.3823824167251587,,1.961995249406176e-05,106.66740926700004
0.29691211401425177,1250,0.33115200996398925,,1.9778305621536026e-05,107.50118847799968
0.2992874109263658,1260,0.2546610116958618,,1.9936658749010293e-05,108.40838517599877
0.3016627078384798,1270,0.3183622121810913,,1.998944312483505e-05,109.22357681899848
0.30403800475059384,1280,0.37848629951477053,,1.9971848332893464e-05,110.11804051099898
0.30641330166270786,1290,0.33585777282714846,,1.995425354095188e-05,110.94535185799941
0.3087885985748218,1300,0.3464949131011963,,1.9936658749010293e-05,111.81496111900015
0.31116389548693585,1310,0.32824068069458007,,1.991906395706871e-05,112.6456142019997
0.31353919239904987,1320,0.22779040336608886,,1.9901469165127123e-05,113.54369423299977
0.3159144893111639,1330,0.33247199058532717,,1.988387437318554e-05,114.451241028999
0.3182897862232779,1340,0.30422861576080323,,1.986627958124395e-05,115.27199895299964
0.32066508313539194,1350,0.29899609088897705,,1.9848684789302368e-05,116.16930246299853
0.32304038004750596,1360,0.2456592798233032,,1.983108999736078e-05,116.99393176099875
0.3254156769596199,1370,0.2443857192993164,,1.9813495205419197e-05,117.9183362269996
0.32779097387173395,1380,0.3128191947937012,,1.979590041347761e-05,118.763477556
0.33016627078384797,1390,0.32226080894470216,,1.9778305621536026e-05,119.58117323899933
0.332541567695962,1400,0.27818453311920166,,1.9760710829594442e-05,120.41900080499909
0.334916864608076,1410,0.3254536628723145,,1.9743116037652855e-05,121.23962356899938
0.33729216152019004,1420,0.30271475315093993,,1.972552124571127e-05,122.03305120699952
0.33966745843230406,1430,0.2946894645690918,,1.9707926453769684e-05,122.87375395399977
0.342042755344418,1440,0.2622544765472412,,1.96903316618281e-05,123.6492253159995
0.34441805225653205,1450,0.2476210594177246,,1.9672736869886514e-05,124.4561487739993
0.34679334916864607,1460,0.17652906179428102,,1.965514207794493e-05,125.3418404969998
0.3491686460807601,1470,0.3878565073013306,,1.9637547286003346e-05,126.20589762999953
0.3515439429928741,1480,0.46408672332763673,,1.961995249406176e-05,127.08795687400016
0.35391923990498814,1490,0.31241788864135744,,1.9602357702120175e-05,127.95276633299909
0.35629453681710216,1500,0.28538899421691893,,1.9584762910178588e-05,128.7556436319992
0.3586698337292161,1510,0.2955179691314697,,1.9567168118237004e-05,129.53425850199892
0.36104513064133015,1520,0.2644601106643677,,1.954957332629542e-05,130.38114520699855
0.36342042755344417,1530,0.31040315628051757,,1.9531978534353833e-05,131.14162302600016
0.3657957244655582,1540,0.34145822525024416,,1.951438374241225e-05,131.983460079
0.3681710213776722,1550,0.3703096866607666,,1.9496788950470663e-05,132.84263130599902
0.37054631828978624,1560,0.24356579780578613,,1.947919415852908e-05,133.67043390399886
0.37292161520190026,1570,0.30232365131378175,,1.946159936658749e-05,134.55506107499968
0.3752969121140142,1580,0.2468348503112793,,1.9444004574645908e-05,135.39728028399986
0.37767220902612825,1590,0.3181440353393555,,1.942640978270432e-05,136.28657265799848
0.38004750593824227,1600,0.2981125831604004,,1.9408814990762737e-05,137.08614300799854
0.3824228028503563,1610,0.30642364025115965,,1.939122019882115e-05,137.95101306099968
0.3847980997624703,1620,0.22575628757476807,,1.9373625406879566e-05,138.79687823899985
0.38717339667458434,1630,0.3178849458694458,,1.935603061493798e-05,139.59366062599838
0.38954869358669836,1640,0.2816671371459961,,1.9338435822996395e-05,140.49926005399902
0.3919239904988123,1650,0.3615512132644653,,1.9320841031054808e-05,141.36648063699977
0.39429928741092635,1660,0.2511488914489746,,1.9303246239113224e-05,142.18351346099917
0.39667458432304037,1670,0.27120437622070315,,1.9285651447171637e-05,143.12698491099945
0.3990498812351544,1680,0.3177608013153076,,1.9268056655230054e-05,144.04512707499998
0.4014251781472684,1690,0.2300487995147705,,1.9250461863288466e-05,144.93149948499922
0.40380047505938244,1700,0.23602900505065919,,1.9232867071346883e-05,145.82545331299843
0.40617577197149646,1710,0.24813876152038575,,1.9215272279405296e-05,146.6960509769997
0.4085510688836104,1720,0.31892545223236085,,1.9197677487463712e-05,147.61565060700013
0.41092636579572445,1730,0.32510743141174314,,1.9180082695522128e-05,148.46659814799932
0.41330166270783847,1740,0.32967214584350585,,1.916248790358054e-05,149.39571582699864
0.4156769596199525,1750,0.24082024097442628,,1.9144893111638957e-05,150.27903820399843
0.4180522565320665,1760,0.271464204788208,,1.912729831969737e-05,151.12186940299944
0.42042755344418054,1770,0.27035834789276125,,1.9109703527755786e-05,152.09782196299966
0.42280285035629456,1780,0.3157622814178467,,1.9092108735814203e-05,153.05350672999884
0.4251781472684085,1790,0.26937432289123536,,1.9074513943872615e-05,153.87653754599887
0.42755344418052255,1800,0.3586937665939331,,1.905691915193103e-05,154.72422904299856
0.42992874109263657,1810,0.3227701187133789,,1.9039324359989445e-05,155.49769348799964
0.4323040380047506,1820,0.2675336837768555,,1.902172956804786e-05,156.3644680419984
0.4346793349168646,1830,0.30944855213165284,,1.9004134776106274e-05,157.22806511999988
0.43705463182897863,1840,0.3302851915359497,,1.898653998416469e-05,158.08350294699994
0.43942992874109266,1850,0.24669840335845947,,1.8968945192223103e-05,159.0205227890001
0.4418052256532066,1860,0.26000974178314207,,1.895135040028152e-05,159.9104228239994
0.44418052256532065,1870,0.29194655418396,,1.8933755608339932e-05,160.76276017599957
0.44655581947743467,1880,0.3026972055435181,,1.8916160816398348e-05,161.60224404699875
0.4489311163895487,1890,0.32280070781707765,,1.889856602445676e-05,162.57814865499859
0.4513064133016627,1900,0.3298021793365479,,1.8880971232515177e-05,163.44792517399947
0.45368171021377673,1910,0.36061930656433105,,1.886337644057359e-05,164.31418323700018
0.45605700712589076,1920,0.2679100275039673,,1.8845781648632006e-05,165.11670006199893
0.4584323040380047,1930,0.23886494636535643,,1.882818685669042e-05,166.00777546899917
0.46080760095011875,1940,0.3125541925430298,,1.8810592064748836e-05,166.8623443079996
0.46318289786223277,1950,0.2692389726638794,,1.879299727280725e-05,167.7084812109988
0.4655581947743468,1960,0.2481775999069214,,1.8775402480865665e-05,168.6302647399989
0.4679334916864608,1970,0.2775424480438232,,1.8757807688924078e-05,169.5122005409994
0.47030878859857483,1980,0.32197468280792235,,1.8740212896982494e-05,170.3313684199984
0.47268408551068886,1990,0.3140360593795776,,1.872261810504091e-05,171.1914017629988
0.4750593824228028,2000,0.32199883460998535,,1.8705023313099323e-05,172.05624645999887
0.47743467933491684,2010,0.2809422969818115,,1.868742852115774e-05,172.93733890600015
0.47980997624703087,2020,0.32150156497955323,,1.8669833729216152e-05,173.79668922499877
0.4821852731591449,2030,0.3772187948226929,,1.8652238937274568e-05,174.6148655349989
0.4845605700712589,2040,0.2780193090438843,,1.8634644145332985e-05,175.44600500900015
0.48693586698337293,2050,0.3606379985809326,,1.8617049353391397e-05,176.31148289599878
0.48931116389548696,2060,0.2792306423187256,,1.8599454561449814e-05,177.19154295399858
0.4916864608076009,2070,0.23864622116088868,,1.8581859769508227e-05,178.190397381999
0.49406175771971494,2080,0.31223981380462645,,1.8564264977566643e-05,179.0984931359999
0.49643705463182897,2090,0.2815929651260376,,1.854667018562506e-05,180.071814859999
0.498812351543943,2100,0.3195072650909424,,1.8529075393683472e-05,180.9120350919984
0.501187648456057,2110,0.3295808553695679,,1.8511480601741888e-05,181.75520159000007
0.503562945368171,2120,0.25026984214782716,,1.84938858098003e-05,182.60782400599965
0.505938242280285,2130,0.27335505485534667,,1.8476291017858717e-05,183.5758033359998
0.5083135391923991,2140,0.31096882820129396,,1.845869622591713e-05,184.47179753399905
0.5106888361045131,2150,0.20931813716888428,,1.8441101433975546e-05,185.35051129400017
0.5130641330166271,2160,0.31602180004119873,,1.842350664203396e-05,186.27223699499882
0.5154394299287411,2170,0.25832014083862304,,1.8405911850092376e-05,187.1362718729997
0.517814726840855,2180,0.2301564931869507,,1.838831705815079e-05,188.01426206699944
0.5201900237529691,2190,0.27560927867889407,,1.8370722266209205e-05,188.86769616799938
0.5225653206650831,2200,0.29808218479156495,,1.8353127474267618e-05,189.6895776579986
0.5249406175771971,2210,0.2579501628875732,,1.8335532682326034e-05,190.56612830199992
0.5273159144893111,2220,0.22085494995117189,,1.8317937890384447e-05,191.48029645599854
0.5296912114014252,2230,0.25118269920349123,,1.8300343098442863e-05,192.33197664499858
0.5320665083135392,2240,0.2825051546096802,,1.8282748306501276e-05,193.20443617599994
0.5344418052256532,2250,0.2518178462982178,,1.8265153514559692e-05,194.1513848149989
0.5368171021377672,2260,0.32085256576538085,,1.8247558722618105e-05,194.9606581809985
0.5391923990498813,2270,0.21005644798278808,,1.822996393067652e-05,195.78178466999998
0.5415676959619953,2280,0.3409900188446045,,1.8212369138734934e-05,196.64219985399905
0.5439429928741093,2290,0.23605687618255616,,1.819477434679335e-05,197.47292593599923
0.5463182897862233,2300,0.2390526056289673,,1.8177179554851767e-05,198.32215433599958
0.5486935866983373,2310,0.19868881702423097,,1.815958476291018e-05,199.14810812699943
0.5510688836104513,2320,0.36016054153442384,,1.8141989970968596e-05,200.0317555699985
0.5534441805225653,2330,0.2841909646987915,,1.812439517902701e-05,200.91821378199893
0.5558194774346793,2340,0.2303175449371338,,1.8106800387085425e-05,201.727754481999
0.5581947743467933,2350,0.36227846145629883,,1.808920559514384e-05,202.63246185199932
0.5605700712589073,2360,0.2189718723297119,,1.8071610803202254e-05,203.51110614800018
0.5629453681710214,2370,0.2575964450836182,,1.805401601126067e-05,204.3804230149999
0.5653206650831354,2380,0.23938779830932616,,1.8036421219319083e-05,205.2792726409989
0.5676959619952494,2390,0.3306629180908203,,1.80188264273775e-05,206.07462986999963
0.5700712589073634,2400,0.27207651138305666,,1.8001231635435912e-05,206.90491066100003
0.5724465558194775,2410,0.18616623878479005,,1.798363684349433e-05,207.8249909899987
0.5748218527315915,2420,0.2567535638809204,,1.796604205155274e-05,208.6765326629993
0.5771971496437055,2430,0.22740325927734376,,1.7948447259611158e-05,209.47117505200004
0.5795724465558195,2440,0.2790826320648193,,1.793085246766957e-05,210.39443762599876
0.5819477434679335,2450,0.26516783237457275,,1.7913257675727987e-05,211.20498491799844
0.5843230403800475,2460,0.2974050521850586,,1.78956628837864e-05,212.08286659199985
0.5866983372921615,2470,0.2531351804733276,,1.7878068091844816e-05,212.86013424699922
0.5890736342042755,2480,0.2827511548995972,,1.786047329990323e-05,213.7112279619996
0.5914489311163895,2490,0.19928977489471436,,1.7842878507961645e-05,214.51308227599839
0.5938242280285035,2500,0.30929381847381593,,1.7825283716020058e-05,215.25100345200008
0.5961995249406176,2510,0.2557645559310913,,1.7807688924078474e-05,216.1366904739989
0.5985748218527316,2520,0.27506213188171386,,1.7790094132136887e-05,216.97735384099906
0.6009501187648456,2530,0.30878262519836425,,1.7772499340195303e-05,217.82378187999893
0.6033254156769596,2540,0.20561642646789552,,1.7754904548253716e-05,218.75882877999902
0.6057007125890737,2550,0.29666872024536134,,1.7737309756312132e-05,219.67698046899932
0.6080760095011877,2560,0.3467378616333008,,1.7719714964370545e-05,220.48944929299978
0.6104513064133017,2570,0.2402707815170288,,1.770212017242896e-05,221.348154805999
0.6128266033254157,2580,0.25103368759155276,,1.7684525380487378e-05,222.14720923200002
0.6152019002375297,2590,0.34443323612213134,,1.766693058854579e-05,222.9810872069993
0.6175771971496437,2600,0.228525710105896,,1.7649335796604207e-05,223.8337073849998
0.6199524940617577,2610,0.2524093151092529,,1.7631741004662623e-05,224.66608175599868
0.6223277909738717,2620,0.3005451917648315,,1.7614146212721036e-05,225.56250849800017
0.6247030878859857,2630,0.36281960010528563,,1.7596551420779452e-05,226.42935667299935
0.6270783847980997,2640,0.2617133378982544,,1.7578956628837865e-05,227.20319334099986
0.6294536817102138,2650,0.304810094833374,,1.756136183689628e-05,228.10556422899936
0.6318289786223278,2660,0.3184495210647583,,1.7543767044954694e-05,228.9470989040001
0.6342042755344418,2670,0.26651122570037844,,1.752617225301311e-05,229.88836186299886
0.6365795724465558,2680,0.22464268207550048,,1.7508577461071527e-05,230.84648642799948
0.6389548693586699,2690,0.24088985919952394,,1.749098266912994e-05,231.80958046399974
0.6413301662707839,2700,0.21933653354644775,,1.7473387877188356e-05,232.65921688199887
0.6437054631828979,2710,0.2665770769119263,,1.745579308524677e-05,233.51283469099872
0.6460807600950119,2720,0.4013982772827148,,1.7438198293305185e-05,234.36767625099856
0.6484560570071259,2730,0.24338223934173583,,1.7420603501363598e-05,235.21357911999985
0.6508313539192399,2740,0.1940850019454956,,1.7403008709422014e-05,236.03757433399915
0.6532066508313539,2750,0.3169519901275635,,1.7385413917480427e-05,236.90975169400008
0.6555819477434679,2760,0.3349578619003296,,1.7367819125538843e-05,237.81185871199887
0.6579572446555819,2770,0.2883739471435547,,1.7350224333597256e-05,238.76210071700007
0.6603325415676959,2780,0.2611492395401001,,1.7332629541655672e-05,239.73237130399866
0.66270783847981,2790,0.2755370378494263,,1.7315034749714085e-05,240.57318662899888
0.665083135391924,2800,0.23551573753356933,,1.72974399577725e-05,241.50324271299905
0.667458432304038,2810,0.24535999298095704,,1.7279845165830914e-05,242.36994191199847
0.669833729216152,2820,0.3086200952529907,,1.726225037388933e-05,243.24187106599857
0.672209026128266,2830,0.26254026889801024,,1.7244655581947743e-05,244.00615124599972
0.6745843230403801,2840,0.3538963317871094,,1.722706079000616e-05,244.8741402529995
0.6769596199524941,2850,0.21862478256225587,,1.7209465998064573e-05,245.72954016599942
0.6793349168646081,2860,0.3653151512145996,,1.719187120612299e-05,246.77431480499945
0.6817102137767221,2870,0.2673821449279785,,1.71742764141814e-05,247.5758783579986
0.684085510688836,2880,0.29215638637542723,,1.7156681622239818e-05,248.49195920799866
0.6864608076009501,2890,0.2891697406768799,,1.7139086830298234e-05,249.44682217399895
0.6888361045130641,2900,0.19859129190444946,,1.7121492038356647e-05,250.3351178569992
0.6912114014251781,2910,0.37075204849243165,,1.7103897246415063e-05,251.13015865499983
0.6935866983372921,2920,0.2943073034286499,,1.708630245447348e-05,251.9023072429991
0.6959619952494062,2930,0.2936655282974243,,1.7068707662531892e-05,252.8420219949985
0.6983372921615202,2940,0.3163422107696533,,1.705111287059031e-05,253.63410803999977
0.7007125890736342,2950,0.2495514154434204,,1.703351807864872e-05,254.54843110099864
0.7030878859857482,2960,0.2054891586303711,,1.7015923286707138e-05,255.48011410899926
0.7054631828978623,2970,0.28716158866882324,,1.699832849476555e-05,256.33051986699866
0.7078384798099763,2980,0.22243907451629638,,1.6980733702823967e-05,257.28311620299974
0.7102137767220903,2990,0.33646454811096194,,1.696313891088238e-05,258.21928886599926
0.7125890736342043,3000,0.2960026979446411,,1.6945544118940796e-05,259.09171968899864
0.7149643705463183,3010,0.24311537742614747,,1.692794932699921e-05,259.9626848879998
0.7173396674584323,3020,0.22074079513549805,,1.6910354535057625e-05,260.82117308599845
0.7197149643705463,3030,0.19751477241516113,,1.6892759743116038e-05,261.6424541589986
0.7220902612826603,3040,0.21764814853668213,,1.6875164951174454e-05,262.546218079
0.7244655581947743,3050,0.3767143964767456,,1.6857570159232867e-05,263.3592376029992
0.7268408551068883,3060,0.27610049247741697,,1.6839975367291283e-05,264.20699400800004
0.7292161520190024,3070,0.21568698883056642,,1.6822380575349696e-05,264.99537442899964
0.7315914489311164,3080,0.23359718322753906,,1.6804785783408113e-05,265.78770808599984
0.7339667458432304,3090,0.31889939308166504,,1.6787190991466525e-05,266.6601544159985
0.7363420427553444,3100,0.29207446575164797,,1.676959619952494e-05,267.5411801599985
0.7387173396674585,3110,0.35712804794311526,,1.6752001407583355e-05,268.3706097719987
0.7410926365795725,3120,0.25602700710296633,,1.673440661564177e-05,269.2142943379986
0.7434679334916865,3130,0.2855676651000977,,1.6716811823700184e-05,270.0516927129993
0.7458432304038005,3140,0.2446540355682373,,1.66992170317586e-05,270.8823091969989
0.7482185273159145,3150,0.3338025093078613,,1.6681622239817016e-05,271.77946996899846
0.7505938242280285,3160,0.3469720363616943,,1.666402744787543e-05,272.71811449099914
0.7529691211401425,3170,0.2564497947692871,,1.6646432655933845e-05,273.5233098009994
0.7553444180522565,3180,0.29684743881225584,,1.6628837863992258e-05,274.4092551759986
0.7577197149643705,3190,0.2822897434234619,,1.6611243072050674e-05,275.2887961789984
0.7600950118764845,3200,0.2703449249267578,,1.659364828010909e-05,276.1384910149991
0.7624703087885986,3210,0.25147960186004636,,1.6576053488167504e-05,276.94320163299926
0.7648456057007126,3220,0.16475722789764405,,1.655845869622592e-05,277.74113853699964
0.7672209026128266,3230,0.2523373603820801,,1.6540863904284333e-05,278.7089089989986
0.7695961995249406,3240,0.2790109634399414,,1.652326911234275e-05,279.4336912439994
0.7719714964370546,3250,0.2628153085708618,,1.6505674320401162e-05,280.27654930399876
0.7743467933491687,3260,0.28188414573669435,,1.6488079528459578e-05,281.15601918099856
0.7767220902612827,3270,0.3120089054107666,,1.647048473651799e-05,282.09861656199973
0.7790973871733967,3280,0.28119769096374514,,1.6452889944576407e-05,282.9735098839992
0.7814726840855107,3290,0.21719532012939452,,1.643529515263482e-05,283.95247415499944
0.7838479809976246,3300,0.24218955039978027,,1.6417700360693236e-05,284.7178963039987
0.7862232779097387,3310,0.27496316432952883,,1.6400105568751653e-05,285.5693954849994
0.7885985748218527,3320,0.24643411636352539,,1.6382510776810065e-05,286.3355827839987
0.7909738717339667,3330,0.1889748454093933,,1.6364915984868482e-05,287.19360452899855
0.7933491686460807,3340,0.22884249687194824,,1.6347321192926895e-05,288.0642106409996
0.7957244655581948,3350,0.3007480621337891,,1.632972640098531e-05,288.8954899759992
0.7980997624703088,3360,0.17381960153579712,,1.6312131609043724e-05,289.7170904309987
0.8004750593824228,3370,0.2373899221420288,,1.629453681710214e-05,290.66314459899877
0.8028503562945368,3380,0.3672391176223755,,1.6276942025160553e-05,291.4811091929987
0.8052256532066508,3390,0.31822190284729,,1.625934723321897e-05,292.3218001369987
0.8076009501187649,3400,0.3211324214935303,,1.6241752441277382e-05,293.1597155419986
0.8099762470308789,3410,0.3027520179748535,,1.6224157649335798e-05,293.9804351189996
0.8123515439429929,3420,0.23373985290527344,,1.620656285739421e-05,294.8700047479997
0.8147268408551069,3430,0.3001935720443726,,1.6188968065452627e-05,295.77463049499966
0.8171021377672208,3440,0.27630956172943116,,1.617137327351104e-05,296.5758204499998
0.8194774346793349,3450,0.34060399532318114,,1.6153778481569456e-05,297.4688119279999
0.8218527315914489,3460,0.2873743772506714,,1.6136183689627873e-05,298.45816201900016
0.8242280285035629,3470,0.3219578742980957,,1.6118588897686286e-05,299.2362430079993
0.8266033254156769,3480,0.25742206573486326,,1.6100994105744702e-05,300.18649550699956
0.828978622327791,3490,0.19833484888076783,,1.6083399313803115e-05,301.06353766699976
0.831353919239905,3500,0.21927399635314943,,1.606580452186153e-05,302.077316425999
0.833729216152019,3510,0.30660457611083985,,1.6048209729919947e-05,303.0132279539994
0.836104513064133,3520,0.31625797748565676,,1.603061493797836e-05,303.98800347199904
0.838479809976247,3530,0.2800931930541992,,1.6013020146036776e-05,304.88168313799906
0.8408551068883611,3540,0.30017235279083254,,1.599542535409519e-05,305.78919866199976
0.8432304038004751,3550,0.227742338180542,,1.5977830562153605e-05,306.6235932159998
0.8456057007125891,3560,0.3002828598022461,,1.596023577021202e-05,307.4179168169994
0.8479809976247031,3570,0.2905266761779785,,1.5942640978270435e-05,308.29321513099967
0.850356294536817,3580,0.17634129524230957,,1.5925046186328847e-05,309.15604367800006
0.8527315914489311,3590,0.21846411228179932,,1.5907451394387264e-05,310.15303888000017
0.8551068883610451,3600,0.3402835845947266,,1.5889856602445677e-05,311.076579175
0.8574821852731591,3610,0.3340843677520752,,1.5872261810504093e-05,311.93427363199953
0.8598574821852731,3620,0.2621041774749756,,1.5854667018562506e-05,312.7883835759985
0.8622327790973872,3630,0.24746551513671874,,1.5837072226620922e-05,313.58623438299946
0.8646080760095012,3640,0.20866591930389405,,1.5819477434679335e-05,314.4661174539997
0.8669833729216152,3650,0.15488435029983522,,1.580188264273775e-05,315.39895481999883
0.8693586698337292,3660,0.2225170612335205,,1.5784287850796164e-05,316.3161965449999
0.8717339667458432,3670,0.19148313999176025,,1.576669305885458e-05,317.1449701299989
0.8741092636579573,3680,0.20828661918640137,,1.5749098266912993e-05,318.06448893499874
0.8764845605700713,3690,0.3189481973648071,,1.573150347497141e-05,318.9610961419985
0.8788598574821853,3700,0.2555651903152466,,1.5713908683029822e-05,319.8329419059992
0.8812351543942993,3710,0.2900949239730835,,1.569631389108824e-05,320.6440392959994
0.8836104513064132,3720,0.3263019323348999,,1.5678719099146655e-05,321.4359085159995
0.8859857482185273,3730,0.20844786167144774,,1.5661124307205068e-05,322.2349153269988
0.8883610451306413,3740,0.2342080593109131,,1.5643529515263484e-05,323.1994048339984
0.8907363420427553,3750,0.2652376413345337,,1.5625934723321897e-05,324.0291708659988
0.8931116389548693,3760,0.24547851085662842,,1.5608339931380313e-05,324.958143713
0.8954869358669834,3770,0.2845705270767212,,1.559074513943873e-05,325.792457861
0.8978622327790974,3780,0.3114811420440674,,1.5573150347497142e-05,326.58386367099956
0.9002375296912114,3790,0.2202603578567505,,1.555555555555556e-05,327.4970629619984
0.9026128266033254,3800,0.2682641983032227,,1.553796076361397e-05,328.3792527829992
0.9049881235154394,3810,0.2997809171676636,,1.5520365971672387e-05,329.21119461299895
0.9073634204275535,3820,0.23743510246276855,,1.55027711797308e-05,330.06612657299956
0.9097387173396675,3830,0.2173473358154297,,1.5485176387789217e-05,330.86979780899856
0.9121140142517815,3840,0.23475489616394044,,1.546758159584763e-05,331.7856014629997
0.9144893111638955,3850,0.24581751823425294,,1.5449986803906046e-05,332.70166478099964
0.9168646080760094,3860,0.27206029891967776,,1.543239201196446e-05,333.51715598400006
0.9192399049881235,3870,0.22307076454162597,,1.5414797220022875e-05,334.2810146519987
0.9216152019002375,3880,0.32069573402404783,,1.5397202428081288e-05,335.1349487489988
0.9239904988123515,3890,0.23883397579193116,,1.5379607636139704e-05,335.98700635599926
0.9263657957244655,3900,0.13075746297836305,,1.5362012844198117e-05,336.80215240399957
0.9287410926365796,3910,0.26404144763946535,,1.5344418052256533e-05,337.7115747689986
0.9311163895486936,3920,0.21458919048309327,,1.5326823260314946e-05,338.5202564889987
0.9334916864608076,3930,0.2960500717163086,,1.5309228468373362e-05,339.4089008869996
0.9358669833729216,3940,0.31758875846862794,,1.529163367643178e-05,340.268069071999
0.9382422802850356,3950,0.25094292163848875,,1.527403888449019e-05,341.1409282349996
0.9406175771971497,3960,0.24471650123596192,,1.5256444092548608e-05,341.923745565
0.9429928741092637,3970,0.23614044189453126,,1.5238849300607022e-05,342.72550593599954
0.9453681710213777,3980,0.22378013134002686,,1.5221254508665437e-05,343.5693807099997
0.9477434679334917,3990,0.2896160364151001,,1.5203659716723851e-05,344.3905120769996
0.9501187648456056,4000,0.37715673446655273,,1.5186064924782268e-05,345.23135585899945
0.9524940617577197,4010,0.20039186477661133,,1.516847013284068e-05,346.1031050490001
0.9548693586698337,4020,0.25038025379180906,,1.5150875340899097e-05,347.0224813770001
0.9572446555819477,4030,0.2259752035140991,,1.513328054895751e-05,347.8387745259988
0.9596199524940617,4040,0.30891482830047606,,1.5115685757015926e-05,348.6250509900001
0.9619952494061758,4050,0.2804850101470947,,1.5098090965074339e-05,349.5302903269985
0.9643705463182898,4060,0.24319744110107422,,1.5080496173132755e-05,350.38437718299974
0.9667458432304038,4070,0.19338903427124024,,1.5062901381191168e-05,351.2837662519996
0.9691211401425178,4080,0.3306998014450073,,1.5045306589249584e-05,352.1450923429984
0.9714964370546318,4090,0.29199771881103515,,1.5027711797307999e-05,353.10360998399847
0.9738717339667459,4100,0.17911052703857422,,1.5010117005366413e-05,353.9710920279995
0.9762470308788599,4110,0.3025193214416504,,1.4992522213424828e-05,354.8807332259985
0.9786223277909739,4120,0.30498130321502687,,1.4974927421483242e-05,355.743343574999
0.9809976247030879,4130,0.20730173587799072,,1.4957332629541657e-05,356.51116822199947
0.9833729216152018,4140,0.268838095664978,,1.4939737837600073e-05,357.3142005949994
0.9857482185273159,4150,0.2489910364151001,,1.4922143045658486e-05,358.1275575330001
0.9881235154394299,4160,0.2296048402786255,,1.4904548253716902e-05,358.9766665919997
0.9904988123515439,4170,0.30933470726013185,,1.4886953461775315e-05,359.7440815869995
0.9928741092636579,4180,0.20301315784454346,,1.4869358669833731e-05,360.63553200800015
0.995249406175772,4190,0.2837942600250244,,1.4851763877892144e-05,361.5114876049993
0.997624703087886,4200,0.2945739984512329,,1.483416908595056e-05,362.4123452059994
1.0,4210,0.29822254180908203,,1.4816574294008973e-05,363.20410091699887
1.0,4210,,0.25889211893081665,,365.7468664349999
1.002375296912114,4220,0.29016387462615967,,1.479897950206739e-05,367.2586348169989
1.004750593824228,4230,0.2416104793548584,,1.4781384710125804e-05,368.06511716599925
1.007125890736342,4240,0.2667225360870361,,1.4763789918184219e-05,369.05573814799936
1.009501187648456,4250,0.18195576667785646,,1.4746195126242633e-05,369.812239289
1.01187648456057,4260,0.3086759090423584,,1.4728600334301048e-05,370.64451470699896
1.0142517814726841,4270,0.27352232933044435,,1.4711005542359462e-05,371.56241624499853
1.0166270783847982,4280,0.23664457798004152,,1.4693410750417879e-05,372.3750935069984
1.0190023752969122,4290,0.2665973901748657,,1.4675815958476292e-05,373.09441520899964
1.0213776722090262,4300,0.27204070091247556,,1.4658221166534708e-05,373.8820478559992
1.0237529691211402,4310,0.27275207042694094,,1.464062637459312e-05,374.7977454699994
1.0261282660332542,4320,0.20897953510284423,,1.4623031582651537e-05,375.62840868999956
1.0285035629453683,4330,0.25977239608764646,,1.460543679070995e-05,376.4272446260002
1.0308788598574823,4340,0.23011298179626466,,1.4587841998768366e-05,377.25947802299925
1.0332541567695963,4350,0.24682965278625488,,1.4570247206826779e-05,378.0788765489997
1.03562945368171,4360,0.24943463802337645,,1.4552652414885195e-05,378.9783159819999
1.0380047505938241,4370,0.35113413333892823,,1.453505762294361e-05,379.8263390859993
1.0403800475059382,4380,0.2763843536376953,,1.4517462831002024e-05,380.6069448299986
1.0427553444180522,4390,0.2740666151046753,,1.4499868039060439e-05,381.44854756899986
1.0451306413301662,4400,0.2689960479736328,,1.4482273247118855e-05,382.3171514099995
1.0475059382422802,4410,0.2533150911331177,,1.4464678455177268e-05,383.1484103449984
1.0498812351543942,4420,0.21810657978057862,,1.4447083663235684e-05,384.13294469099856
1.0522565320665083,4430,0.23530328273773193,,1.4429488871294097e-05,385.01886190999903
1.0546318289786223,4440,0.2664080381393433,,1.4411894079352513e-05,385.77008770700013
1.0570071258907363,4450,0.30964996814727785,,1.4394299287410926e-05,386.5944263459987
1.0593824228028503,4460,0.21714673042297364,,1.4376704495469342e-05,387.51400757899864
1.0617577197149644,4470,0.25870566368103026,,1.4359109703527755e-05,388.40227500199944
1.0641330166270784,4480,0.2074836015701294,,1.4341514911586172e-05,389.2476356449988
1.0665083135391924,4490,0.31915161609649656,,1.4323920119644586e-05,390.1570524709987
1.0688836104513064,4500,0.2699404239654541,,1.4306325327703e-05,391.16463838099844
1.0712589073634204,4510,0.3001396656036377,,1.4288730535761415e-05,392.05322276900006
1.0736342042755345,4520,0.28271024227142333,,1.427113574381983e-05,392.8967773839995
1.0760095011876485,4530,0.2209397554397583,,1.4253540951878244e-05,393.7544201309993
1.0783847980997625,4540,0.19982925653457642,,1.423594615993666e-05,394.632642904
1.0807600950118765,4550,0.26645631790161134,,1.4218351367995074e-05,395.5125764309996
1.0831353919239906,4560,0.3577748775482178,,1.420075657605349e-05,396.3601497999989
1.0855106888361046,4570,0.22509386539459228,,1.4183161784111904e-05,397.22357623599964
1.0878859857482186,4580,0.2211181640625,,1.4165566992170319e-05,398.12930302699897
1.0902612826603326,4590,0.2209075689315796,,1.4147972200228735e-05,399.010401522999
1.0926365795724466,4600,0.24364938735961914,,1.4130377408287148e-05,399.85101158499856
1.0950118764845607,4610,0.22970225811004638,,1.4112782616345564e-05,400.7305567120002
1.0973871733966747,4620,0.2868079662322998,,1.4095187824403977e-05,401.559796006999
1.0997624703087885,4630,0.24372663497924804,,1.4077593032462393e-05,402.51026991599974
1.1021377672209025,4640,0.2842798948287964,,1.4059998240520806e-05,403.32858287199997
1.1045130641330165,4650,0.24559121131896972,,1.4042403448579223e-05,404.147419085999
1.1068883610451306,4660,0.2014676809310913,,1.4024808656637635e-05,404.9090975759991
1.1092636579572446,4670,0.16144266128540039,,1.4007213864696052e-05,405.6945503529987
1.1116389548693586,4680,0.1813693404197693,,1.3989619072754466e-05,406.6374743359993
1.1140142517814726,4690,0.20865674018859864,,1.397202428081288e-05,407.52574500099945
1.1163895486935866,4700,0.25293378829956054,,1.3954429488871295e-05,408.35599674399964
1.1187648456057007,4710,0.3145704746246338,,1.3936834696929712e-05,409.20453044199894
1.1211401425178147,4720,0.22942848205566407,,1.3919239904988124e-05,410.12649882799997
1.1235154394299287,4730,0.22645294666290283,,1.390164511304654e-05,411.00292398799866
1.1258907363420427,4740,0.21359140872955323,,1.3884050321104954e-05,411.81021707799846
1.1282660332541568,4750,0.29298474788665774,,1.386645552916337e-05,412.6453573939998
1.1306413301662708,4760,0.2636662483215332,,1.3848860737221783e-05,413.46870678599953
1.1330166270783848,4770,0.18097506761550902,,1.3831265945280199e-05,414.3889990970001
1.1353919239904988,4780,0.23863482475280762,,1.3813671153338612e-05,415.35248993799905
1.1377672209026128,4790,0.2570833921432495,,1.3796076361397028e-05,416.2354182449999
1.1401425178147269,4800,0.2391188144683838,,1.3778481569455443e-05,417.0847122539999
1.1425178147268409,4810,0.29103567600250246,,1.3760886777513857e-05,417.94730472099945
1.144893111638955,4820,0.2416316032409668,,1.3743291985572272e-05,418.86114518999966
1.147268408551069,4830,0.3414860486984253,,1.3725697193630686e-05,419.79223452899896
1.149643705463183,4840,0.20308279991149902,,1.3708102401689101e-05,420.72973946899947
1.152019002375297,4850,0.20059556961059571,,1.3690507609747517e-05,421.54904691699994
1.154394299287411,4860,0.2752197504043579,,1.367291281780593e-05,422.4524504129986
1.156769596199525,4870,0.24419596195220947,,1.3655318025864346e-05,423.3060702899984
1.159144893111639,4880,0.2828234672546387,,1.363772323392276e-05,424.19812771799843
1.161520190023753,4890,0.24178333282470704,,1.3620128441981175e-05,424.98912253099843
1.1638954869358669,4900,0.2752600908279419,,1.3602533650039588e-05,425.8184272419985
1.166270783847981,4910,0.2552257776260376,,1.3584938858098005e-05,426.7074349839986
1.168646080760095,4920,0.19567208290100097,,1.3567344066156417e-05,427.5534072649989
1.171021377672209,4930,0.30374879837036134,,1.3549749274214834e-05,428.426455457
1.173396674584323,4940,0.26138715744018554,,1.3532154482273248e-05,429.35883785699843
1.175771971496437,4950,0.2559030055999756,,1.3514559690331663e-05,430.2897538849993
1.178147268408551,4960,0.17914981842041017,,1.3496964898390077e-05,431.1426860470001
1.180522565320665,4970,0.23648295402526856,,1.3479370106448492e-05,432.03570788399884
1.182897862232779,4980,0.26722643375396726,,1.3461775314506906e-05,432.91451331499957
1.185273159144893,4990,0.3166733980178833,,1.3444180522565323e-05,433.72838414799844
1.187648456057007,5000,0.18957315683364867,,1.3426585730623736e-05,434.69321443599983
1.190023752969121,5010,0.25002498626708985,,1.3408990938682152e-05,435.5327347169987
1.1923990498812351,5020,0.306945276260376,,1.3391396146740565e-05,436.3587669539993
1.1947743467933492,5030,0.2157595634460449,,1.3373801354798981e-05,437.1562673289991
1.1971496437054632,5040,0.2236846923828125,,1.3356206562857394e-05,438.06381262299874
1.1995249406175772,5050,0.28091237545013426,,1.333861177091581e-05,438.9190505890001
1.2019002375296912,5060,0.20977766513824464,,1.3321016978974225e-05,439.77203469599954
1.2042755344418052,5070,0.21028754711151124,,1.330342218703264e-05,440.6343261559996
1.2066508313539193,5080,0.30625271797180176,,1.3285827395091054e-05,441.48772155000006
1.2090261282660333,5090,0.2534442186355591,,1.3268232603149468e-05,442.3907917339984
1.2114014251781473,5100,0.2674564838409424,,1.3250637811207883e-05,443.1875333359985
1.2137767220902613,5110,0.26521315574646,,1.32330430192663e-05,444.13569262499914
1.2161520190023754,5120,0.18130661249160768,,1.3215448227324712e-05,444.96627803799856
1.2185273159144894,5130,0.23267810344696044,,1.3197853435383128e-05,445.808896003
1.2209026128266034,5140,0.16932629346847533,,1.3180258643441541e-05,446.6621297929996
1.2232779097387174,5150,0.3125934600830078,,1.3162663851499957e-05,447.4925733939999
1.2256532066508314,5160,0.2699670076370239,,1.314506905955837e-05,448.37585024500004
1.2280285035629455,5170,0.23884158134460448,,1.3127474267616787e-05,449.181029383999
1.2304038004750595,5180,0.2531821489334106,,1.31098794756752e-05,449.97675967399846
1.2327790973871733,5190,0.22917795181274414,,1.3092284683733616e-05,450.78285248799875
1.2351543942992875,5200,0.322377347946167,,1.307468989179203e-05,451.71940799099866
1.2375296912114013,5210,0.2549610614776611,,1.3057095099850445e-05,452.55771593200006
1.2399049881235154,5220,0.24330692291259765,,1.3039500307908861e-05,453.3725276819987
1.2422802850356294,5230,0.21799774169921876,,1.3021905515967274e-05,454.2495503029986
1.2446555819477434,5240,0.2611576795578003,,1.300431072402569e-05,455.15468734099886
1.2470308788598574,5250,0.3060240030288696,,1.2986715932084105e-05,455.99842331199943
1.2494061757719714,5260,0.282642126083374,,1.296912114014252e-05,456.9019062999996
1.2517814726840855,5270,0.27586894035339354,,1.2951526348200934e-05,457.67132699799913
1.2541567695961995,5280,0.21447033882141114,,1.2933931556259348e-05,458.4592496819987
1.2565320665083135,5290,0.21832771301269532,,1.2916336764317763e-05,459.3428462819993
1.2589073634204275,5300,0.27707419395446775,,1.289874197237618e-05,460.2342256159991
1.2612826603325415,5310,0.23804903030395508,,1.2881147180434592e-05,461.0232007099985
1.2636579572446556,5320,0.27533516883850095,,1.2863552388493008e-05,461.88386062799873
1.2660332541567696,5330,0.2903308391571045,,1.2845957596551421e-05,462.7528368809999
1.2684085510688836,5340,0.26788806915283203,,1.2828362804609837e-05,463.5834830039985
1.2707838479809976,5350,0.22688400745391846,,1.281076801266825e-05,464.3975234239988
1.2731591448931117,5360,0.32333688735961913,,1.2793173220726667e-05,465.28673790599896
1.2755344418052257,5370,0.3101013660430908,,1.2775578428785081e-05,466.12312348399973
1.2779097387173397,5380,0.19674792289733886,,1.2757983636843496e-05,466.9028823079989
1.2802850356294537,5390,0.22319765090942384,,1.274038884490191e-05,467.72512065499905
1.2826603325415677,5400,0.2589059352874756,,1.2722794052960325e-05,468.57145231899995
1.2850356294536818,5410,0.27017762660980227,,1.270519926101874e-05,469.4338260989989
1.2874109263657958,5420,0.2105353593826294,,1.2687604469077156e-05,470.2577068589999
1.2897862232779098,5430,0.25521986484527587,,1.2670009677135569e-05,471.16490957399947
1.2921615201900236,5440,0.18850278854370117,,1.2652414885193985e-05,471.9833169049998
1.2945368171021379,5450,0.29819796085357664,,1.2634820093252398e-05,472.8708142839987
1.2969121140142517,5460,0.23017218112945556,,1.2617225301310814e-05,473.7765468669986
1.299287410926366,5470,0.2670403480529785,,1.2599630509369227e-05,474.6724956090002
1.3016627078384797,5480,0.26942284107208253,,1.2582035717427643e-05,475.4601911949994
1.304038004750594,5490,0.26203160285949706,,1.2564440925486056e-05,476.3776659849991
1.3064133016627077,5500,0.2217686653137207,,1.2546846133544472e-05,477.2677242849986
1.3087885985748218,5510,0.24693872928619384,,1.2529251341602887e-05,478.17438224299985
1.3111638954869358,5520,0.22840452194213867,,1.2511656549661301e-05,479.05113701699884
1.3135391923990498,5530,0.2063047170639038,,1.2494061757719716e-05,479.9389917899989
1.3159144893111638,5540,0.2782789945602417,,1.247646696577813e-05,480.79647939499955
1.3182897862232779,5550,0.23957397937774658,,1.2458872173836545e-05,481.6646160729997
1.3206650831353919,5560,0.22819087505340577,,1.2441277381894961e-05,482.5452581819991
1.323040380047506,5570,0.27136380672454835,,1.2423682589953374e-05,483.44234390699967
1.32541567695962,5580,0.28154902458190917,,1.240608779801179e-05,484.3698706469986
1.327790973871734,5590,0.18873465061187744,,1.2388493006070203e-05,485.2142672229984
1.330166270783848,5600,0.23260881900787353,,1.237089821412862e-05,486.09591343699867
1.332541567695962,5610,0.2295010805130005,,1.2353303422187032e-05,486.92183794599987
1.334916864608076,5620,0.2701636791229248,,1.2335708630245449e-05,487.811418837
1.33729216152019,5630,0.23077108860015869,,1.2318113838303861e-05,488.75472869799887
1.339667458432304,5640,0.2690747737884521,,1.2300519046362278e-05,489.63642850499855
1.342042755344418,5650,0.16016702651977538,,1.2282924254420692e-05,490.5509548889986
1.344418052256532,5660,0.22729508876800536,,1.2265329462479107e-05,491.40765332699993
1.3467933491686461,5670,0.30180814266204836,,1.2247734670537521e-05,492.3866002269988
1.3491686460807601,5680,0.17407560348510742,,1.2230139878595938e-05,493.2656604619988
1.3515439429928742,5690,0.24875025749206542,,1.221254508665435e-05,494.1519990149991
1.3539192399049882,5700,0.1711334466934204,,1.2194950294712767e-05,494.9810114459997
1.3562945368171022,5710,0.1888061285018921,,1.217735550277118e-05,495.7994853459986
1.3586698337292162,5720,0.2685551166534424,,1.2159760710829596e-05,496.66817933399943
1.36104513064133,5730,0.22112536430358887,,1.2142165918888009e-05,497.5280083109992
1.3634204275534443,5740,0.24190597534179686,,1.2124571126946425e-05,498.43310636800015
1.365795724465558,5750,0.27515244483947754,,1.2106976335004838e-05,499.20794080299856
1.3681710213776723,5760,0.2511571168899536,,1.2089381543063254e-05,500.0191701909989
1.3705463182897861,5770,0.2063516139984131,,1.2071786751121669e-05,500.9254784979985
1.3729216152019004,5780,0.2957181215286255,,1.2054191959180083e-05,501.7548918299999
1.3752969121140142,5790,0.16798485517501832,,1.2036597167238498e-05,502.5953962650001
1.3776722090261282,5800,0.13745479583740233,,1.2019002375296912e-05,503.46862092099946
1.3800475059382422,5810,0.2784698724746704,,1.2001407583355327e-05,504.3126167829996
1.3824228028503562,5820,0.22432255744934082,,1.1983812791413743e-05,505.1833178069992
1.3847980997624703,5830,0.23907890319824218,,1.1966217999472156e-05,506.0007376879985
1.3871733966745843,5840,0.23592233657836914,,1.1948623207530572e-05,506.8386108609993
1.3895486935866983,5850,0.22831571102142334,,1.1931028415588987e-05,507.63805934099946
1.3919239904988123,5860,0.24787111282348634,,1.1913433623647402e-05,508.50427192499956
1.3942992874109263,5870,0.257077693939209,,1.1895838831705818e-05,509.301381633999
1.3966745843230404,5880,0.2065481424331665,,1.187824403976423e-05,510.16358397399927
1.3990498812351544,5890,0.24280083179473877,,1.1860649247822647e-05,510.92670320899924
1.4014251781472684,5900,0.18735674619674683,,1.184305445588106e-05,511.7459383609985
1.4038004750593824,5910,0.13196356296539308,,1.1825459663939476e-05,512.6227090819993
1.4061757719714965,5920,0.26016840934753416,,1.1807864871997889e-05,513.4614860040001
1.4085510688836105,5930,0.3187880992889404,,1.1790270080056305e-05,514.2316105720001
1.4109263657957245,5940,0.2697495460510254,,1.1772675288114718e-05,515.0626912089992
1.4133016627078385,5950,0.3097015142440796,,1.1755080496173134e-05,515.879319955
1.4156769596199525,5960,0.20228931903839112,,1.1737485704231549e-05,516.7355018779999
1.4180522565320666,5970,0.20851845741271974,,1.1719890912289963e-05,517.5469151599991
1.4204275534441806,5980,0.18856140375137329,,1.1702296120348378e-05,518.3306983269995
1.4228028503562946,5990,0.21695802211761475,,1.1684701328406794e-05,519.1162398799988
1.4251781472684084,6000,0.1707628607749939,,1.1667106536465207e-05,519.8813560109993
1.4275534441805227,6010,0.16911550760269164,,1.1649511744523623e-05,520.6194920459984
1.4299287410926365,6020,0.24247851371765136,,1.1631916952582036e-05,521.4427898180002
1.4323040380047507,6030,0.26360645294189455,,1.1614322160640452e-05,522.2557959289989
1.4346793349168645,6040,0.27819075584411623,,1.1596727368698865e-05,523.0604431419997
1.4370546318289787,6050,0.2870203495025635,,1.1579132576757282e-05,523.9541432199985
1.4394299287410925,6060,0.29220378398895264,,1.1561537784815694e-05,524.8560110299986
1.4418052256532066,6070,0.3049037456512451,,1.154394299287411e-05,525.6903563319993
1.4441805225653206,6080,0.1729349136352539,,1.1526348200932525e-05,526.5525423979998
1.4465558194774346,6090,0.2809584379196167,,1.150875340899094e-05,527.4275085310001
1.4489311163895486,6100,0.19711971282958984,,1.1491158617049354e-05,528.207249051
1.4513064133016627,6110,0.22072806358337402,,1.1473563825107769e-05,529.0937884329996
1.4536817102137767,6120,0.22169969081878663,,1.1455969033166184e-05,529.9357440819986
1.4560570071258907,6130,0.2317349433898926,,1.14383742412246e-05,530.8527409299986
1.4584323040380047,6140,0.22611355781555176,,1.1420779449283013e-05,531.743691755999
1.4608076009501187,6150,0.2769537687301636,,1.1403184657341429e-05,532.6173073439986
1.4631828978622328,6160,0.2625555515289307,,1.1385589865399842e-05,533.4920871999984
1.4655581947743468,6170,0.2168891191482544,,1.1367995073458258e-05,534.3441439999988
1.4679334916864608,6180,0.1973877429962158,,1.1350400281516671e-05,535.1272717249994
1.4703087885985748,6190,0.21391193866729735,,1.1332805489575087e-05,535.9069601109986
1.4726840855106889,6200,0.23224730491638185,,1.13152106976335e-05,536.742852039999
1.4750593824228029,6210,0.24513888359069824,,1.1297615905691916e-05,537.5537437629991
1.477434679334917,6220,0.20010337829589844,,1.128002111375033e-05,538.4109218630001
1.479809976247031,6230,0.31351542472839355,,1.1262426321808745e-05,539.2613006789998
1.482185273159145,6240,0.19580864906311035,,1.124483152986716e-05,540.05352107
1.484560570071259,6250,0.24751644134521483,,1.1227236737925575e-05,540.9608901759984
1.486935866983373,6260,0.16026418209075927,,1.1209641945983989e-05,541.8033510039986
1.489311163895487,6270,0.2772576332092285,,1.1192047154042405e-05,542.7374111709996
1.491686460807601,6280,0.16889684200286864,,1.1174452362100818e-05,543.5179264369999
1.4940617577197148,6290,0.19189940690994262,,1.1156857570159234e-05,544.4645618839986
1.496437054631829,6300,0.3014581918716431,,1.1139262778217647e-05,545.3474504299993
1.4988123515439429,6310,0.15576173067092897,,1.1121667986276064e-05,546.2330716329998
1.5011876484560571,6320,0.25173494815826414,,1.1104073194334476e-05,547.0637572919986
1.503562945368171,6330,0.37135729789733884,,1.1086478402392893e-05,547.9622574459991
1.5059382422802852,6340,0.2844086170196533,,1.1068883610451307e-05,548.7716637429985
1.508313539192399,6350,0.2227952241897583,,1.1051288818509722e-05,549.7423914339997
1.5106888361045132,6360,0.22301139831542968,,1.1033694026568136e-05,550.5717280739991
1.513064133016627,6370,0.19378213882446288,,1.1016099234626551e-05,551.3240580009988
1.5154394299287413,6380,0.1871758818626404,,1.0998504442684966e-05,552.170179281
1.517814726840855,6390,0.24609153270721434,,1.0980909650743382e-05,552.9529911089994
1.520190023752969,6400,0.3548688173294067,,1.0963314858801795e-05,553.8186403499985
1.522565320665083,6410,0.24313147068023683,,1.0945720066860211e-05,554.7589531869999
1.5249406175771971,6420,0.2684300422668457,,1.0928125274918624e-05,555.664580101
1.5273159144893111,6430,0.22980642318725586,,1.091053048297704e-05,556.5171243589994
1.5296912114014252,6440,0.21423068046569824,,1.0892935691035453e-05,557.3422387069986
1.5320665083135392,6450,0.2198399543762207,,1.0875340899093869e-05,558.1932186229988
1.5344418052256532,6460,0.2767342567443848,,1.0857746107152282e-05,559.0678787859997
1.5368171021377672,6470,0.2558239459991455,,1.0840151315210698e-05,559.913675021
1.5391923990498813,6480,0.3033704996109009,,1.0822556523269115e-05,560.8505460779998
1.5415676959619953,6490,0.2687633514404297,,1.0804961731327527e-05,561.7670148259986
1.5439429928741093,6500,0.33062307834625243,,1.0787366939385944e-05,562.679646777
1.5463182897862233,6510,0.18902103900909423,,1.0769772147444357e-05,563.5562446819986
1.5486935866983373,6520,0.18232505321502684,,1.0752177355502773e-05,564.3780772989994
1.5510688836104514,6530,0.19453709125518798,,1.0734582563561187e-05,565.2034067529985
1.5534441805225652,6540,0.20559384822845458,,1.0716987771619602e-05,566.0734515549993
1.5558194774346794,6550,0.3660292387008667,,1.0699392979678016e-05,566.8722394899996
1.5581947743467932,6560,0.1899806261062622,,1.0681798187736431e-05,567.6526068539988
1.5605700712589075,6570,0.1593891501426697,,1.0664203395794846e-05,568.4730799079989
1.5629453681710213,6580,0.19054925441741943,,1.0646608603853262e-05,569.2647011589997
1.5653206650831355,6590,0.30139455795288084,,1.0629013811911675e-05,570.1378839369991
1.5676959619952493,6600,0.1985398054122925,,1.0611419019970091e-05,571.020478851
1.5700712589073635,6610,0.3023015260696411,,1.0593824228028504e-05,571.8519002859994
1.5724465558194773,6620,0.21534512042999268,,1.057622943608692e-05,572.786408082
1.5748218527315916,6630,0.2571129083633423,,1.0558634644145333e-05,573.5928003569989
1.5771971496437054,6640,0.22795255184173585,,1.054103985220375e-05,574.4438153689989
1.5795724465558196,6650,0.2526984214782715,,1.0523445060262164e-05,575.3102769569996
1.5819477434679334,6660,0.26580147743225097,,1.0505850268320578e-05,576.1983934229993
1.5843230403800475,6670,0.18780908584594727,,1.0488255476378993e-05,576.9952939629984
1.5866983372921615,6680,0.21709079742431642,,1.0470660684437407e-05,577.802591579999
1.5890736342042755,6690,0.20635573863983153,,1.0453065892495822e-05,578.6993698480001
1.5914489311163895,6700,0.2439647674560547,,1.0435471100554238e-05,579.5156973899993
1.5938242280285035,6710,0.18850964307785034,,1.0417876308612651e-05,580.4006353339992
1.5961995249406176,6720,0.12089557647705078,,1.0400281516671067e-05,581.2993762329988
1.5985748218527316,6730,0.27127761840820314,,1.038268672472948e-05,582.1329323009995
1.6009501187648456,6740,0.26475231647491454,,1.0365091932787897e-05,582.993903089
1.6033254156769596,6750,0.21002452373504638,,1.034749714084631e-05,583.8510630739984
1.6057007125890737,6760,0.2068256378173828,,1.0329902348904726e-05,584.7296267279999
1.6080760095011877,6770,0.2648507595062256,,1.0312307556963139e-05,585.5823356399997
1.6104513064133017,6780,0.34477739334106444,,1.0294712765021555e-05,586.384411097999
1.6128266033254157,6790,0.24537885189056396,,1.027711797307997e-05,587.2176765499989
1.6152019002375297,6800,0.28632616996765137,,1.0259523181138384e-05,588.0732635079985
1.6175771971496435,6810,0.23260643482208251,,1.0241928389196798e-05,588.8451317479994
1.6199524940617578,6820,0.16605477333068847,,1.0224333597255213e-05,589.7238195339996
1.6223277909738716,6830,0.27493605613708494,,1.0206738805313628e-05,590.5123653379997
1.6247030878859858,6840,0.23436667919158935,,1.0189144013372044e-05,591.2951989019984
1.6270783847980996,6850,0.25208320617675783,,1.0171549221430457e-05,592.1634369259991
1.6294536817102139,6860,0.33135428428649905,,1.0153954429488873e-05,593.0735995649993
1.6318289786223277,6870,0.25823473930358887,,1.0136359637547286e-05,594.0208703339995
1.634204275534442,6880,0.25431687831878663,,1.0118764845605702e-05,594.9852395489997
1.6365795724465557,6890,0.2277477502822876,,1.0101170053664115e-05,595.9148602519999
1.63895486935867,6900,0.3240218639373779,,1.0083575261722531e-05,596.7532815649993
1.6413301662707838,6910,0.24072744846343994,,1.0065980469780944e-05,597.5840688219996
1.643705463182898,6920,0.15836794376373292,,1.004838567783936e-05,598.3130163269998
1.6460807600950118,6930,0.21896450519561766,,1.0030790885897775e-05,599.1116805289985
1.648456057007126,6940,0.2152257204055786,,1.001319609395619e-05,599.9729873969991
1.6508313539192399,6950,0.22606515884399414,,9.995601302014604e-06,600.8438928659998
1.6532066508313539,6960,0.2156057357788086,,9.97800651007302e-06,601.8446593139997
1.655581947743468,6970,0.21925818920135498,,9.960411718131435e-06,602.7261271909993
1.657957244655582,6980,0.21127853393554688,,9.94281692618985e-06,603.5572467089987
1.660332541567696,6990,0.338008189201355,,9.925222134248264e-06,604.3116033499991
1.66270783847981,7000,0.16375309228897095,,9.907627342306679e-06,605.1542405439995
1.665083135391924,7010,0.21121153831481934,,9.890032550365093e-06,605.9950154329999
1.667458432304038,7020,0.2611830472946167,,9.872437758423508e-06,606.7616750159996
1.669833729216152,7030,0.2506337881088257,,9.854842966481922e-06,607.6615048439999
1.672209026128266,7040,0.1487480640411377,,9.837248174540337e-06,608.5461230279998
1.67458432304038,7050,0.2375095844268799,,9.819653382598751e-06,609.32819165
1.676959619952494,7060,0.22522189617156982,,9.802058590657166e-06,610.1323324869991
1.6793349168646081,7070,0.24666385650634765,,9.78446379871558e-06,610.9437504569996
1.6817102137767221,7080,0.21047735214233398,,9.766869006773995e-06,611.7921737460001
1.6840855106888362,7090,0.1975338339805603,,9.74927421483241e-06,612.6971311359994
1.68646080760095,7100,0.15118820667266847,,9.731679422890826e-06,613.5409247150001
1.6888361045130642,7110,0.2709071397781372,,9.71408463094924e-06,614.4062172469985
1.691211401425178,7120,0.17177698612213135,,9.696489839007655e-06,615.2285119289991
1.6935866983372923,7130,0.22765145301818848,,9.67889504706607e-06,616.1777857399993
1.695961995249406,7140,0.2879617214202881,,9.661300255124484e-06,617.0803720749991
1.6983372921615203,7150,0.29861788749694823,,9.643705463182899e-06,617.9844112699993
1.700712589073634,7160,0.23053743839263915,,9.626110671241313e-06,618.8159155059984
1.7030878859857483,7170,0.20104403495788575,,9.608515879299728e-06,619.6667315300001
1.7054631828978621,7180,0.3621970176696777,,9.590921087358142e-06,620.5050600959985
1.7078384798099764,7190,0.19595131874084473,,9.573326295416557e-06,621.3689709909995
1.7102137767220902,7200,0.21402299404144287,,9.555731503474971e-06,622.2641101289992
1.7125890736342044,7210,0.30658736228942873,,9.538136711533386e-06,623.1666277449986
1.7149643705463182,7220,0.2091679096221924,,9.5205419195918e-06,624.0651717639994
1.7173396674584323,7230,0.24107623100280762,,9.502947127650217e-06,624.910160804
1.7197149643705463,7240,0.27926173210144045,,9.485352335708631e-06,625.7711445079985
1.7220902612826603,7250,0.2519354820251465,,9.467757543767046e-06,626.6374210099984
1.7244655581947743,7260,0.2171764373779297,,9.45016275182546e-06,627.5556742259996
1.7268408551068883,7270,0.20573670864105226,,9.432567959883875e-06,628.352999486
1.7292161520190024,7280,0.2420424699783325,,9.41497316794229e-06,629.1766137619998
1.7315914489311164,7290,0.24863615036010742,,9.397378376000704e-06,629.9709853249988
1.7339667458432304,7300,0.19456145763397217,,9.379783584059119e-06,630.8009831899999
1.7363420427553444,7310,0.1886288046836853,,9.362188792117533e-06,631.708688749999
1.7387173396674585,7320,0.2881615161895752,,9.344594000175948e-06,632.6096007899996
1.7410926365795725,7330,0.28609533309936525,,9.326999208234362e-06,633.5065813089986
1.7434679334916865,7340,0.2189561605453491,,9.309404416292777e-06,634.394710737999
1.7458432304038005,7350,0.1973867177963257,,9.291809624351192e-06,635.2101844619992
1.7482185273159145,7360,0.26285629272460936,,9.274214832409608e-06,636.0320476010002
1.7505938242280283,7370,0.16493673324584962,,9.256620040468022e-06,636.8723524409997
1.7529691211401426,7380,0.2517589569091797,,9.239025248526437e-06,637.6474645210001
1.7553444180522564,7390,0.23988628387451172,,9.221430456584852e-06,638.4727043089988
1.7577197149643706,7400,0.16868921518325805,,9.203835664643266e-06,639.398906761
1.7600950118764844,7410,0.20862512588500975,,9.18624087270168e-06,640.3279811299999
1.7624703087885987,7420,0.16247475147247314,,9.168646080760095e-06,641.2511768949989
1.7648456057007125,7430,0.22159202098846437,,9.151051288818511e-06,642.0835413379991
1.7672209026128267,7440,0.21277999877929688,,9.133456496876926e-06,642.8984042299999
1.7695961995249405,7450,0.4256502628326416,,9.11586170493534e-06,643.688784033
1.7719714964370548,7460,0.24241104125976562,,9.098266912993755e-06,644.4815571489999
1.7743467933491686,7470,0.21649408340454102,,9.08067212105217e-06,645.3515243639995
1.7767220902612828,7480,0.29397830963134763,,9.063077329110584e-06,646.1910226209984
1.7790973871733966,7490,0.26409637928009033,,9.045482537168999e-06,647.0380521930001
1.7814726840855108,7500,0.17784968614578248,,9.027887745227413e-06,647.866740685
1.7838479809976246,7510,0.18708065748214722,,9.010292953285828e-06,648.7523998749984
1.7862232779097387,7520,0.26949386596679686,,8.992698161344243e-06,649.6210594309996
1.7885985748218527,7530,0.17118661403656005,,8.975103369402657e-06,650.4159290059997
1.7909738717339667,7540,0.23658595085144044,,8.957508577461073e-06,651.2213595859994
1.7933491686460807,7550,0.28046979904174807,,8.939913785519488e-06,652.0907814080001
1.7957244655581948,7560,0.19431840181350707,,8.922318993577902e-06,652.8636643889986
1.7980997624703088,7570,0.20810575485229493,,8.904724201636317e-06,653.7500974710001
1.8004750593824228,7580,0.23258543014526367,,8.887129409694732e-06,654.5952731529997
1.8028503562945368,7590,0.26857619285583495,,8.869534617753146e-06,655.4493870299993
1.8052256532066508,7600,0.23289997577667237,,8.85193982581156e-06,656.337531403
1.8076009501187649,7610,0.22965378761291505,,8.834345033869975e-06,657.2474270029998
1.809976247030879,7620,0.25218312740325927,,8.81675024192839e-06,658.1016752340001
1.812351543942993,7630,0.3059297323226929,,8.799155449986804e-06,658.9140487019995
1.814726840855107,7640,0.2166909694671631,,8.781560658045219e-06,659.7120383809997
1.817102137767221,7650,0.16698371171951293,,8.763965866103634e-06,660.6479943959985
1.8194774346793348,7660,0.23656108379364013,,8.746371074162048e-06,661.4988357619986
1.821852731591449,7670,0.2406235933303833,,8.728776282220464e-06,662.3498419899988
1.8242280285035628,7680,0.2752759695053101,,8.711181490278879e-06,663.1485158689993
1.826603325415677,7690,0.31539952754974365,,8.693586698337293e-06,664.0274876129988
1.8289786223277908,7700,0.23710107803344727,,8.675991906395708e-06,664.945775741
1.831353919239905,7710,0.20991687774658202,,8.658397114454123e-06,665.8702011189998
1.833729216152019,7720,0.3061504364013672,,8.640802322512537e-06,666.7059639809995
1.8361045130641331,7730,0.21069445610046386,,8.623207530570952e-06,667.5950632039985
1.838479809976247,7740,0.2485790252685547,,8.605612738629366e-06,668.5783343219991
1.8408551068883612,7750,0.16925739049911498,,8.588017946687781e-06,669.4653987429992
1.843230403800475,7760,0.17924439907073975,,8.570423154746195e-06,670.2775029589993
1.8456057007125892,7770,0.14837322235107422,,8.55282836280461e-06,671.1441931989993
1.847980997624703,7780,0.19556111097335815,,8.535233570863025e-06,672.007615045999
1.850356294536817,7790,0.18044930696487427,,8.517638778921439e-06,672.9434472469984
1.852731591448931,7800,0.18323467969894408,,8.500043986979855e-06,673.8359921089996
1.855106888361045,7810,0.18059663772583007,,8.48244919503827e-06,674.740056192999
1.8574821852731591,7820,0.3152189254760742,,8.464854403096684e-06,675.6986269969984
1.8598574821852731,7830,0.23582301139831544,,8.447259611155099e-06,676.5184162599999
1.8622327790973872,7840,0.2188344717025757,,8.429664819213514e-06,677.4358236629996
1.8646080760095012,7850,0.24628932476043702,,8.412070027271928e-06,678.2370669619995
1.8669833729216152,7860,0.2281024217605591,,8.394475235330343e-06,679.0748400569992
1.8693586698337292,7870,0.23073942661285402,,8.376880443388757e-06,679.8783299449988
1.8717339667458432,7880,0.22887809276580812,,8.359285651447172e-06,680.7344376479996
1.8741092636579573,7890,0.17601031064987183,,8.341690859505586e-06,681.6004609369993
1.8764845605700713,7900,0.17583904266357422,,8.324096067564001e-06,682.4491390349995
1.8788598574821853,7910,0.21285274028778076,,8.306501275622416e-06,683.306348647
1.8812351543942993,7920,0.26433649063110354,,8.28890648368083e-06,684.2028666299993
1.8836104513064131,7930,0.21035776138305665,,8.271311691739245e-06,685.0042940759995
1.8859857482185274,7940,0.23002097606658936,,8.253716899797661e-06,685.8687616909992
1.8883610451306412,7950,0.30103466510772703,,8.236122107856076e-06,686.6121930599984
1.8907363420427554,7960,0.21387772560119628,,8.21852731591449e-06,687.5447918049995
1.8931116389548692,7970,0.18851109743118286,,8.200932523972905e-06,688.4423097379986
1.8954869358669835,7980,0.28419079780578616,,8.18333773203132e-06,689.3073661999988
1.8978622327790973,7990,0.3259025812149048,,8.165742940089734e-06,690.1563042109992
1.9002375296912115,8000,0.16184276342391968,,8.148148148148148e-06,691.0013550909989
1.9026128266033253,8010,0.2282395362854004,,8.130553356206563e-06,691.8244493099992
1.9049881235154396,8020,0.24416494369506836,,8.112958564264977e-06,692.674942308
1.9073634204275534,8030,0.17536307573318483,,8.095363772323392e-06,693.4913536650001
1.9097387173396676,8040,0.18389456272125243,,8.077768980381807e-06,694.3188911529996
1.9121140142517814,8050,0.1991790533065796,,8.060174188440221e-06,695.1659330099992
1.9144893111638956,8060,0.29924609661102297,,8.042579396498637e-06,696.0112272709994
1.9168646080760094,8070,0.21944847106933593,,8.024984604557052e-06,697.0172696469999
1.9192399049881235,8080,0.285518479347229,,8.007389812615467e-06,697.9192570239993
1.9216152019002375,8090,0.1426219344139099,,7.989795020673881e-06,698.809184881
1.9239904988123515,8100,0.2765716314315796,,7.972200228732296e-06,699.6927102669997
1.9263657957244655,8110,0.20750648975372316,,7.954605436790712e-06,700.5409496949997
1.9287410926365796,8120,0.2552497148513794,,7.937010644849126e-06,701.3583959539992
1.9311163895486936,8130,0.22464818954467775,,7.919415852907541e-06,702.2928538529995
1.9334916864608076,8140,0.2153402090072632,,7.901821060965956e-06,703.2500267529995
1.9358669833729216,8150,0.17585090398788453,,7.88422626902437e-06,704.0696046599987
1.9382422802850356,8160,0.24127824306488038,,7.866631477082785e-06,704.925339641999
1.9406175771971497,8170,0.2718012571334839,,7.8490366851412e-06,705.8263530329987
1.9429928741092637,8180,0.17960911989212036,,7.831441893199614e-06,706.7019832899987
1.9453681710213777,8190,0.1280710816383362,,7.813847101258028e-06,707.5423978809995
1.9477434679334917,8200,0.24681990146636962,,7.796252309316443e-06,708.384672528
1.9501187648456058,8210,0.157393479347229,,7.778657517374858e-06,709.2229884169992
1.9524940617577196,8220,0.2494215965270996,,7.761062725433272e-06,710.0683206279991
1.9548693586698338,8230,0.25060713291168213,,7.743467933491687e-06,710.9014340679987
1.9572446555819476,8240,0.19319437742233275,,7.725873141550101e-06,711.7897416589985
1.9596199524940618,8250,0.22235627174377443,,7.708278349608517e-06,712.6740799649997
1.9619952494061756,8260,0.19560195207595826,,7.690683557666932e-06,713.5756591169993
1.96437054631829,8270,0.22473812103271484,,7.673088765725347e-06,714.4216145479986
1.9667458432304037,8280,0.17604584693908693,,7.655493973783761e-06,715.3032326779994
1.969121140142518,8290,0.21402180194854736,,7.637899181842176e-06,716.1647274179995
1.9714964370546317,8300,0.27189700603485106,,7.62030438990059e-06,717.0547151399987
1.973871733966746,8310,0.251005744934082,,7.602709597959005e-06,717.8350466259999
1.9762470308788598,8320,0.2649196147918701,,7.585114806017419e-06,718.7360143059996
1.978622327790974,8330,0.26853408813476565,,7.567520014075834e-06,719.6020585099996
1.9809976247030878,8340,0.1952962636947632,,7.549925222134249e-06,720.4102474809988
1.9833729216152018,8350,0.3146646499633789,,7.532330430192664e-06,721.2615624789996
1.9857482185273159,8360,0.27583444118499756,,7.5147356382510785e-06,722.1391451959989
1.98812351543943,8370,0.2239774227142334,,7.497140846309493e-06,722.9449031589993
1.990498812351544,8380,0.2001746654510498,,7.479546054367908e-06,723.882392866999
1.992874109263658,8390,0.18493573665618895,,7.461951262426322e-06,724.7441401589986
1.995249406175772,8400,0.2070164680480957,,7.444356470484737e-06,725.5121489469984
1.997624703087886,8410,0.2624039649963379,,7.426761678543152e-06,726.3804170849999
2.0,8420,0.24008803367614745,,7.409166886601567e-06,727.1167604779985
2.0,8420,,0.2616707384586334,,729.6577224510002
2.002375296912114,8430,0.2845607757568359,,7.391572094659981e-06,731.2175179529986
2.004750593824228,8440,0.26600847244262693,,7.373977302718396e-06,732.1066931909991
2.007125890736342,8450,0.18360393047332763,,7.35638251077681e-06,732.8954043639988
2.009501187648456,8460,0.2672517538070679,,7.338787718835225e-06,733.6825659469996
2.01187648456057,8470,0.15954248905181884,,7.3211929268936395e-06,734.5055843519986
2.014251781472684,8480,0.1658844232559204,,7.303598134952055e-06,735.3590988939995
2.016627078384798,8490,0.20018556118011474,,7.2860033430104695e-06,736.2203369149993
2.019002375296912,8500,0.24040634632110597,,7.268408551068884e-06,737.0970053909987
2.021377672209026,8510,0.23035361766815185,,7.250813759127299e-06,738.0453142400002
2.02375296912114,8520,0.14064126014709472,,7.233218967185713e-06,738.8791948029993
2.026128266033254,8530,0.2602610349655151,,7.215624175244128e-06,739.6774149899993
2.0285035629453683,8540,0.2243485927581787,,7.198029383302543e-06,740.5065065459985
2.030878859857482,8550,0.22519440650939943,,7.180434591360958e-06,741.328631286
2.0332541567695963,8560,0.2702610015869141,,7.162839799419372e-06,742.2177478039994
2.03562945368171,8570,0.22787096500396728,,7.145245007477787e-06,743.0716379109999
2.0380047505938244,8580,0.18212941884994507,,7.127650215536201e-06,743.8049653719991
2.040380047505938,8590,0.21421923637390136,,7.110055423594616e-06,744.6229891009989
2.0427553444180524,8600,0.27077655792236327,,7.0924606316530305e-06,745.4580505739996
2.045130641330166,8610,0.19907021522521973,,7.074865839711446e-06,746.2444192469993
2.0475059382422804,8620,0.1730294108390808,,7.0572710477698605e-06,747.0659357859986
2.0498812351543942,8630,0.20463128089904786,,7.039676255828275e-06,747.8753022269993
2.0522565320665085,8640,0.21538336277008058,,7.02208146388669e-06,748.7290904989986
2.0546318289786223,8650,0.20579566955566406,,7.004486671945104e-06,749.6393908679984
2.0570071258907365,8660,0.21130902767181398,,6.986891880003519e-06,750.4488952949996
2.0593824228028503,8670,0.13906716108322142,,6.969297088061934e-06,751.2813303369985
2.0617577197149646,8680,0.15528880357742308,,6.951702296120349e-06,752.0915400169997
2.0641330166270784,8690,0.2260808229446411,,6.934107504178763e-06,752.9766774619984
2.0665083135391926,8700,0.1875690221786499,,6.916512712237179e-06,753.8781023929987
2.0688836104513064,8710,0.32112722396850585,,6.898917920295593e-06,754.6795992759999
2.07125890736342,8720,0.1360139489173889,,6.881323128354009e-06,755.4772513649987
2.0736342042755345,8730,0.29704604148864744,,6.863728336412423e-06,756.2420172289985
2.0760095011876483,8740,0.2355696439743042,,6.846133544470838e-06,757.1922690149986
2.0783847980997625,8750,0.3224767208099365,,6.828538752529252e-06,758.044070476999
2.0807600950118763,8760,0.30246193408966066,,6.810943960587667e-06,758.9617952209992
2.0831353919239906,8770,0.23755009174346925,,6.7933491686460815e-06,759.8960154439992
2.0855106888361044,8780,0.246187424659729,,6.775754376704496e-06,760.7671175439991
2.0878859857482186,8790,0.280775785446167,,6.7581595847629114e-06,761.5766167509992
2.0902612826603324,8800,0.19458143711090087,,6.740564792821326e-06,762.401335786999
2.0926365795724466,8810,0.16329522132873536,,6.7229700008797406e-06,763.284360529
2.0950118764845604,8820,0.19826827049255372,,6.705375208938155e-06,764.1900863399987
2.0973871733966747,8830,0.24820351600646973,,6.68778041699657e-06,764.987400431999
2.0997624703087885,8840,0.21478145122528075,,6.670185625054984e-06,765.8660257439988
2.1021377672209027,8850,0.26845970153808596,,6.6525908331134e-06,766.8152599549994
2.1045130641330165,8860,0.20361669063568116,,6.634996041171814e-06,767.6250704699996
2.1068883610451308,8870,0.2760504961013794,,6.617401249230229e-06,768.4714790829985
2.1092636579572446,8880,0.2205904722213745,,6.599806457288643e-06,769.4152222169996
2.111638954869359,8890,0.18061314821243285,,6.582211665347058e-06,770.3199582299985
2.1140142517814726,8900,0.21337666511535644,,6.5646168734054725e-06,771.1739508800001
2.116389548693587,8910,0.18664807081222534,,6.547022081463887e-06,772.0036828379998
2.1187648456057007,8920,0.2336652994155884,,6.5294272895223024e-06,772.8392573259989
2.121140142517815,8930,0.2417438507080078,,6.511832497580717e-06,773.6662355279987
2.1235154394299287,8940,0.2818916797637939,,6.4942377056391316e-06,774.4517444819994
2.125890736342043,8950,0.23801345825195314,,6.476642913697546e-06,775.2630575559997
2.1282660332541568,8960,0.18771036863327026,,6.459048121755961e-06,776.0807527369998
2.130641330166271,8970,0.24707295894622802,,6.441453329814375e-06,776.8615517379985
2.133016627078385,8980,0.14094890356063844,,6.423858537872791e-06,777.6530833090001
2.1353919239904986,8990,0.2579829692840576,,6.406263745931205e-06,778.5505244469987
2.137767220902613,9000,0.2425593137741089,,6.38866895398962e-06,779.3244413709999
2.1401425178147266,9010,0.2569920539855957,,6.371074162048034e-06,780.1772217029993
2.142517814726841,9020,0.1688912868499756,,6.353479370106449e-06,781.0685737539989
2.1448931116389547,9030,0.203643536567688,,6.3358845781648635e-06,781.9008524679994
2.147268408551069,9040,0.2473921537399292,,6.318289786223278e-06,782.7164674539999
2.1496437054631827,9050,0.2711963176727295,,6.3006949942816934e-06,783.5893871249991
2.152019002375297,9060,0.17274459600448608,,6.283100202340108e-06,784.4047231369987
2.1543942992874108,9070,0.2658503532409668,,6.2655054103985226e-06,785.2052213970001
2.156769596199525,9080,0.23386785984039307,,6.247910618456937e-06,786.0887143569998
2.159144893111639,9090,0.18838683366775513,,6.230315826515352e-06,786.9911464509987
2.161520190023753,9100,0.2627010107040405,,6.212721034573766e-06,787.8725623209994
2.163895486935867,9110,0.26788928508758547,,6.195126242632181e-06,788.8022738749987
2.166270783847981,9120,0.29063215255737307,,6.177531450690596e-06,789.6378902479992
2.168646080760095,9130,0.22783365249633789,,6.159936658749011e-06,790.4177806949992
2.171021377672209,9140,0.2981942415237427,,6.142341866807425e-06,791.3373222249993
2.173396674584323,9150,0.20754270553588866,,6.12474707486584e-06,792.193176965
2.175771971496437,9160,0.17989884614944457,,6.1071522829242545e-06,793.0052768659989
2.178147268408551,9170,0.2733633518218994,,6.089557490982669e-06,793.9055301769986
2.1805225653206652,9180,0.2559689998626709,,6.0719626990410844e-06,794.7929666149994
2.182897862232779,9190,0.13291444778442382,,6.054367907099499e-06,795.689235636999
2.1852731591448933,9200,0.19955625534057617,,6.0367731151579136e-06,796.5391222199996
2.187648456057007,9210,0.2619436502456665,,6.019178323216328e-06,797.3519912149986
2.1900237529691213,9220,0.20020792484283448,,6.001583531274743e-06,798.1861767679984
2.192399049881235,9230,0.171098530292511,,5.983988739333157e-06,799.0342766119993
2.1947743467933494,9240,0.2643996477127075,,5.966393947391572e-06,799.9747652429996
2.197149643705463,9250,0.1530910015106201,,5.948799155449987e-06,800.8516303019987
2.199524940617577,9260,0.28555138111114503,,5.931204363508402e-06,801.7349099059993
2.201900237529691,9270,0.13017377853393555,,5.913609571566816e-06,802.5715507739988
2.204275534441805,9280,0.2377774238586426,,5.896014779625231e-06,803.321824274999
2.2066508313539193,9290,0.24465227127075195,,5.8784199876836455e-06,804.2091265529998
2.209026128266033,9300,0.21734998226165772,,5.86082519574206e-06,805.1220070759991
2.2114014251781473,9310,0.18256398439407348,,5.843230403800475e-06,806.039722526999
2.213776722090261,9320,0.18569498062133788,,5.82563561185889e-06,806.9399018249987
2.2161520190023754,9330,0.202115797996521,,5.808040819917305e-06,807.8389735289984
2.218527315914489,9340,0.2347576379776001,,5.79044602797572e-06,808.702482323999
2.2209026128266034,9350,0.14891133308410645,,5.7728512360341345e-06,809.6129747429986
2.223277909738717,9360,0.16878995895385743,,5.75525644409255e-06,810.5485060209994
2.2256532066508314,9370,0.27819812297821045,,5.7376616521509645e-06,811.365468729
2.2280285035629452,9380,0.1261026978492737,,5.720066860209379e-06,812.1906292839994
2.2304038004750595,9390,0.18998459577560425,,5.702472068267794e-06,813.0274363999997
2.2327790973871733,9400,0.2268078565597534,,5.684877276326208e-06,813.9400064089987
2.2351543942992875,9410,0.16885749101638795,,5.667282484384623e-06,814.8129918109989
2.2375296912114013,9420,0.19972903728485109,,5.649687692443037e-06,815.7534661959999
2.2399049881235156,9430,0.22805697917938234,,5.632092900501453e-06,816.6133815679987
2.2422802850356294,9440,0.22905192375183106,,5.614498108559867e-06,817.4514855789985
2.2446555819477436,9450,0.1507295250892639,,5.596903316618282e-06,818.2706441199989
2.2470308788598574,9460,0.20719010829925538,,5.579308524676696e-06,819.2337014639998
2.2494061757719717,9470,0.151029372215271,,5.561713732735111e-06,820.1479936999986
2.2517814726840855,9480,0.23006958961486818,,5.5441189407935255e-06,820.9989415769996
2.2541567695961997,9490,0.20735435485839843,,5.526524148851941e-06,821.8663535529995
2.2565320665083135,9500,0.21674749851226807,,5.5089293569103555e-06,822.738827309
2.2589073634204277,9510,0.28391318321228026,,5.49133456496877e-06,823.6059628559997
2.2612826603325415,9520,0.3297810792922974,,5.473739773027185e-06,824.5218836549993
2.2636579572446553,9530,0.16808931827545165,,5.456144981085599e-06,825.3985878909989
2.2660332541567696,9540,0.1847272515296936,,5.438550189144014e-06,826.2455355120001
2.268408551068884,9550,0.22571101188659667,,5.420955397202428e-06,827.0568408229992
2.2707838479809976,9560,0.15328654050827026,,5.403360605260844e-06,827.8624459949988
2.2731591448931114,9570,0.2139878273010254,,5.385765813319258e-06,828.7411196719986
2.2755344418052257,9580,0.17166246175765992,,5.368171021377673e-06,829.5578498589985
2.2779097387173395,9590,0.17572898864746095,,5.350576229436087e-06,830.354504683999
2.2802850356294537,9600,0.19164481163024902,,5.332981437494502e-06,831.1931293489997
2.2826603325415675,9610,0.16322489976882934,,5.3153866455529165e-06,832.0084700619991
2.2850356294536818,9620,0.22083311080932616,,5.297791853611331e-06,832.8084233009995
2.2874109263657956,9630,0.2702420949935913,,5.2801970616697465e-06,833.7174479119985
2.28978622327791,9640,0.2185154676437378,,5.262602269728161e-06,834.5925981599994
2.2921615201900236,9650,0.2409388780593872,,5.245007477786576e-06,835.4013117959985
2.294536817102138,9660,0.20025815963745117,,5.22741268584499e-06,836.2760499529995
2.2969121140142517,9670,0.26662425994873046,,5.209817893903405e-06,837.1116015649986
2.299287410926366,9680,0.21548230648040773,,5.192223101961819e-06,837.849763750999
2.3016627078384797,9690,0.1961535930633545,,5.174628310020235e-06,838.6721046659986
2.304038004750594,9700,0.28192164897918703,,5.157033518078649e-06,839.6449426239997
2.3064133016627077,9710,0.21548855304718018,,5.139438726137064e-06,840.4551728139995
2.308788598574822,9720,0.17818834781646728,,5.121843934195478e-06,841.2469659309991
2.311163895486936,9730,0.22503786087036132,,5.104249142253893e-06,842.0779305319993
2.31353919239905,9740,0.14676594734191895,,5.0866543503123075e-06,842.869332405
2.315914489311164,9750,0.22968268394470215,,5.069059558370722e-06,843.7207922439993
2.318289786223278,9760,0.18459898233413696,,5.0514647664291375e-06,844.6053834819995
2.320665083135392,9770,0.21494836807250978,,5.033869974487552e-06,845.5125223679988
2.323040380047506,9780,0.2961714506149292,,5.016275182545967e-06,846.4489362159984
2.32541567695962,9790,0.22743074893951415,,4.998680390604381e-06,847.3423185299998
2.3277909738717337,9800,0.26180808544158934,,4.981085598662796e-06,848.2041956979992
2.330166270783848,9810,0.26066792011260986,,4.963490806721211e-06,849.0067899749993
2.332541567695962,9820,0.2154320240020752,,4.945896014779626e-06,849.9674928929999
2.334916864608076,9830,0.27067017555236816,,4.92830122283804e-06,850.8474820809988
2.33729216152019,9840,0.1930751085281372,,4.910706430896455e-06,851.7253890449992
2.339667458432304,9850,0.30452516078948977,,4.89311163895487e-06,852.5180179999988
2.342042755344418,9860,0.23748378753662108,,4.875516847013285e-06,853.4268902069998
2.344418052256532,9870,0.21435015201568602,,4.857922055071699e-06,854.2514379149998
2.346793349168646,9880,0.1334150791168213,,4.840327263130114e-06,855.1391183939995
2.34916864608076,9890,0.23814516067504882,,4.8227324711885285e-06,856.036787138999
2.351543942992874,9900,0.16814167499542237,,4.805137679246943e-06,856.8657960339988
2.353919239904988,9910,0.204102087020874,,4.7875428873053585e-06,857.6990770159991
2.356294536817102,9920,0.301517128944397,,4.769948095363773e-06,858.6138309379985
2.3586698337292162,9930,0.1789022207260132,,4.752353303422188e-06,859.5166082099986
2.36104513064133,9940,0.21944882869720458,,4.734758511480602e-06,860.3507556409986
2.3634204275534443,9950,0.12534918785095214,,4.717163719539017e-06,861.1689590639999
2.365795724465558,9960,0.23720381259918213,,4.699568927597431e-06,862.0217112989994
2.3681710213776723,9970,0.2410590887069702,,4.681974135655846e-06,862.8951839109995
2.370546318289786,9980,0.1860421895980835,,4.664379343714261e-06,863.7128258299999
2.3729216152019004,9990,0.2933564901351929,,4.646784551772676e-06,864.6211223589999
2.375296912114014,10000,0.2455601930618286,,4.62918975983109e-06,865.4225492339992
2.3776722090261284,10010,0.2118086814880371,,4.611594967889505e-06,866.388359958999
2.380047505938242,10020,0.24969635009765626,,4.5940001759479195e-06,867.2134837569993
2.3824228028503565,10030,0.28320813179016113,,4.576405384006334e-06,868.0276065379985
2.3847980997624703,10040,0.3015716075897217,,4.5588105920647495e-06,868.8192022959993
2.3871733966745845,10050,0.2753640651702881,,4.541215800123164e-06,869.675097882
2.3895486935866983,10060,0.20852646827697754,,4.523621008181579e-06,870.5978519370001
2.391923990498812,10070,0.2024557113647461,,4.506026216239993e-06,871.38960124
2.3942992874109263,10080,0.20162389278411866,,4.488431424298408e-06,872.2596626109989
2.3966745843230406,10090,0.24672980308532716,,4.470836632356822e-06,873.0114236589998
2.3990498812351544,10100,0.18787747621536255,,4.453241840415237e-06,873.8692320409991
2.401425178147268,10110,0.2816310405731201,,4.435647048473652e-06,874.6741811859993
2.4038004750593824,10120,0.25515456199645997,,4.418052256532067e-06,875.5490019999997
2.4061757719714967,10130,0.2704604625701904,,4.400457464590482e-06,876.454584957999
2.4085510688836105,10140,0.15380364656448364,,4.382862672648897e-06,877.3948095989999
2.4109263657957243,10150,0.23370716571807862,,4.365267880707311e-06,878.2655395789989
2.4133016627078385,10160,0.294504451751709,,4.347673088765726e-06,879.2002784119995
2.4156769596199523,10170,0.2513116359710693,,4.3300782968241405e-06,880.0354433569992
2.4180522565320666,10180,0.29347476959228513,,4.312483504882555e-06,880.8602895569984
2.4204275534441804,10190,0.2008394718170166,,4.29488871294097e-06,881.8360595229988
2.4228028503562946,10200,0.19175938367843628,,4.277293920999385e-06,882.7153400669995
2.4251781472684084,10210,0.22732110023498536,,4.2596991290578e-06,883.6069821709989
2.4275534441805227,10220,0.26497955322265626,,4.242104337116214e-06,884.4842246889984
2.4299287410926365,10230,0.2553354501724243,,4.224509545174629e-06,885.3466860299995
2.4323040380047507,10240,0.21990861892700195,,4.206914753233043e-06,886.2518860949986
2.4346793349168645,10250,0.17935578823089598,,4.189319961291458e-06,887.171600447
2.4370546318289787,10260,0.18683366775512694,,4.171725169349872e-06,888.0427356599994
2.4394299287410925,10270,0.24264099597930908,,4.154130377408288e-06,888.869112897999
2.441805225653207,10280,0.258621072769165,,4.136535585466702e-06,889.6652735539992
2.4441805225653206,10290,0.2701223850250244,,4.118940793525117e-06,890.6930556509997
2.446555819477435,10300,0.17946722507476806,,4.1013460015835315e-06,891.6784940039997
2.4489311163895486,10310,0.1803429126739502,,4.083751209641946e-06,892.6152960250001
2.451306413301663,10320,0.2607694149017334,,4.066156417700361e-06,893.5540043339988
2.4536817102137767,10330,0.14275094270706176,,4.048561625758776e-06,894.4424966729985
2.456057007125891,10340,0.16884424686431884,,4.030966833817191e-06,895.2567367339998
2.4584323040380047,10350,0.2323129415512085,,4.013372041875605e-06,896.1156996139998
2.460807600950119,10360,0.24623801708221435,,3.99577724993402e-06,896.934652123
2.4631828978622328,10370,0.2471381902694702,,3.978182457992434e-06,897.743240849999
2.4655581947743466,10380,0.2273951530456543,,3.960587666050849e-06,898.6253715980001
2.467933491686461,10390,0.325401759147644,,3.942992874109263e-06,899.5041866219999
2.470308788598575,10400,0.2192164421081543,,3.925398082167679e-06,900.3020710229994
2.472684085510689,10410,0.2908117055892944,,3.907803290226093e-06,901.0963401669997
2.4750593824228027,10420,0.20604584217071534,,3.890208498284508e-06,901.9964173609987
2.477434679334917,10430,0.12032538652420044,,3.8726137063429225e-06,902.8212694919985
2.4798099762470307,10440,0.18233221769332886,,3.855018914401337e-06,903.6050223040002
2.482185273159145,10450,0.21794705390930175,,3.8374241224597525e-06,904.4654662039993
2.4845605700712587,10460,0.2403265953063965,,3.819829330518167e-06,905.3791754759986
2.486935866983373,10470,0.2722888708114624,,3.802234538576582e-06,906.3234105639986
2.489311163895487,10480,0.19986623525619507,,3.7846397466349966e-06,907.1471718869998
2.491686460807601,10490,0.19388500452041627,,3.767044954693411e-06,908.0904701069994
2.494061757719715,10500,0.19999152421951294,,3.749450162751826e-06,909.0314110219988
2.496437054631829,10510,0.20763945579528809,,3.7318553708102407e-06,909.9036809019999
2.498812351543943,10520,0.18374000787734984,,3.7142605788686553e-06,910.7734013059999
2.501187648456057,10530,0.1770373821258545,,3.69666578692707e-06,911.5621657329993
2.503562945368171,10540,0.1785922884941101,,3.679070994985485e-06,912.4857582280001
2.505938242280285,10550,0.23201456069946289,,3.6614762030438994e-06,913.2372891309988
2.508313539192399,10560,0.2308894634246826,,3.643881411102314e-06,914.1212074579998
2.510688836104513,10570,0.18862731456756593,,3.626286619160729e-06,914.981071492999
2.513064133016627,10580,0.2633251667022705,,3.6086918272191435e-06,915.8589727309991
2.5154394299287413,10590,0.22868945598602294,,3.591097035277558e-06,916.5255197480001
2.517814726840855,10600,0.22295119762420654,,3.573502243335973e-06,917.3812136500001
2.520190023752969,10610,0.13363624811172486,,3.5559074513943876e-06,918.2336761639999
2.522565320665083,10620,0.20363688468933105,,3.538312659452802e-06,919.0650021319998
2.5249406175771973,10630,0.21275782585144043,,3.5207178675112167e-06,919.8656244019985
2.527315914489311,10640,0.16977237462997435,,3.5031230755696317e-06,920.7408300139996
2.529691211401425,10650,0.28331704139709474,,3.4855282836280463e-06,921.5794289899986
2.532066508313539,10660,0.20453836917877197,,3.467933491686461e-06,922.4433138409986
2.5344418052256534,10670,0.29983789920806886,,3.450338699744876e-06,923.3501582230001
2.5368171021377672,10680,0.209440279006958,,3.4327439078032904e-06,924.1291285349998
2.539192399049881,10690,0.275957727432251,,3.415149115861705e-06,924.9626964529998
2.5415676959619953,10700,0.19656600952148437,,3.39755432392012e-06,925.8751289369993
2.5439429928741095,10710,0.17197245359420776,,3.3799595319785345e-06,926.7567783279992
2.5463182897862233,10720,0.20556130409240722,,3.362364740036949e-06,927.7249292669985
2.548693586698337,10730,0.23738534450531007,,3.344769948095364e-06,928.5735553569993
2.5510688836104514,10740,0.3259695768356323,,3.3271751561537786e-06,929.4397262769999
2.553444180522565,10750,0.23385891914367676,,3.309580364212193e-06,930.265736252999
2.5558194774346794,10760,0.1861352801322937,,3.2919855722706086e-06,931.1370295010001
2.558194774346793,10770,0.1541867733001709,,3.274390780329023e-06,932.0150823439999
2.5605700712589075,10780,0.22756853103637695,,3.2567959883874377e-06,932.8718920149986
2.5629453681710213,10790,0.2679080247879028,,3.2392011964458527e-06,933.679013772
2.5653206650831355,10800,0.23218677043914795,,3.2216064045042672e-06,934.5793674339984
2.5676959619952493,10810,0.23133203983306885,,3.204011612562682e-06,935.3907026420002
2.5700712589073635,10820,0.1599872350692749,,3.1864168206210968e-06,936.2269254809999
2.5724465558194773,10830,0.20615763664245607,,3.1688220286795113e-06,937.0690700169998
2.5748218527315916,10840,0.20910394191741943,,3.151227236737926e-06,937.8199899979991
2.5771971496437054,10850,0.24844658374786377,,3.1336324447963405e-06,938.6790151459991
2.5795724465558196,10860,0.18147314786911012,,3.1160376528547555e-06,939.4943081399997
2.5819477434679334,10870,0.2226799488067627,,3.09844286091317e-06,940.3082288269998
2.5843230403800472,10880,0.24694349765777587,,3.0808480689715846e-06,941.2215193839984
2.5866983372921615,10890,0.20562210083007812,,3.0632532770299996e-06,942.1344626350001
2.5890736342042757,10900,0.24928874969482423,,3.045658485088414e-06,942.9470441229987
2.5914489311163895,10910,0.20474064350128174,,3.0280636931468287e-06,943.7514974379992
2.5938242280285033,10920,0.23538625240325928,,3.0104689012052437e-06,944.6080649849991
2.5961995249406176,10930,0.16982741355895997,,2.9928741092636582e-06,945.4676380719993
2.598574821852732,10940,0.21739189624786376,,2.975279317322073e-06,946.2824998809992
2.6009501187648456,10950,0.1685964822769165,,2.9576845253804874e-06,947.1983026990001
2.6033254156769594,10960,0.20062873363494874,,2.9400897334389023e-06,948.0322519649999
2.6057007125890737,10970,0.27009851932525636,,2.922494941497317e-06,948.8393654249994
2.608076009501188,10980,0.23149406909942627,,2.9049001495557315e-06,949.6891493849998
2.6104513064133017,10990,0.18922141790390015,,2.8873053576141465e-06,950.570876329999
2.6128266033254155,11000,0.2494495391845703,,2.869710565672561e-06,951.4111240859984
2.6152019002375297,11010,0.16918954849243165,,2.8521157737309756e-06,952.2010005399989
2.6175771971496435,11020,0.2617780685424805,,2.8345209817893906e-06,953.0953583659993
2.619952494061758,11030,0.24073338508605957,,2.816926189847805e-06,953.9221791559994
2.6223277909738716,11040,0.23429436683654786,,2.7993313979062197e-06,954.829664077999
2.624703087885986,11050,0.23251614570617676,,2.7817366059646343e-06,955.6273307729989
2.6270783847980996,11060,0.23064181804656983,,2.7641418140230492e-06,956.5756814979995
2.629453681710214,11070,0.2909441709518433,,2.746547022081464e-06,957.444476568
2.6318289786223277,11080,0.20504488945007324,,2.728952230139879e-06,958.2719705749987
2.634204275534442,11090,0.24144890308380126,,2.7113574381982938e-06,959.0911278089989
2.6365795724465557,11100,0.19532183408737183,,2.6937626462567083e-06,959.9528788659991
2.63895486935867,11110,0.15203585624694824,,2.6761678543151233e-06,960.7358062779986
2.6413301662707838,11120,0.22057809829711914,,2.658573062373538e-06,961.5490353669993
2.643705463182898,11130,0.3110960483551025,,2.6409782704319524e-06,962.4796957489998
2.646080760095012,11140,0.2264700412750244,,2.6233834784903674e-06,963.3675228479988
2.648456057007126,11150,0.31771297454833985,,2.605788686548782e-06,964.2192180889997
2.65083135391924,11160,0.28297882080078124,,2.5881938946071966e-06,965.0384990779985
2.653206650831354,11170,0.23492023944854737,,2.570599102665611e-06,965.9189359579996
2.655581947743468,11180,0.1765047073364258,,2.553004310724026e-06,966.8750825089992
2.6579572446555817,11190,0.15994791984558104,,2.5354095187824407e-06,967.7394998089985
2.660332541567696,11200,0.20809528827667237,,2.5178147268408552e-06,968.5627517389985
2.66270783847981,11210,0.24456589221954345,,2.5002199348992702e-06,969.4245921919992
2.665083135391924,11220,0.22502799034118653,,2.4826251429576848e-06,970.328481098999
2.667458432304038,11230,0.12375849485397339,,2.4650303510160993e-06,971.1453200649994
2.669833729216152,11240,0.20645534992218018,,2.4474355590745143e-06,972.0273396119992
2.6722090261282663,11250,0.2251577615737915,,2.429840767132929e-06,972.891882947999
2.67458432304038,11260,0.21000471115112304,,2.4122459751913434e-06,973.7220354169986
2.676959619952494,11270,0.292444634437561,,2.394651183249758e-06,974.5814293059993
2.679334916864608,11280,0.27240490913391113,,2.377056391308173e-06,975.5121220399997
2.6817102137767224,11290,0.17272876501083373,,2.3594615993665876e-06,976.4449796019999
2.684085510688836,11300,0.2005617380142212,,2.341866807425002e-06,977.3167940679996
2.68646080760095,11310,0.25476076602935793,,2.324272015483417e-06,978.2140827389994
2.688836104513064,11320,0.18855081796646117,,2.306677223541832e-06,979.0151314239993
2.691211401425178,11330,0.21890530586242676,,2.2890824316002467e-06,979.8472252439988
2.6935866983372923,11340,0.25587494373321534,,2.2714876396586612e-06,980.7073431919998
2.695961995249406,11350,0.2368969202041626,,2.253892847717076e-06,981.5142201689996
2.6983372921615203,11360,0.3127902984619141,,2.2362980557754908e-06,982.3911809299989
2.700712589073634,11370,0.20295374393463134,,2.2187032638339053e-06,983.2969308379998
2.7030878859857483,11380,0.302322244644165,,2.20110847189232e-06,984.1024994700001
2.705463182897862,11390,0.17896673679351807,,2.183513679950735e-06,984.9960778669993
2.7078384798099764,11400,0.18876608610153198,,2.1659188880091494e-06,985.8068062909988
2.71021377672209,11410,0.1601978898048401,,2.148324096067564e-06,986.6584420899999
2.7125890736342044,11420,0.1116987943649292,,2.130729304125979e-06,987.4527759579996
2.7149643705463182,11430,0.237282133102417,,2.1131345121843935e-06,988.2728843659988
2.7173396674584325,11440,0.22952308654785156,,2.095539720242808e-06,989.1523812089999
2.7197149643705463,11450,0.261565113067627,,2.077944928301223e-06,990.0828027849984
2.72209026128266,11460,0.1625632166862488,,2.0603501363596377e-06,990.9439072689984
2.7244655581947743,11470,0.18385460376739501,,2.0427553444180522e-06,991.7886074299986
2.7268408551068886,11480,0.22488579750061036,,2.025160552476467e-06,992.636804542999
2.7292161520190024,11490,0.15439642667770387,,2.0075657605348818e-06,993.468277729
2.731591448931116,11500,0.17767808437347413,,1.9899709685932968e-06,994.3197308709987
2.7339667458432304,11510,0.29765288829803466,,1.9723761766517113e-06,995.1252921879986
2.7363420427553447,11520,0.19954874515533447,,1.954781384710126e-06,995.9728426949987
2.7387173396674585,11530,0.16956005096435547,,1.937186592768541e-06,996.8410972329984
2.7410926365795723,11540,0.18818763494491578,,1.9195918008269554e-06,997.6782405799986
2.7434679334916865,11550,0.1936748743057251,,1.90199700888537e-06,998.4449472979995
2.7458432304038007,11560,0.26452863216400146,,1.8844022169437848e-06,999.3235115659991
2.7482185273159145,11570,0.23689005374908448,,1.8668074250021995e-06,1000.1832000169998
2.7505938242280283,11580,0.2368469715118408,,1.849212633060614e-06,1000.9856526479998
2.7529691211401426,11590,0.2574434995651245,,1.8316178411190289e-06,1001.7554064799988
2.7553444180522564,11600,0.1482401728630066,,1.8140230491774436e-06,1002.6038469769992
2.7577197149643706,11610,0.17403903007507324,,1.7964282572358582e-06,1003.486236757999
2.7600950118764844,11620,0.23498749732971191,,1.778833465294273e-06,1004.3288685039988
2.7624703087885987,11630,0.250994348526001,,1.7612386733526875e-06,1005.145623123999
2.7648456057007125,11640,0.2088261604309082,,1.7436438814111025e-06,1006.0384239579998
2.7672209026128267,11650,0.2444709300994873,,1.7260490894695173e-06,1006.8147929229999
2.7695961995249405,11660,0.2733659267425537,,1.7084542975279319e-06,1007.7717356140001
2.7719714964370548,11670,0.23642320632934571,,1.6908595055863466e-06,1008.6781984720001
2.7743467933491686,11680,0.18689484596252443,,1.6732647136447614e-06,1009.525840622
2.776722090261283,11690,0.24231581687927245,,1.655669921703176e-06,1010.3665562039987
2.7790973871733966,11700,0.16767604351043702,,1.6380751297615907e-06,1011.2685573339986
2.781472684085511,11710,0.19364701509475707,,1.6204803378200053e-06,1012.117891255999
2.7838479809976246,11720,0.21830742359161376,,1.60288554587842e-06,1012.9734876279999
2.7862232779097384,11730,0.20858328342437743,,1.5852907539368349e-06,1013.8817886469988
2.7885985748218527,11740,0.20958175659179687,,1.5676959619952494e-06,1014.7021983670002
2.790973871733967,11750,0.20281803607940674,,1.5501011700536642e-06,1015.4414711589998
2.7933491686460807,11760,0.20656235218048097,,1.5325063781120788e-06,1016.3108810839985
2.7957244655581945,11770,0.1758631706237793,,1.5149115861704935e-06,1017.1684453829985
2.798099762470309,11780,0.2805293560028076,,1.4973167942289083e-06,1018.0117045539992
2.800475059382423,11790,0.2525180339813232,,1.4797220022873233e-06,1018.8667776989987
2.802850356294537,11800,0.1269249677658081,,1.4621272103457379e-06,1019.7477055669988
2.8052256532066506,11810,0.24313070774078369,,1.4445324184041526e-06,1020.6139365949984
2.807600950118765,11820,0.1971226930618286,,1.4269376264625672e-06,1021.4045841009993
2.809976247030879,11830,0.14849910736083985,,1.409342834520982e-06,1022.2622618409987
2.812351543942993,11840,0.16805629730224608,,1.3917480425793967e-06,1023.1009883890001
2.8147268408551067,11850,0.18552556037902831,,1.3741532506378113e-06,1023.9252919709998
2.817102137767221,11860,0.20952067375183106,,1.356558458696226e-06,1024.7996764079999
2.8194774346793348,11870,0.20995824337005614,,1.3389636667546406e-06,1025.6479176519988
2.821852731591449,11880,0.18183528184890746,,1.3213688748130554e-06,1026.4697693919989
2.824228028503563,11890,0.2950195074081421,,1.3037740828714702e-06,1027.2549806569987
2.826603325415677,11900,0.26908695697784424,,1.2861792909298847e-06,1028.1402715179993
2.828978622327791,11910,0.14151097536087037,,1.2685844989882995e-06,1029.0340193799984
2.831353919239905,11920,0.35181612968444825,,1.250989707046714e-06,1029.8692175439992
2.833729216152019,11930,0.16960315704345702,,1.233394915105129e-06,1030.7001450379994
2.836104513064133,11940,0.31454446315765383,,1.2158001231635436e-06,1031.6256116509994
2.838479809976247,11950,0.17766569852828978,,1.1982053312219584e-06,1032.572204307
2.840855106888361,11960,0.3085911989212036,,1.1806105392803732e-06,1033.3986298379987
2.843230403800475,11970,0.21340498924255372,,1.1630157473387877e-06,1034.209904461999
2.8456057007125892,11980,0.1427239179611206,,1.1454209553972025e-06,1035.1096704499996
2.847980997624703,11990,0.20199306011199952,,1.1278261634556173e-06,1035.979471696999
2.850356294536817,12000,0.15004132986068724,,1.110231371514032e-06,1036.8104573479995
2.852731591448931,12010,0.19595226049423217,,1.0926365795724466e-06,1037.6783045229986
2.8551068883610453,12020,0.3235285520553589,,1.0750417876308614e-06,1038.533583118
2.857482185273159,12030,0.23125383853912354,,1.057446995689276e-06,1039.378664537
2.859857482185273,12040,0.15341465473175048,,1.0398522037476907e-06,1040.230777241999
2.862232779097387,12050,0.14629967212677003,,1.0222574118061055e-06,1041.1323153979993
2.8646080760095014,12060,0.2332324504852295,,1.00466261986452e-06,1041.9933237149999
2.866983372921615,12070,0.20474710464477539,,9.87067827922935e-07,1042.8673629079985
2.869358669833729,12080,0.14901689291000367,,9.694730359813496e-07,1043.6814454739997
2.8717339667458432,12090,0.21261401176452638,,9.518782440397643e-07,1044.606022549
2.8741092636579575,12100,0.25895850658416747,,9.342834520981791e-07,1045.464762574
2.8764845605700713,12110,0.21775031089782715,,9.166886601565937e-07,1046.2866437779994
2.878859857482185,12120,0.14733117818832397,,8.990938682150084e-07,1047.1510739699988
2.8812351543942993,12130,0.15693212747573854,,8.814990762734231e-07,1048.0606765149987
2.883610451306413,12140,0.218656325340271,,8.639042843318378e-07,1048.928568338999
2.8859857482185274,12150,0.26356303691864014,,8.463094923902526e-07,1049.7945065799995
2.888361045130641,12160,0.206514573097229,,8.287147004486673e-07,1050.7017104359984
2.8907363420427554,12170,0.2609879970550537,,8.11119908507082e-07,1051.5887050749989
2.8931116389548692,12180,0.19980254173278808,,7.935251165654967e-07,1052.462190148999
2.8954869358669835,12190,0.17539894580841064,,7.759303246239114e-07,1053.3506762739999
2.8978622327790973,12200,0.23984127044677733,,7.583355326823261e-07,1054.2419147229994
2.9002375296912115,12210,0.22031314373016359,,7.407407407407407e-07,1055.079091058
2.9026128266033253,12220,0.20657031536102294,,7.231459487991555e-07,1055.9214757189984
2.9049881235154396,12230,0.1873279929161072,,7.055511568575703e-07,1056.7542104269996
2.9073634204275534,12240,0.16654059886932374,,6.879563649159849e-07,1057.6381131580001
2.9097387173396676,12250,0.1761333703994751,,6.703615729743996e-07,1058.545634103999
2.9121140142517814,12260,0.18609941005706787,,6.527667810328144e-07,1059.3495491129997
2.9144893111638956,12270,0.11873650550842285,,6.351719890912291e-07,1060.154083043999
2.9168646080760094,12280,0.20464377403259276,,6.175771971496437e-07,1060.997811923
2.9192399049881237,12290,0.2017533302307129,,5.999824052080585e-07,1061.8212017959995
2.9216152019002375,12300,0.241591739654541,,5.823876132664732e-07,1062.7748541889996
2.9239904988123513,12310,0.20631692409515381,,5.647928213248878e-07,1063.6340470279993
2.9263657957244655,12320,0.20852129459381102,,5.471980293833026e-07,1064.4873546119998
2.92874109263658,12330,0.23675119876861572,,5.296032374417173e-07,1065.3067981489985
2.9311163895486936,12340,0.20433642864227294,,5.12008445500132e-07,1066.1411518969999
2.9334916864608074,12350,0.2635547399520874,,4.944136535585467e-07,1067.0253047319984
2.9358669833729216,12360,0.26358006000518797,,4.768188616169614e-07,1067.8398301179986
2.938242280285036,12370,0.22067716121673583,,4.5922406967537616e-07,1068.699681066999
2.9406175771971497,12380,0.22913153171539308,,4.416292777337908e-07,1069.5521683089992
2.9429928741092635,12390,0.2325899839401245,,4.2403448579220555e-07,1070.4256379099988
2.9453681710213777,12400,0.2667985916137695,,4.064396938506202e-07,1071.1961735690002
2.947743467933492,12410,0.14132313728332518,,3.88844901909035e-07,1072.0643910359995
2.9501187648456058,12420,0.2324208974838257,,3.7125010996744966e-07,1072.938418824
2.9524940617577196,12430,0.19031556844711303,,3.536553180258644e-07,1073.7538226479992
2.954869358669834,12440,0.17601900100708007,,3.3606052608427905e-07,1074.6916525789984
2.9572446555819476,12450,0.1605716347694397,,3.184657341426938e-07,1075.578633617999
2.959619952494062,12460,0.21824162006378173,,3.008709422011085e-07,1076.4930002199999
2.9619952494061756,12470,0.1735447883605957,,2.832761502595232e-07,1077.2876476969996
2.96437054631829,12480,0.22251877784729004,,2.6568135831793793e-07,1078.0888762699997
2.9667458432304037,12490,0.28037002086639407,,2.480865663763526e-07,1078.9132331259989
2.969121140142518,12500,0.18862295150756836,,2.3049177443476735e-07,1079.8053779019992
2.9714964370546317,12510,0.2624408006668091,,2.1289698249318201e-07,1080.7083416899986
2.973871733966746,12520,0.22330572605133056,,1.9530219055159676e-07,1081.5103761629998
2.97624703087886,12530,0.2873650074005127,,1.7770739861001143e-07,1082.3868426089994
2.978622327790974,12540,0.20996837615966796,,1.6011260666842618e-07,1083.2746833739984
2.980997624703088,12550,0.190466570854187,,1.4251781472684087e-07,1084.1198391859998
2.983372921615202,12560,0.1919764757156372,,1.249230227852556e-07,1084.9557011429988
2.985748218527316,12570,0.25617084503173826,,1.0732823084367029e-07,1085.8469918399987
2.9881235154394297,12580,0.23724308013916015,,8.9733438902085e-08,1086.6764350069989
2.990498812351544,12590,0.15201199054718018,,7.213864696049969e-08,1087.4582141350002
2.992874109263658,12600,0.28225054740905764,,5.45438550189144e-08,1088.2218065669986
2.995249406175772,12610,0.1991593599319458,,3.694906307732912e-08,1089.0767805729993
2.9976247030878858,12620,0.2845506191253662,,1.9354271135743822e-08,1089.9317114799996
3.0,12630,0.16858992576599122,,1.7594791941585293e-09,1090.7793507829992
3.0,12630,,0.2625405788421631,,1093.3384326759988
3.0,12630,,,,1093.973052891999
