epoch,step,loss,eval_loss,learning_rate,elapsed_seconds
0.0023752969121140144,10,1.9056587219238281,,1.4251781472684087e-07,1.2423025339994638
0.004750593824228029,20,1.9190610885620116,,3.008709422011085e-07,2.0146984279999742
0.007125890736342043,30,1.9186059951782226,,4.5922406967537616e-07,2.847903468998993
0.009501187648456057,40,1.9149604797363282,,6.175771971496437e-07,3.6426179399986722
0.011876484560570071,50,1.91400203704834,,7.759303246239114e-07,4.341369259998828
0.014251781472684086,60,1.9126708984375,,9.342834520981791e-07,5.116888553999161
0.0166270783847981,70,1.9052949905395509,,1.0926365795724466e-06,5.901115423999727
0.019002375296912115,80,1.9215417861938477,,1.250989707046714e-06,6.707183893999172
0.021377672209026127,90,1.9180425643920898,,1.409342834520982e-06,7.6080874189992755
0.023752969121140142,100,1.9103914260864259,,1.5676959619952494e-06,8.4281724880002
0.026128266033254157,110,1.9205272674560547,,1.7260490894695173e-06,9.15084737899997
0.028503562945368172,120,1.914668083190918,,1.8844022169437848e-06,9.948292700999446
0.030878859857482184,130,1.8988359451293946,,2.0427553444180522e-06,10.76455339399945
0.0332541567695962,140,1.9087888717651367,,2.20110847189232e-06,11.481532240999513
0.035629453681710214,150,1.9004150390625,,2.3594615993665876e-06,12.223225695999645
0.03800475059382423,160,1.9076499938964844,,2.5178147268408552e-06,13.073435168998913
0.040380047505938245,170,1.9118406295776367,,2.6761678543151233e-06,13.86488597099924
0.04275534441805225,180,1.8939903259277344,,2.8345209817893906e-06,14.70466051099902
0.04513064133016627,190,1.9112092971801757,,2.9928741092636582e-06,15.449456669999563
0.047505938242280284,200,1.8923444747924805,,3.151227236737926e-06,16.211073700998895
0.0498812351543943,210,1.8958423614501954,,3.309580364212193e-06,16.9966387989989
0.052256532066508314,220,1.8907642364501953,,3.467933491686461e-06,17.723390474999178
0.05463182897862233,230,1.8959821701049804,,3.626286619160729e-06,18.521477262998815
0.057007125890736345,240,1.8852453231811523,,3.7846397466349966e-06,19.40212865600006
0.05938242280285035,250,1.8670230865478517,,3.942992874109263e-06,20.144353360999958
0.06175771971496437,260,1.8878189086914063,,4.1013460015835315e-06,20.88938571699873
0.06413301662707839,270,1.8637826919555665,,4.2596991290578e-06,21.731333591000293
0.0665083135391924,280,1.8937648773193358,,4.418052256532067e-06,22.535467423000227
0.0688836104513064,290,1.884819221496582,,4.576405384006334e-06,23.321713637000357
0.07125890736342043,300,1.8795364379882813,,4.734758511480602e-06,24.104453228999773
0.07363420427553444,310,1.876062774658203,,4.89311163895487e-06,24.87430464299905
0.07600950118764846,320,1.8656797409057617,,5.0514647664291375e-06,25.68793481299872
0.07838479809976247,330,1.8648311614990234,,5.209817893903405e-06,26.503014986999915
0.08076009501187649,340,1.8616811752319335,,5.368171021377673e-06,27.214698810999835
0.0831353919239905,350,1.8678321838378906,,5.526524148851941e-06,28.044529691000207
0.0855106888361045,360,1.8601354598999023,,5.684877276326208e-06,28.838148056000136
0.08788598574821853,370,1.84893798828125,,5.843230403800475e-06,29.68907885399858
0.09026128266033254,380,1.8676265716552733,,6.001583531274743e-06,30.43987341799948
0.09263657957244656,390,1.8349475860595703,,6.159936658749011e-06,31.25749050000013
0.09501187648456057,400,1.8462837219238282,,6.318289786223278e-06,32.07333146000019
0.09738717339667459,410,1.8263124465942382,,6.476642913697546e-06,32.8170270720002
0.0997624703087886,420,1.8248678207397462,,6.634996041171814e-06,33.61132490499949
0.1021377672209026,430,1.8297340393066406,,6.7933491686460815e-06,34.38159627099958
0.10451306413301663,440,1.84521427154541,,6.951702296120349e-06,35.17212926299908
0.10688836104513064,450,1.8276096343994142,,7.110055423594616e-06,35.98700163399917
0.10926365795724466,460,1.8226751327514648,,7.268408551068884e-06,36.84788282899899
0.11163895486935867,470,1.848531723022461,,7.426761678543152e-06,37.63696757899925
0.11401425178147269,480,1.8220800399780273,,7.585114806017419e-06,38.39704291099952
0.1163895486935867,490,1.8124183654785155,,7.743467933491687e-06,39.19338612899992
0.1187648456057007,500,1.8107250213623047,,7.901821060965956e-06,39.997372796999116
0.12114014251781473,510,1.8049091339111327,,8.060174188440221e-06,40.842684973998985
0.12351543942992874,520,1.7927001953125,,8.21852731591449e-06,41.70660879099887
0.12589073634204276,530,1.8019632339477538,,8.376880443388757e-06,42.451172494000275
0.12826603325415678,540,1.8050661087036133,,8.535233570863025e-06,43.22712155999943
0.13064133016627077,550,1.7791362762451173,,8.693586698337293e-06,44.004389702999106
0.1330166270783848,560,1.7865398406982422,,8.85193982581156e-06,44.79673654399994
0.13539192399049882,570,1.7792039871215821,,9.010292953285828e-06,45.58371805599927
0.1377672209026128,580,1.7708423614501954,,9.168646080760095e-06,46.44914345899997
0.14014251781472684,590,1.749429702758789,,9.326999208234362e-06,47.23285895799927
0.14251781472684086,600,1.7713146209716797,,9.485352335708631e-06,48.07635032399958
0.14489311163895488,610,1.7828472137451172,,9.643705463182899e-06,48.991046502000245
0.14726840855106887,620,1.7648981094360352,,9.802058590657166e-06,49.75951569799872
0.1496437054631829,630,1.7618598937988281,,9.960411718131435e-06,50.64234502199906
0.15201900237529692,640,1.7318265914916993,,1.0118764845605702e-05,51.44249337899964
0.1543942992874109,650,1.736952781677246,,1.027711797307997e-05,52.24217044999932
0.15676959619952494,660,1.7450651168823241,,1.0435471100554238e-05,52.93313560000024
0.15914489311163896,670,1.7343236923217773,,1.0593824228028504e-05,53.73876825499974
0.16152019002375298,680,1.7107412338256835,,1.0752177355502773e-05,54.445585477998975
0.16389548693586697,690,1.7030374526977539,,1.091053048297704e-05,55.250342608998835
0.166270783847981,700,1.7112920761108399,,1.1068883610451307e-05,56.049610652999036
0.16864608076009502,710,1.723377799987793,,1.1227236737925575e-05,56.801217559999714
0.171021377672209,720,1.6946054458618165,,1.1385589865399842e-05,57.53025005000018
0.17339667458432304,730,1.6904098510742187,,1.154394299287411e-05,58.34018610199928
0.17577197149643706,740,1.6897327423095703,,1.1702296120348378e-05,59.271178756000154
0.17814726840855108,750,1.6627344131469726,,1.1860649247822647e-05,60.058486882999205
0.18052256532066507,760,1.6600553512573242,,1.2019002375296912e-05,60.87115317399912
0.1828978622327791,770,1.6842348098754882,,1.217735550277118e-05,61.6473241779986
0.18527315914489312,780,1.6317409515380858,,1.2335708630245449e-05,62.49425189700014
0.1876484560570071,790,1.6455711364746093,,1.2494061757719716e-05,63.31341419399905
0.19002375296912113,800,1.6545799255371094,,1.2652414885193985e-05,64.07607507299872
0.19239904988123516,810,1.6194698333740234,,1.281076801266825e-05,64.86161267999887
0.19477434679334918,820,1.6309267044067384,,1.296912114014252e-05,65.67919560799965
0.19714964370546317,830,1.5872364044189453,,1.3127474267616787e-05,66.4417272009996
0.1995249406175772,840,1.6057300567626953,,1.3285827395091054e-05,67.37723765099872
0.20190023752969122,850,1.607651710510254,,1.3444180522565323e-05,68.12499591599953
0.2042755344418052,860,1.5786130905151368,,1.3602533650039588e-05,69.00496560799911
0.20665083135391923,870,1.5778998374938964,,1.3760886777513857e-05,69.83587782199902
0.20902612826603326,880,1.570425796508789,,1.3919239904988124e-05,70.57800444599889
0.21140142517814728,890,1.5534280776977538,,1.4077593032462393e-05,71.43525269599922
0.21377672209026127,900,1.5498347282409668,,1.423594615993666e-05,72.21314759799861
0.2161520190023753,910,1.55368013381958,,1.4394299287410926e-05,73.00789722099944
0.21852731591448932,920,1.5118906021118164,,1.4552652414885195e-05,73.84827103600037
0.2209026128266033,930,1.5226922035217285,,1.4711005542359462e-05,74.56153176499902
0.22327790973871733,940,1.4916001319885255,,1.4869358669833731e-05,75.32265015499979
0.22565320665083136,950,1.4942804336547852,,1.5027711797307999e-05,76.22776583099949
0.22802850356294538,960,1.471572208404541,,1.5186064924782268e-05,76.9903719269987
0.23040380047505937,970,1.4777256011962892,,1.5344418052256533e-05,77.73864585999945
0.2327790973871734,980,1.4665007591247559,,1.55027711797308e-05,78.51520191599957
0.23515439429928742,990,1.4426840782165526,,1.5661124307205068e-05,79.28879832799976
0.2375296912114014,1000,1.4316600799560546,,1.5819477434679335e-05,80.09275168299973
0.23990498812351543,1010,1.437082004547119,,1.5977830562153605e-05,80.90133339099884
0.24228028503562946,1020,1.4138172149658204,,1.6136183689627873e-05,81.73167574999934
0.24465558194774348,1030,1.3984434127807617,,1.629453681710214e-05,82.51067119099935
0.24703087885985747,1040,1.3923837661743164,,1.6452889944576407e-05,83.33496437299982
0.2494061757719715,1050,1.3944316864013673,,1.6611243072050674e-05,84.17651039100019
0.2517814726840855,1060,1.3519952774047852,,1.676959619952494e-05,84.95026199899985
0.25415676959619954,1070,1.332898998260498,,1.692794932699921e-05,85.71571482999934
0.25653206650831356,1080,1.3251100540161134,,1.708630245447348e-05,86.49038877400017
0.2589073634204275,1090,1.317398738861084,,1.7244655581947743e-05,87.23989833199994
0.26128266033254155,1100,1.302372932434082,,1.7403008709422014e-05,88.01977289999923
0.26365795724465557,1110,1.2641107559204101,,1.756136183689628e-05,88.77669834900007
0.2660332541567696,1120,1.2532316207885743,,1.7719714964370545e-05,89.57861581999896
0.2684085510688836,1130,1.2484060287475587,,1.7878068091844816e-05,90.47111585299899
0.27078384798099764,1140,1.231813335418701,,1.8036421219319083e-05,91.21207227400009
0.27315914489311166,1150,1.2078679084777832,,1.819477434679335e-05,92.01274932900014
0.2755344418052256,1160,1.1933993339538573,,1.8353127474267618e-05,92.8194139899988
0.27790973871733965,1170,1.1902429580688476,,1.8511480601741888e-05,93.53141373399922
0.28028503562945367,1180,1.1781418800354004,,1.8669833729216152e-05,94.2507191859986
0.2826603325415677,1190,1.1538987159729004,,1.882818685669042e-05,94.99849565799923
0.2850356294536817,1200,1.1357952117919923,,1.898653998416469e-05,95.85360074199889
0.28741092636579574,1210,1.1318232536315918,,1.9144893111638957e-05,96.58805491599924
0.28978622327790976,1220,1.1018630027770997,,1.9303246239113224e-05,97.32030041599864
0.2921615201900237,1230,1.1020360946655274,,1.946159936658749e-05,98.15803279399915
0.29453681710213775,1240,1.0470911026000977,,1.961995249406176e-05,98.93263704799938
0.29691211401425177,1250,1.0455380439758302,,1.9778305621536026e-05,99.70632886400017
0.2992874109263658,1260,1.001683235168457,,1.9936658749010293e-05,100.55476429299961
0.3016627078384798,1270,0.9932884216308594,,1.998944312483505e-05,101.31857622299867
0.30403800475059384,1280,0.9688014984130859,,1.9971848332893464e-05,102.15532120900025
0.30641330166270786,1290,0.981506633758545,,1.995425354095188e-05,102.9181209569997
0.3087885985748218,1300,0.9426997184753418,,1.9936658749010293e-05,103.72987848799858
0.31116389548693585,1310,0.9072086334228515,,1.991906395706871e-05,104.50325706100011
0.31353919239904987,1320,0.9014646530151367,,1.9901469165127123e-05,105.33995322999908
0.3159144893111639,1330,0.8841259002685546,,1.988387437318554e-05,106.19489302799957
0.3182897862232779,1340,0.8656804084777832,,1.986627958124395e-05,106.95495789899906
0.32066508313539194,1350,0.8280359268188476,,1.9848684789302368e-05,107.80531345099917
0.32304038004750596,1360,0.8135087013244628,,1.983108999736078e-05,108.57919857199886
0.3254156769596199,1370,0.7810186862945556,,1.9813495205419197e-05,109.44798259900017
0.32779097387173395,1380,0.7585382461547852,,1.979590041347761e-05,110.23599487599859
0.33016627078384797,1390,0.7246060371398926,,1.9778305621536026e-05,110.99482867199913
0.332541567695962,1400,0.7082159996032715,,1.9760710829594442e-05,111.77387851299864
0.334916864608076,1410,0.7202601909637452,,1.9743116037652855e-05,112.53555735499867
0.33729216152019004,1420,0.6849403381347656,,1.972552124571127e-05,113.27240794099998
0.33966745843230406,1430,0.67656569480896,,1.9707926453769684e-05,114.05070595599864
0.342042755344418,1440,0.6743618011474609,,1.96903316618281e-05,114.76613180899949
0.34441805225653205,1450,0.7027911186218262,,1.9672736869886514e-05,115.50823417500033
0.34679334916864607,1460,0.6906410217285156,,1.965514207794493e-05,116.3443682599991
0.3491686460807601,1470,0.6924777030944824,,1.9637547286003346e-05,117.14495848299885
0.3515439429928741,1480,0.6805107116699218,,1.961995249406176e-05,117.96820543799913
0.35391923990498814,1490,0.6753599643707275,,1.9602357702120175e-05,118.77013389700005
0.35629453681710216,1500,0.673982572555542,,1.9584762910178588e-05,119.51655476700034
0.3586698337292161,1510,0.6513394832611084,,1.9567168118237004e-05,120.23988424299932
0.36104513064133015,1520,0.6897494792938232,,1.954957332629542e-05,121.0216255689993
0.36342042755344417,1530,0.6858726024627686,,1.9531978534353833e-05,121.71207117099948
0.3657957244655582,1540,0.6759960174560546,,1.951438374241225e-05,122.49829563799904
0.3681710213776722,1550,0.6737065315246582,,1.9496788950470663e-05,123.30339941499915
0.37054631828978624,1560,0.6884513854980469,,1.947919415852908e-05,124.07624707499963
0.37292161520190026,1570,0.6937328338623047,,1.946159936658749e-05,124.91741304399875
0.3752969121140142,1580,0.6779765605926513,,1.9444004574645908e-05,125.70034970199958
0.37767220902612825,1590,0.6888946533203125,,1.942640978270432e-05,126.53656018499896
0.38004750593824227,1600,0.664325761795044,,1.9408814990762737e-05,127.27188931299861
0.3824228028503563,1610,0.6882916927337647,,1.939122019882115e-05,128.0561386169993
0.3847980997624703,1620,0.6739496707916259,,1.9373625406879566e-05,128.84312090399908
0.38717339667458434,1630,0.6967369079589844,,1.935603061493798e-05,129.58664340399991
0.38954869358669836,1640,0.6594266891479492,,1.9338435822996395e-05,130.44671104999907
0.3919239904988123,1650,0.7048279285430908,,1.9320841031054808e-05,131.2544351689994
0.39429928741092635,1660,0.6736271858215332,,1.9303246239113224e-05,132.00277861299946
0.39667458432304037,1670,0.6940995216369629,,1.9285651447171637e-05,132.89134007099892
0.3990498812351544,1680,0.6850745201110839,,1.9268056655230054e-05,133.74760885499927
0.4014251781472684,1690,0.6846634864807128,,1.9250461863288466e-05,134.57423010399907
0.40380047505938244,1700,0.6707247257232666,,1.9232867071346883e-05,135.4267055170003
0.40617577197149646,1710,0.6640588760375976,,1.9215272279405296e-05,136.24255427599928
0.4085510688836104,1720,0.6746057987213134,,1.9197677487463712e-05,137.10194336099994
0.41092636579572445,1730,0.683260154724121,,1.9180082695522128e-05,137.88706536099926
0.41330166270783847,1740,0.684259033203125,,1.916248790358054e-05,138.76146463199984
0.4156769596199525,1750,0.6660935878753662,,1.9144893111638957e-05,139.59607739499916
0.4180522565320665,1760,0.6964062690734864,,1.912729831969737e-05,140.3887354870003
0.42042755344418054,1770,0.6944973945617676,,1.9109703527755786e-05,141.32001782899897
0.42280285035629456,1780,0.6545053958892822,,1.9092108735814203e-05,142.21957748599925
0.4251781472684085,1790,0.6894119262695313,,1.9074513943872615e-05,142.98483216599925
0.42755344418052255,1800,0.7065333366394043,,1.905691915193103e-05,143.766687334999
0.42992874109263657,1810,0.6848430633544922,,1.9039324359989445e-05,144.47808239699953
0.4323040380047506,1820,0.66343674659729,,1.902172956804786e-05,145.28569593099928
0.4346793349168646,1830,0.6743637084960937,,1.9004134776106274e-05,146.08608654899945
0.43705463182897863,1840,0.6863781929016113,,1.898653998416469e-05,146.88112917499893
0.43942992874109266,1850,0.6595682621002197,,1.8968945192223103e-05,147.75829716599947
0.4418052256532066,1860,0.684081745147705,,1.895135040028152e-05,148.59633249299986
0.44418052256532065,1870,0.6824451923370362,,1.8933755608339932e-05,149.39256268699864
0.44655581947743467,1880,0.6681856632232666,,1.8916160816398348e-05,150.1767260659999
0.4489311163895487,1890,0.6771195411682129,,1.889856602445676e-05,151.1031653279988
0.4513064133016627,1900,0.6874465465545654,,1.8880971232515177e-05,151.9271179339994
0.45368171021377673,1910,0.6699985504150391,,1.886337644057359e-05,152.73555689099885
0.45605700712589076,1920,0.6860491752624511,,1.8845781648632006e-05,153.4736905409991
0.4584323040380047,1930,0.6605071067810059,,1.882818685669042e-05,154.30385961199863
0.46080760095011875,1940,0.6971843242645264,,1.8810592064748836e-05,155.09331380999902
0.46318289786223277,1950,0.6731115341186523,,1.879299727280725e-05,155.87797728199985
0.4655581947743468,1960,0.6555083751678467,,1.8775402480865665e-05,156.74004861999856
0.4679334916864608,1970,0.6800041198730469,,1.8757807688924078e-05,157.56291758299994
0.47030878859857483,1980,0.6728823184967041,,1.8740212896982494e-05,158.3282994459987
0.47268408551068886,1990,0.6606377601623535,,1.872261810504091e-05,159.1442509440003
0.4750593824228028,2000,0.7009944438934326,,1.8705023313099323e-05,159.95772043499892
0.47743467933491684,2010,0.6720282077789307,,1.868742852115774e-05,160.7877274879993
0.47980997624703087,2020,0.6728160381317139,,1.8669833729216152e-05,161.59400943000037
0.4821852731591449,2030,0.6755406856536865,,1.8652238937274568e-05,162.3571453229997
0.4845605700712589,2040,0.6747751712799073,,1.8634644145332985e-05,163.12327122699935
0.48693586698337293,2050,0.6910278797149658,,1.8617049353391397e-05,163.9397644469991
0.48931116389548696,2060,0.6886781692504883,,1.8599454561449814e-05,164.73444229099914
0.4916864608076009,2070,0.6594412326812744,,1.8581859769508227e-05,165.63952601799974
0.49406175771971494,2080,0.6584265232086182,,1.8564264977566643e-05,166.44163397599914
0.49643705463182897,2090,0.69345121383667,,1.854667018562506e-05,167.33574301999943
0.498812351543943,2100,0.6585638999938965,,1.8529075393683472e-05,168.1192960239987
0.501187648456057,2110,0.6741764545440674,,1.8511480601741888e-05,168.91425494099894
0.503562945368171,2120,0.6809931755065918,,1.84938858098003e-05,169.70945578399915
0.505938242280285,2130,0.67298903465271,,1.8476291017858717e-05,170.62698894499954
0.5083135391923991,2140,0.6813832283020019,,1.845869622591713e-05,171.47349873699932
0.5106888361045131,2150,0.655392074584961,,1.8441101433975546e-05,172.30367059499986
0.5130641330166271,2160,0.7088051795959472,,1.842350664203396e-05,173.17384431899882
0.5154394299287411,2170,0.6648741722106933,,1.8405911850092376e-05,173.98577956199915
0.517814726840855,2180,0.7056547641754151,,1.838831705815079e-05,174.81281935199877
0.5201900237529691,2190,0.6934422969818115,,1.8370722266209205e-05,175.60731048100024
0.5225653206650831,2200,0.6716526985168457,,1.8353127474267618e-05,176.3630132569997
0.5249406175771971,2210,0.6695498466491699,,1.8335532682326034e-05,177.18218941099985
0.5273159144893111,2220,0.6693345546722412,,1.8317937890384447e-05,178.04434249299993
0.5296912114014252,2230,0.6882351398468017,,1.8300343098442863e-05,178.84623697499956
0.5320665083135392,2240,0.6813065528869628,,1.8282748306501276e-05,179.6592353420001
0.5344418052256532,2250,0.6634775638580322,,1.8265153514559692e-05,180.54245047599943
0.5368171021377672,2260,0.6697414875030517,,1.8247558722618105e-05,181.27973444799864
0.5391923990498813,2270,0.6669490337371826,,1.822996393067652e-05,182.04878012599875
0.5415676959619953,2280,0.6644753456115723,,1.8212369138734934e-05,182.8505329719992
0.5439429928741093,2290,0.686383581161499,,1.819477434679335e-05,183.61997712499942
0.5463182897862233,2300,0.6675155639648438,,1.8177179554851767e-05,184.41070323599888
0.5486935866983373,2310,0.6656946182250977,,1.815958476291018e-05,185.18231282799934
0.5510688836104513,2320,0.6699965953826904,,1.8141989970968596e-05,186.00777298100002
0.5534441805225653,2330,0.6782966136932373,,1.812439517902701e-05,186.84485774199857
0.5558194774346793,2340,0.6869770050048828,,1.8106800387085425e-05,187.5967772369986
0.5581947743467933,2350,0.6589256286621094,,1.808920559514384e-05,188.43844412499857
0.5605700712589073,2360,0.6647505760192871,,1.8071610803202254e-05,189.26695898700018
0.5629453681710214,2370,0.692103385925293,,1.805401601126067e-05,190.08231663399965
0.5653206650831354,2380,0.6906320571899414,,1.8036421219319083e-05,190.9206148609992
0.5676959619952494,2390,0.6600369453430176,,1.80188264273775e-05,191.655328077999
0.5700712589073634,2400,0.6738365650177002,,1.8001231635435912e-05,192.4341449450003
0.5724465558194775,2410,0.6597393989562989,,1.798363684349433e-05,193.30228353999883
0.5748218527315915,2420,0.6658117294311523,,1.796604205155274e-05,194.09303431199987
0.5771971496437055,2430,0.6826184272766114,,1.7948447259611158e-05,194.8321668159988
0.5795724465558195,2440,0.6562244892120361,,1.793085246766957e-05,195.7081390530002
0.5819477434679335,2450,0.6803000926971435,,1.7913257675727987e-05,196.44297785599883
0.5843230403800475,2460,0.6591599464416504,,1.78956628837864e-05,197.27257882399863
0.5866983372921615,2470,0.6766950607299804,,1.7878068091844816e-05,197.9901210279986
0.5890736342042755,2480,0.6631792068481446,,1.786047329990323e-05,198.79442476999975
0.5914489311163895,2490,0.6743069171905518,,1.7842878507961645e-05,199.52925232799862
0.5938242280285035,2500,0.6364550590515137,,1.7825283716020058e-05,200.2052544549988
0.5961995249406176,2510,0.6771147727966309,,1.7807688924078474e-05,201.03727838299892
0.5985748218527316,2520,0.665786600112915,,1.7790094132136887e-05,201.8219637479997
0.6009501187648456,2530,0.6753334045410156,,1.7772499340195303e-05,202.61543419899863
0.6033254156769596,2540,0.6635783672332763,,1.7754904548253716e-05,203.4898685520002
0.6057007125890737,2550,0.6962148189544678,,1.7737309756312132e-05,204.34460762799972
0.6080760095011877,2560,0.679627513885498,,1.7719714964370545e-05,205.09483574600017
0.6104513064133017,2570,0.6734938144683837,,1.770212017242896e-05,205.89314770300007
0.6128266033254157,2580,0.6626100540161133,,1.7684525380487378e-05,206.63816019499973
0.6152019002375297,2590,0.6742327213287354,,1.766693058854579e-05,207.42461677699976
0.6175771971496437,2600,0.6769177913665771,,1.7649335796604207e-05,208.21668955699897
0.6199524940617577,2610,0.6824716567993164,,1.7631741004662623e-05,208.98251550900022
0.6223277909738717,2620,0.6530314922332764,,1.7614146212721036e-05,209.82542785199985
0.6247030878859857,2630,0.6672244548797608,,1.7596551420779452e-05,210.6185836299992
0.6270783847980997,2640,0.666199016571045,,1.7578956628837865e-05,211.31222506700033
0.6294536817102138,2650,0.6774758338928223,,1.756136183689628e-05,212.14039522199892
0.6318289786223278,2660,0.6715139389038086,,1.7543767044954694e-05,212.924574527
0.6342042755344418,2670,0.6829356193542481,,1.752617225301311e-05,213.77523521799958
0.6365795724465558,2680,0.6795909404754639,,1.7508577461071527e-05,214.672271514999
0.6389548693586699,2690,0.6841160297393799,,1.749098266912994e-05,215.56038061799882
0.6413301662707839,2700,0.6692703247070313,,1.7473387877188356e-05,216.334841382999
0.6437054631828979,2710,0.670527982711792,,1.745579308524677e-05,217.13420165499883
0.6460807600950119,2720,0.6781257629394531,,1.7438198293305185e-05,217.9356856129998
0.6484560570071259,2730,0.6931746006011963,,1.7420603501363598e-05,218.71923667899864
0.6508313539192399,2740,0.6691995143890381,,1.7403008709422014e-05,219.4753996899999
0.6532066508313539,2750,0.6822166919708252,,1.7385413917480427e-05,220.27007690699975
0.6555819477434679,2760,0.6908762931823731,,1.7367819125538843e-05,221.10934620199987
0.6579572446555819,2770,0.6753171920776367,,1.7350224333597256e-05,221.9931216899986
0.6603325415676959,2780,0.6692830085754394,,1.7332629541655672e-05,222.88710301299943
0.66270783847981,2790,0.6738367080688477,,1.7315034749714085e-05,223.672016221999
0.665083135391924,2800,0.6418416023254394,,1.72974399577725e-05,224.5540575670002
0.667458432304038,2810,0.6634478569030762,,1.7279845165830914e-05,225.35116501599987
0.669833729216152,2820,0.6721667766571044,,1.726225037388933e-05,226.17168745399977
0.672209026128266,2830,0.6746385574340821,,1.7244655581947743e-05,226.8742463059989
0.6745843230403801,2840,0.681458568572998,,1.722706079000616e-05,227.6967970200003
0.6769596199524941,2850,0.6840986728668212,,1.7209465998064573e-05,228.50436041600005
0.6793349168646081,2860,0.6828602313995361,,1.719187120612299e-05,229.50308703500014
0.6817102137767221,2870,0.6775350570678711,,1.71742764141814e-05,230.22785893199944
0.684085510688836,2880,0.6768369674682617,,1.7156681622239818e-05,231.08836264699858
0.6864608076009501,2890,0.6742048263549805,,1.7139086830298234e-05,231.98407571499956
0.6888361045130641,2900,0.6730030536651611,,1.7121492038356647e-05,232.81373200799862
0.6912114014251781,2910,0.6599910259246826,,1.7103897246415063e-05,233.54444034799963
0.6935866983372921,2920,0.6938783168792725,,1.708630245447348e-05,234.2447481399995
0.6959619952494062,2930,0.6671589374542236,,1.7068707662531892e-05,235.12889018999886
0.6983372921615202,2940,0.6683940410614013,,1.705111287059031e-05,235.83778820499901
0.7007125890736342,2950,0.6883558750152587,,1.703351807864872e-05,236.6798903079998
0.7030878859857482,2960,0.6779004096984863,,1.7015923286707138e-05,237.55369382299978
0.7054631828978623,2970,0.6732903480529785,,1.699832849476555e-05,238.3388062819995
0.7078384798099763,2980,0.6624784469604492,,1.6980733702823967e-05,239.22691463699994
0.7102137767220903,2990,0.6814682006835937,,1.696313891088238e-05,240.10656599499998
0.7125890736342043,3000,0.6718449115753173,,1.6945544118940796e-05,240.91185634999965
0.7149643705463183,3010,0.6717964172363281,,1.692794932699921e-05,241.72381414499978
0.7173396674584323,3020,0.6679227828979493,,1.6910354535057625e-05,242.51585217499996
0.7197149643705463,3030,0.6617360591888428,,1.6892759743116038e-05,243.27313534199857
0.7220902612826603,3040,0.6894978046417236,,1.6875164951174454e-05,244.1289123129991
0.7244655581947743,3050,0.6564541816711426,,1.6857570159232867e-05,244.88363711799866
0.7268408551068883,3060,0.6695599555969238,,1.6839975367291283e-05,245.6766905759996
0.7292161520190024,3070,0.6582565307617188,,1.6822380575349696e-05,246.39744424200035
0.7315914489311164,3080,0.6729757785797119,,1.6804785783408113e-05,247.1299013049993
0.7339667458432304,3090,0.6814089298248291,,1.6787190991466525e-05,247.95227031499962
0.7363420427553444,3100,0.6644552230834961,,1.676959619952494e-05,248.77382222699998
0.7387173396674585,3110,0.6782634735107422,,1.6752001407583355e-05,249.53880171299897
0.7410926365795725,3120,0.6607687950134278,,1.673440661564177e-05,250.3198839939996
0.7434679334916865,3130,0.6761634349822998,,1.6716811823700184e-05,251.09429259399985
0.7458432304038005,3140,0.6446428775787354,,1.66992170317586e-05,251.86587280999993
0.7482185273159145,3150,0.6637312889099121,,1.6681622239817016e-05,252.70040711900037
0.7505938242280285,3160,0.6777390480041504,,1.666402744787543e-05,253.57825206799862
0.7529691211401425,3170,0.6632911205291748,,1.6646432655933845e-05,254.3260288700003
0.7553444180522565,3180,0.6987659454345703,,1.6628837863992258e-05,255.1555099870002
0.7577197149643705,3190,0.6731623649597168,,1.6611243072050674e-05,255.9745541430002
0.7600950118764845,3200,0.6506175041198731,,1.659364828010909e-05,256.7653636269988
0.7624703087885986,3210,0.6867457389831543,,1.6576053488167504e-05,257.51025542299976
0.7648456057007126,3220,0.6657104969024659,,1.655845869622592e-05,258.24597724399973
0.7672209026128266,3230,0.6587645530700683,,1.6540863904284333e-05,259.15677247999884
0.7695961995249406,3240,0.6626521110534668,,1.652326911234275e-05,259.81414275799943
0.7719714964370546,3250,0.6562970161437989,,1.6505674320401162e-05,260.59403069899963
0.7743467933491687,3260,0.6768045425415039,,1.6488079528459578e-05,261.42084663899914
0.7767220902612827,3270,0.6728998184204101,,1.647048473651799e-05,262.31364767599916
0.7790973871733967,3280,0.66256685256958,,1.6452889944576407e-05,263.1422991629988
0.7814726840855107,3290,0.6726613521575928,,1.643529515263482e-05,264.05706432399893
0.7838479809976246,3300,0.6683037281036377,,1.6417700360693236e-05,264.76636217899977
0.7862232779097387,3310,0.6690396308898926,,1.6400105568751653e-05,265.56402076499944
0.7885985748218527,3320,0.6730749130249023,,1.6382510776810065e-05,266.2674316289995
0.7909738717339667,3330,0.6632134437561035,,1.6364915984868482e-05,267.0826908910003
0.7933491686460807,3340,0.6603227138519288,,1.6347321192926895e-05,267.89625412999885
0.7957244655581948,3350,0.6833719730377197,,1.632972640098531e-05,268.6770762969991
0.7980997624703088,3360,0.6820676803588868,,1.6312131609043724e-05,269.45181536199925
0.8004750593824228,3370,0.6705552101135254,,1.629453681710214e-05,270.3506548899986
0.8028503562945368,3380,0.676226282119751,,1.6276942025160553e-05,271.109075336999
0.8052256532066508,3390,0.6623814582824707,,1.625934723321897e-05,271.88403821799875
0.8076009501187649,3400,0.6745363712310791,,1.6241752441277382e-05,272.6689595709995
0.8099762470308789,3410,0.673349142074585,,1.6224157649335798e-05,273.4288574029997
0.8123515439429929,3420,0.6819052219390869,,1.620656285739421e-05,274.2643021019994
0.8147268408551069,3430,0.6612972736358642,,1.6188968065452627e-05,275.10847085099886
0.8171021377672208,3440,0.6684854984283447,,1.617137327351104e-05,275.8539527189987
0.8194774346793349,3450,0.666905689239502,,1.6153778481569456e-05,276.67816919599863
0.8218527315914489,3460,0.6962040901184082,,1.6136183689627873e-05,277.61568324899963
0.8242280285035629,3470,0.6797065258026123,,1.6118588897686286e-05,278.3359040209998
0.8266033254156769,3480,0.6584547519683838,,1.6100994105744702e-05,279.2261868730002
0.828978622327791,3490,0.6497825145721435,,1.6083399313803115e-05,280.05162621099953
0.831353919239905,3500,0.6647173404693604,,1.606580452186153e-05,281.0158508120003
0.833729216152019,3510,0.6661543369293212,,1.6048209729919947e-05,281.89700915699905
0.836104513064133,3520,0.6537254810333252,,1.603061493797836e-05,282.8176617359986
0.838479809976247,3530,0.6460068702697754,,1.6013020146036776e-05,283.64598247399954
0.8408551068883611,3540,0.6621937274932861,,1.599542535409519e-05,284.4899903489986
0.8432304038004751,3550,0.6758493900299072,,1.5977830562153605e-05,285.2704560459988
0.8456057007125891,3560,0.6521446228027343,,1.596023577021202e-05,286.0081468489989
0.8479809976247031,3570,0.67203369140625,,1.5942640978270435e-05,286.8184786290003
0.850356294536817,3580,0.6715348720550537,,1.5925046186328847e-05,287.6221415479995
0.8527315914489311,3590,0.6628003597259522,,1.5907451394387264e-05,288.56821210899943
0.8551068883610451,3600,0.6781732559204101,,1.5889856602445677e-05,289.43536570499964
0.8574821852731591,3610,0.6809529304504395,,1.5872261810504093e-05,290.23242934799964
0.8598574821852731,3620,0.6617796421051025,,1.5854667018562506e-05,291.02612256499924
0.8622327790973872,3630,0.6631139278411865,,1.5837072226620922e-05,291.7694216359996
0.8646080760095012,3640,0.663001537322998,,1.5819477434679335e-05,292.59191329999885
0.8669833729216152,3650,0.6735382080078125,,1.580188264273775e-05,293.46574987999884
0.8693586698337292,3660,0.6629566192626953,,1.5784287850796164e-05,294.33220484499907
0.8717339667458432,3670,0.6406558990478516,,1.576669305885458e-05,295.10741121299907
0.8741092636579573,3680,0.6646893978118896,,1.5749098266912993e-05,295.97812834700017
0.8764845605700713,3690,0.6590947151184082,,1.573150347497141e-05,296.8277393589997
0.8788598574821853,3700,0.6778011798858643,,1.5713908683029822e-05,297.6454198680003
0.8812351543942993,3710,0.6670797348022461,,1.569631389108824e-05,298.38907618600024
0.8836104513064132,3720,0.6609734058380127,,1.5678719099146655e-05,299.1308118199995
0.8859857482185273,3730,0.6636031150817872,,1.5661124307205068e-05,299.872643875
0.8883610451306413,3740,0.6595666408538818,,1.5643529515263484e-05,300.7851592679999
0.8907363420427553,3750,0.6688443660736084,,1.5625934723321897e-05,301.55634377099886
0.8931116389548693,3760,0.6457594394683838,,1.5608339931380313e-05,302.437441439999
0.8954869358669834,3770,0.6730505466461182,,1.559074513943873e-05,303.21485165899867
0.8978622327790974,3780,0.6540740966796875,,1.5573150347497142e-05,303.9488688299989
0.9002375296912114,3790,0.6799213409423828,,1.555555555555556e-05,304.81078791599975
0.9026128266033254,3800,0.6583529472351074,,1.553796076361397e-05,305.6431043470002
0.9049881235154394,3810,0.6660803318023681,,1.5520365971672387e-05,306.42388500499874
0.9073634204275535,3820,0.6564932346343995,,1.55027711797308e-05,307.21839572299905
0.9097387173396675,3830,0.6507766246795654,,1.5485176387789217e-05,307.9636760409994
0.9121140142517815,3840,0.6615809917449951,,1.546758159584763e-05,308.80624241499936
0.9144893111638955,3850,0.6400234222412109,,1.5449986803906046e-05,309.6685818449987
0.9168646080760094,3860,0.6759848117828369,,1.543239201196446e-05,310.42932898599975
0.9192399049881235,3870,0.6507748126983642,,1.5414797220022875e-05,311.13749139799984
0.9216152019002375,3880,0.6569648265838623,,1.5397202428081288e-05,311.92697828499877
0.9239904988123515,3890,0.6543263912200927,,1.5379607636139704e-05,312.7363999379995
0.9263657957244655,3900,0.672026252746582,,1.5362012844198117e-05,313.49660953999955
0.9287410926365796,3910,0.6527509689331055,,1.5344418052256533e-05,314.3478022959989
0.9311163895486936,3920,0.6704936981201172,,1.5326823260314946e-05,315.10518891100037
0.9334916864608076,3930,0.6502965450286865,,1.5309228468373362e-05,315.93405449799866
0.9358669833729216,3940,0.6756009101867676,,1.529163367643178e-05,316.73337410099884
0.9382422802850356,3950,0.6471757888793945,,1.527403888449019e-05,317.55495559299925
0.9406175771971497,3960,0.6738428592681884,,1.5256444092548608e-05,318.2676451799998
0.9429928741092637,3970,0.6406606197357178,,1.5238849300607022e-05,319.0144854329992
0.9453681710213777,3980,0.639051866531372,,1.5221254508665437e-05,319.80264175499906
0.9477434679334917,3990,0.6364902496337891,,1.5203659716723851e-05,320.55906569800027
0.9501187648456056,4000,0.6584022045135498,,1.5186064924782268e-05,321.3389416709997
0.9524940617577197,4010,0.6885609149932861,,1.516847013284068e-05,322.14064737899935
0.9548693586698337,4020,0.657798957824707,,1.5150875340899097e-05,323.00438377299906
0.9572446555819477,4030,0.6683999061584472,,1.513328054895751e-05,323.7708091149998
0.9596199524940617,4040,0.6656636238098145,,1.5115685757015926e-05,324.4987502189997
0.9619952494061758,4050,0.6733721256256103,,1.5098090965074339e-05,325.35136648499974
0.9643705463182898,4060,0.6660194396972656,,1.5080496173132755e-05,326.14810247700007
0.9667458432304038,4070,0.6725544929504395,,1.5062901381191168e-05,326.9948888580002
0.9691211401425178,4080,0.6617719650268554,,1.5045306589249584e-05,327.80335345599997
0.9714964370546318,4090,0.6785988807678223,,1.5027711797307999e-05,328.7002808899997
0.9738717339667459,4100,0.6797825336456299,,1.5010117005366413e-05,329.51567531099863
0.9762470308788599,4110,0.6733138084411621,,1.4992522213424828e-05,330.36163580799985
0.9786223277909739,4120,0.6572149276733399,,1.4974927421483242e-05,331.1693890009992
0.9809976247030879,4130,0.6600016117095947,,1.4957332629541657e-05,331.8741944249996
0.9833729216152018,4140,0.6673635959625244,,1.4939737837600073e-05,332.61701980999896
0.9857482185273159,4150,0.6659149646759033,,1.4922143045658486e-05,333.37165156399897
0.9881235154394299,4160,0.6659703254699707,,1.4904548253716902e-05,334.1641569179992
0.9904988123515439,4170,0.6631470680236816,,1.4886953461775315e-05,334.87416422599927
0.9928741092636579,4180,0.663408899307251,,1.4869358669833731e-05,335.73381442699974
0.995249406175772,4190,0.6603046417236328,,1.4851763877892144e-05,336.5620775789994
0.997624703087886,4200,0.6528225421905518,,1.483416908595056e-05,337.41076856899963
1.0,4210,0.6682804107666016,,1.4816574294008973e-05,338.15741434200027
1.0,4210,,0.6629582047462463,,340.5632624569989
1.002375296912114,4220,0.6653581142425538,,1.479897950206739e-05,342.0568115219994
1.004750593824228,4230,0.6590505599975586,,1.4781384710125804e-05,342.8077194919988
1.007125890736342,4240,0.669609785079956,,1.4763789918184219e-05,343.75609516499935
1.009501187648456,4250,0.6773148536682129,,1.4746195126242633e-05,344.456808986999
1.01187648456057,4260,0.6631803512573242,,1.4728600334301048e-05,345.2516643509989
1.0142517814726841,4270,0.6506056785583496,,1.4711005542359462e-05,346.1188328729986
1.0166270783847982,4280,0.6561769962310791,,1.4693410750417879e-05,346.8783593979988
1.0190023752969122,4290,0.6587693691253662,,1.4675815958476292e-05,347.5365492989986
1.0213776722090262,4300,0.6450783729553222,,1.4658221166534708e-05,348.27591929699884
1.0237529691211402,4310,0.6788813591003418,,1.464062637459312e-05,349.1479434869998
1.0261282660332542,4320,0.6623025417327881,,1.4623031582651537e-05,349.92772207399867
1.0285035629453683,4330,0.6649744510650635,,1.460543679070995e-05,350.6808624869991
1.0308788598574823,4340,0.654035997390747,,1.4587841998768366e-05,351.46502255499945
1.0332541567695963,4350,0.6701867580413818,,1.4570247206826779e-05,352.2281048899986
1.03562945368171,4360,0.6731528282165528,,1.4552652414885195e-05,353.07395119899957
1.0380047505938241,4370,0.6734207153320313,,1.453505762294361e-05,353.8740758619988
1.0403800475059382,4380,0.666132926940918,,1.4517462831002024e-05,354.60199938299957
1.0427553444180522,4390,0.651986837387085,,1.4499868039060439e-05,355.3966362029987
1.0451306413301662,4400,0.6605546474456787,,1.4482273247118855e-05,356.21984621499905
1.0475059382422802,4410,0.65908784866333,,1.4464678455177268e-05,356.99416193899924
1.0498812351543942,4420,0.6615513324737549,,1.4447083663235684e-05,357.9381546599998
1.0522565320665083,4430,0.6387392520904541,,1.4429488871294097e-05,358.7730716549995
1.0546318289786223,4440,0.6557486534118653,,1.4411894079352513e-05,359.4663011390003
1.0570071258907363,4450,0.6542661190032959,,1.4394299287410926e-05,360.24154304999865
1.0593824228028503,4460,0.6522889614105225,,1.4376704495469342e-05,361.1183473959991
1.0617577197149644,4470,0.6600740909576416,,1.4359109703527755e-05,361.96411714199894
1.0641330166270784,4480,0.6379256248474121,,1.4341514911586172e-05,362.7505228479986
1.0665083135391924,4490,0.6659092426300048,,1.4323920119644586e-05,363.6129972559993
1.0688836104513064,4500,0.6509794235229492,,1.4306325327703e-05,364.5845425339994
1.0712589073634204,4510,0.6724791526794434,,1.4288730535761415e-05,365.4297595759999
1.0736342042755345,4520,0.66757173538208,,1.427113574381983e-05,366.21906536499955
1.0760095011876485,4530,0.6684414863586425,,1.4253540951878244e-05,367.03196704999937
1.0783847980997625,4540,0.6518677711486817,,1.423594615993666e-05,367.8605443689994
1.0807600950118765,4550,0.6595767974853516,,1.4218351367995074e-05,368.68691867300004
1.0831353919239906,4560,0.6554343223571777,,1.420075657605349e-05,369.4873195349992
1.0855106888361046,4570,0.6508765697479248,,1.4183161784111904e-05,370.3059481319997
1.0878859857482186,4580,0.6562485218048095,,1.4165566992170319e-05,371.1729774239993
1.0902612826603326,4590,0.6550870895385742,,1.4147972200228735e-05,372.002621878999
1.0926365795724466,4600,0.6642903804779052,,1.4130377408287148e-05,372.7937099760002
1.0950118764845607,4610,0.6528181076049805,,1.4112782616345564e-05,373.6218040949989
1.0973871733966747,4620,0.6732634544372559,,1.4095187824403977e-05,374.3981161769989
1.0997624703087885,4630,0.6725927352905273,,1.4077593032462393e-05,375.29768406899893
1.1021377672209025,4640,0.6657889366149903,,1.4059998240520806e-05,376.0723927449999
1.1045130641330165,4650,0.6471960067749023,,1.4042403448579223e-05,376.83578030900026
1.1068883610451306,4660,0.6511335372924805,,1.4024808656637635e-05,377.547443423
1.1092636579572446,4670,0.6592373847961426,,1.4007213864696052e-05,378.2792311239991
1.1116389548693586,4680,0.6498774528503418,,1.3989619072754466e-05,379.1779832960001
1.1140142517814726,4690,0.6548707962036133,,1.397202428081288e-05,380.0180554939998
1.1163895486935866,4700,0.6643166542053223,,1.3954429488871295e-05,380.8009508919986
1.1187648456057007,4710,0.6507847785949707,,1.3936834696929712e-05,381.6019935539989
1.1211401425178147,4720,0.6588188171386719,,1.3919239904988124e-05,382.48452039199947
1.1235154394299287,4730,0.6390369892120361,,1.390164511304654e-05,383.31645485399895
1.1258907363420427,4740,0.6348560810089111,,1.3884050321104954e-05,384.0812876149994
1.1282660332541568,4750,0.6573517799377442,,1.386645552916337e-05,384.850226311999
1.1306413301662708,4760,0.6510900020599365,,1.3848860737221783e-05,385.614325044
1.1330166270783848,4770,0.6521101951599121,,1.3831265945280199e-05,386.48494144100005
1.1353919239904988,4780,0.6495320320129394,,1.3813671153338612e-05,387.39492157199857
1.1377672209026128,4790,0.6379404067993164,,1.3796076361397028e-05,388.2359191959986
1.1401425178147269,4800,0.659535026550293,,1.3778481569455443e-05,389.01963211699876
1.1425178147268409,4810,0.6653006553649903,,1.3760886777513857e-05,389.83183420000023
1.144893111638955,4820,0.6595390796661377,,1.3743291985572272e-05,390.7008521939988
1.147268408551069,4830,0.6750012874603272,,1.3725697193630686e-05,391.59156857199923
1.149643705463183,4840,0.6395744800567627,,1.3708102401689101e-05,392.46842504899905
1.152019002375297,4850,0.6415702819824218,,1.3690507609747517e-05,393.2367044169987
1.154394299287411,4860,0.6669963836669922,,1.367291281780593e-05,394.07987313599915
1.156769596199525,4870,0.6611087799072266,,1.3655318025864346e-05,394.8924561299991
1.159144893111639,4880,0.6314065456390381,,1.363772323392276e-05,395.7426099659988
1.161520190023753,4890,0.6576475620269775,,1.3620128441981175e-05,396.4856624040003
1.1638954869358669,4900,0.6518532276153565,,1.3602533650039588e-05,397.2693541939989
1.166270783847981,4910,0.6622076511383057,,1.3584938858098005e-05,398.11020149199976
1.168646080760095,4920,0.6841392040252685,,1.3567344066156417e-05,398.9032880809991
1.171021377672209,4930,0.6689132690429688,,1.3549749274214834e-05,399.72189957499904
1.173396674584323,4940,0.6655847549438476,,1.3532154482273248e-05,400.60641431099975
1.175771971496437,4950,0.6461185455322266,,1.3514559690331663e-05,401.48457521899945
1.178147268408551,4960,0.6596444129943848,,1.3496964898390077e-05,402.2766284930003
1.180522565320665,4970,0.6652478218078614,,1.3479370106448492e-05,403.11962220199894
1.182897862232779,4980,0.6390992641448975,,1.3461775314506906e-05,403.9441907049986
1.185273159144893,4990,0.6540399551391601,,1.3444180522565323e-05,404.7062690109997
1.187648456057007,5000,0.6470293521881103,,1.3426585730623736e-05,405.63068913200004
1.190023752969121,5010,0.6414213180541992,,1.3408990938682152e-05,406.42318650299967
1.1923990498812351,5020,0.6510893821716308,,1.3391396146740565e-05,407.2054624169996
1.1947743467933492,5030,0.6703591823577881,,1.3373801354798981e-05,407.9544571639999
1.1971496437054632,5040,0.6659566402435303,,1.3356206562857394e-05,408.81265184199947
1.1995249406175772,5050,0.6520050525665283,,1.333861177091581e-05,409.62521571399884
1.2019002375296912,5060,0.6487963199615479,,1.3321016978974225e-05,410.424720650999
1.2042755344418052,5070,0.6500358581542969,,1.330342218703264e-05,411.2354332599989
1.2066508313539193,5080,0.6691561222076416,,1.3285827395091054e-05,412.0523474399997
1.2090261282660333,5090,0.6538969039916992,,1.3268232603149468e-05,412.9074735969989
1.2114014251781473,5100,0.6444794178009033,,1.3250637811207883e-05,413.65122478099875
1.2137767220902613,5110,0.6363572120666504,,1.32330430192663e-05,414.5621983729998
1.2161520190023754,5120,0.6369375228881836,,1.3215448227324712e-05,415.3466294239988
1.2185273159144894,5130,0.6342046737670899,,1.3197853435383128e-05,416.1407944729999
1.2209026128266034,5140,0.6391027450561524,,1.3180258643441541e-05,416.9496647929991
1.2232779097387174,5150,0.6621931076049805,,1.3162663851499957e-05,417.72695244999886
1.2256532066508314,5160,0.6725969314575195,,1.314506905955837e-05,418.5672395319998
1.2280285035629455,5170,0.6614922523498535,,1.3127474267616787e-05,419.32119531900025
1.2304038004750595,5180,0.6415902137756347,,1.31098794756752e-05,420.062887303
1.2327790973871733,5190,0.6348321914672852,,1.3092284683733616e-05,420.8146469909989
1.2351543942992875,5200,0.6535423755645752,,1.307468989179203e-05,421.6728699769992
1.2375296912114013,5210,0.6556399822235107,,1.3057095099850445e-05,422.4591004670001
1.2399049881235154,5220,0.6551959037780761,,1.3039500307908861e-05,423.22360456299975
1.2422802850356294,5230,0.6431697368621826,,1.3021905515967274e-05,424.0535154469999
1.2446555819477434,5240,0.6649694442749023,,1.300431072402569e-05,424.9096926589991
1.2470308788598574,5250,0.6530286312103272,,1.2986715932084105e-05,425.71145250100017
1.2494061757719714,5260,0.636754846572876,,1.296912114014252e-05,426.56799804099865
1.2517814726840855,5270,0.6477737903594971,,1.2951526348200934e-05,427.2891074299987
1.2541567695961995,5280,0.6559711933135987,,1.2933931556259348e-05,428.03230318399983
1.2565320665083135,5290,0.6545235633850097,,1.2916336764317763e-05,428.8742831130003
1.2589073634204275,5300,0.6648847103118897,,1.289874197237618e-05,429.7152351219993
1.2612826603325415,5310,0.62794508934021,,1.2881147180434592e-05,430.45633934800026
1.2636579572446556,5320,0.6499305725097656,,1.2863552388493008e-05,431.263475881
1.2660332541567696,5330,0.6494257926940918,,1.2845957596551421e-05,432.089278817999
1.2684085510688836,5340,0.6554090023040772,,1.2828362804609837e-05,432.8732596919999
1.2707838479809976,5350,0.673861312866211,,1.281076801266825e-05,433.64150605599934
1.2731591448931117,5360,0.6603858947753907,,1.2793173220726667e-05,434.4800361790003
1.2755344418052257,5370,0.6408721446990967,,1.2775578428785081e-05,435.26896741999917
1.2779097387173397,5380,0.6519779205322266,,1.2757983636843496e-05,436.00499531899914
1.2802850356294537,5390,0.6338135719299316,,1.274038884490191e-05,436.771586163999
1.2826603325415677,5400,0.6552802085876465,,1.2722794052960325e-05,437.57455661899985
1.2850356294536818,5410,0.6477231025695801,,1.270519926101874e-05,438.38433303499914
1.2874109263657958,5420,0.6660221576690674,,1.2687604469077156e-05,439.15277747099935
1.2897862232779098,5430,0.6739694595336914,,1.2670009677135569e-05,440.0072485769997
1.2921615201900236,5440,0.6597848892211914,,1.2652414885193985e-05,440.78072119199896
1.2945368171021379,5450,0.6384957313537598,,1.2634820093252398e-05,441.6258458350003
1.2969121140142517,5460,0.6721468448638916,,1.2617225301310814e-05,442.48879647299873
1.299287410926366,5470,0.6598807811737061,,1.2599630509369227e-05,443.33592427499934
1.3016627078384797,5480,0.666316032409668,,1.2582035717427643e-05,444.0767280939999
1.304038004750594,5490,0.636776065826416,,1.2564440925486056e-05,444.94804209500035
1.3064133016627077,5500,0.6589405536651611,,1.2546846133544472e-05,445.79993000799914
1.3087885985748218,5510,0.6460060119628906,,1.2529251341602887e-05,446.6539175910002
1.3111638954869358,5520,0.6395990371704101,,1.2511656549661301e-05,447.480709043999
1.3135391923990498,5530,0.6506072521209717,,1.2494061757719716e-05,448.3213508809986
1.3159144893111638,5540,0.6513575553894043,,1.247646696577813e-05,449.13382293299946
1.3182897862232779,5550,0.64718656539917,,1.2458872173836545e-05,449.9577293129987
1.3206650831353919,5560,0.6435043334960937,,1.2441277381894961e-05,450.78655697999966
1.323040380047506,5570,0.6454480171203614,,1.2423682589953374e-05,451.6264217449989
1.32541567695962,5580,0.643437671661377,,1.240608779801179e-05,452.5034887549991
1.327790973871734,5590,0.650900936126709,,1.2388493006070203e-05,453.2945748619986
1.330166270783848,5600,0.6535457611083985,,1.237089821412862e-05,454.1282639000001
1.332541567695962,5610,0.6452011585235595,,1.2353303422187032e-05,454.90373454399924
1.334916864608076,5620,0.6399118423461914,,1.2335708630245449e-05,455.7480825319999
1.33729216152019,5630,0.6669330596923828,,1.2318113838303861e-05,456.64014581399897
1.339667458432304,5640,0.672042989730835,,1.2300519046362278e-05,457.4706943170004
1.342042755344418,5650,0.6662089347839355,,1.2282924254420692e-05,458.33155522299967
1.344418052256532,5660,0.6314168930053711,,1.2265329462479107e-05,459.1424441979998
1.3467933491686461,5670,0.6677622318267822,,1.2247734670537521e-05,460.0702799519986
1.3491686460807601,5680,0.6445649147033692,,1.2230139878595938e-05,460.9013468100002
1.3515439429928742,5690,0.6701628684997558,,1.221254508665435e-05,461.73300883199954
1.3539192399049882,5700,0.6513504981994629,,1.2194950294712767e-05,462.5204452959988
1.3562945368171022,5710,0.6336959362030029,,1.217735550277118e-05,463.29068256999926
1.3586698337292162,5720,0.6544811725616455,,1.2159760710829596e-05,464.1135835570003
1.36104513064133,5730,0.6827982902526856,,1.2142165918888009e-05,464.92172140299954
1.3634204275534443,5740,0.6595384120941162,,1.2124571126946425e-05,465.7851472839993
1.365795724465558,5750,0.650627326965332,,1.2106976335004838e-05,466.5119080989989
1.3681710213776723,5760,0.6302162647247315,,1.2089381543063254e-05,467.2652243020002
1.3705463182897861,5770,0.656669807434082,,1.2071786751121669e-05,468.1309593959995
1.3729216152019004,5780,0.6612718582153321,,1.2054191959180083e-05,468.9111874800001
1.3752969121140142,5790,0.6417395591735839,,1.2036597167238498e-05,469.701649016999
1.3776722090261282,5800,0.6146722793579101,,1.2019002375296912e-05,470.53290162699886
1.3800475059382422,5810,0.6687653064727783,,1.2001407583355327e-05,471.3221870899997
1.3824228028503562,5820,0.6500425815582276,,1.1983812791413743e-05,472.14816379900003
1.3847980997624703,5830,0.6316167831420898,,1.1966217999472156e-05,472.9133724610001
1.3871733966745843,5840,0.6544058799743653,,1.1948623207530572e-05,473.699692451999
1.3895486935866983,5850,0.6753782272338867,,1.1931028415588987e-05,474.4451378679987
1.3919239904988123,5860,0.6504060745239257,,1.1913433623647402e-05,475.2653515419988
1.3942992874109263,5870,0.6235401630401611,,1.1895838831705818e-05,476.00869151199913
1.3966745843230404,5880,0.6648612022399902,,1.187824403976423e-05,476.8265925099986
1.3990498812351544,5890,0.6515718460083008,,1.1860649247822647e-05,477.531746957
1.4014251781472684,5900,0.6382266521453858,,1.184305445588106e-05,478.31493708000016
1.4038004750593824,5910,0.6484225273132325,,1.1825459663939476e-05,479.1512395560003
1.4061757719714965,5920,0.6612076759338379,,1.1807864871997889e-05,479.9483955839987
1.4085510688836105,5930,0.6450578689575195,,1.1790270080056305e-05,480.6619482799997
1.4109263657957245,5940,0.6563773632049561,,1.1772675288114718e-05,481.4392841230001
1.4133016627078385,5950,0.6628358840942383,,1.1755080496173134e-05,482.2055121689991
1.4156769596199525,5960,0.6412320137023926,,1.1737485704231549e-05,483.02221505499983
1.4180522565320666,5970,0.6308025360107422,,1.1719890912289963e-05,483.7689271449999
1.4204275534441806,5980,0.648591947555542,,1.1702296120348378e-05,484.50400154700037
1.4228028503562946,5990,0.660029125213623,,1.1684701328406794e-05,485.23583294799937
1.4251781472684084,6000,0.668873929977417,,1.1667106536465207e-05,485.94523254399974
1.4275534441805227,6010,0.6565851211547852,,1.1649511744523623e-05,486.6320338200003
1.4299287410926365,6020,0.6463788032531739,,1.1631916952582036e-05,487.40948879200005
1.4323040380047507,6030,0.6410121917724609,,1.1614322160640452e-05,488.1745529639993
1.4346793349168645,6040,0.673885726928711,,1.1596727368698865e-05,488.9260768369986
1.4370546318289787,6050,0.6496484279632568,,1.1579132576757282e-05,489.7794215899994
1.4394299287410925,6060,0.6604262351989746,,1.1561537784815694e-05,490.63250296299884
1.4418052256532066,6070,0.6583392143249511,,1.154394299287411e-05,491.40990925999904
1.4441805225653206,6080,0.6513193607330322,,1.1526348200932525e-05,492.2155721979998
1.4465558194774346,6090,0.651548194885254,,1.150875340899094e-05,493.0432109020003
1.4489311163895486,6100,0.6445291042327881,,1.1491158617049354e-05,493.76283074099956
1.4513064133016627,6110,0.6576122760772705,,1.1473563825107769e-05,494.6001122589987
1.4536817102137767,6120,0.6876471519470215,,1.1455969033166184e-05,495.39633121299994
1.4560570071258907,6130,0.6333309650421143,,1.14383742412246e-05,496.2540770229989
1.4584323040380047,6140,0.6627189636230468,,1.1420779449283013e-05,497.1053568159987
1.4608076009501187,6150,0.6403079509735108,,1.1403184657341429e-05,497.9292464609989
1.4631828978622328,6160,0.6539321422576905,,1.1385589865399842e-05,498.7596116349996
1.4655581947743468,6170,0.6468163013458252,,1.1367995073458258e-05,499.5613435799987
1.4679334916864608,6180,0.6423710346221924,,1.1350400281516671e-05,500.292565709
1.4703087885985748,6190,0.654904842376709,,1.1332805489575087e-05,501.0209110830001
1.4726840855106889,6200,0.6490803718566894,,1.13152106976335e-05,501.8230460779996
1.4750593824228029,6210,0.6452549457550049,,1.1297615905691916e-05,502.583437760999
1.477434679334917,6220,0.666376781463623,,1.128002111375033e-05,503.3960446429992
1.479809976247031,6230,0.6439632415771485,,1.1262426321808745e-05,504.1956859820002
1.482185273159145,6240,0.651500129699707,,1.124483152986716e-05,504.9382854409996
1.484560570071259,6250,0.6571331977844238,,1.1227236737925575e-05,505.8051878139995
1.486935866983373,6260,0.6539246559143066,,1.1209641945983989e-05,506.60080138800004
1.489311163895487,6270,0.6617529392242432,,1.1192047154042405e-05,507.49397187999966
1.491686460807601,6280,0.6458760738372803,,1.1174452362100818e-05,508.23284696500014
1.4940617577197148,6290,0.6525274753570557,,1.1156857570159234e-05,509.140230469
1.496437054631829,6300,0.6695135116577149,,1.1139262778217647e-05,509.977100954
1.4988123515439429,6310,0.6442126750946044,,1.1121667986276064e-05,510.8154292959989
1.5011876484560571,6320,0.6605196952819824,,1.1104073194334476e-05,511.6073836509986
1.503562945368171,6330,0.645121717453003,,1.1086478402392893e-05,512.4375990839999
1.5059382422802852,6340,0.6656927108764649,,1.1068883610451307e-05,513.1968497369999
1.508313539192399,6350,0.6469919204711914,,1.1051288818509722e-05,514.1257143539988
1.5106888361045132,6360,0.6502931118011475,,1.1033694026568136e-05,514.9047716799996
1.513064133016627,6370,0.6462647438049316,,1.1016099234626551e-05,515.5949252869996
1.5154394299287413,6380,0.6339753150939942,,1.0998504442684966e-05,516.3902776159994
1.517814726840855,6390,0.6624566555023194,,1.0980909650743382e-05,517.1191203639992
1.520190023752969,6400,0.6543742656707764,,1.0963314858801795e-05,517.9435031119992
1.522565320665083,6410,0.6532405853271485,,1.0945720066860211e-05,518.8442458819991
1.5249406175771971,6420,0.6366801261901855,,1.0928125274918624e-05,519.711388067999
1.5273159144893111,6430,0.6399753093719482,,1.091053048297704e-05,520.5183407940003
1.5296912114014252,6440,0.6717301368713379,,1.0892935691035453e-05,521.2848898559987
1.5320665083135392,6450,0.6593222141265869,,1.0875340899093869e-05,522.073064057
1.5344418052256532,6460,0.6492962837219238,,1.0857746107152282e-05,522.8776908269992
1.5368171021377672,6470,0.6516677856445312,,1.0840151315210698e-05,523.6344324989986
1.5391923990498813,6480,0.6582804203033448,,1.0822556523269115e-05,524.4628353669996
1.5415676959619953,6490,0.6611867427825928,,1.0804961731327527e-05,525.3278884859992
1.5439429928741093,6500,0.6556508541107178,,1.0787366939385944e-05,526.1993727659992
1.5463182897862233,6510,0.6254197120666504,,1.0769772147444357e-05,527.0033578869989
1.5486935866983373,6520,0.658230209350586,,1.0752177355502773e-05,527.7719533910004
1.5510688836104514,6530,0.6507094383239747,,1.0734582563561187e-05,528.5462562699995
1.5534441805225652,6540,0.6519097805023193,,1.0716987771619602e-05,529.3708338380002
1.5558194774346794,6550,0.6476094722747803,,1.0699392979678016e-05,530.1180303269994
1.5581947743467932,6560,0.6412811279296875,,1.0681798187736431e-05,530.806618441
1.5605700712589075,6570,0.6641170024871826,,1.0664203395794846e-05,531.5780751549992
1.5629453681710213,6580,0.6362985134124756,,1.0646608603853262e-05,532.3194186330002
1.5653206650831355,6590,0.6327281951904297,,1.0629013811911675e-05,533.1481772959996
1.5676959619952493,6600,0.6391680717468262,,1.0611419019970091e-05,533.9879159659995
1.5700712589073635,6610,0.664818000793457,,1.0593824228028504e-05,534.7734879309992
1.5724465558194773,6620,0.6433202743530273,,1.057622943608692e-05,535.6680395999992
1.5748218527315916,6630,0.6604125499725342,,1.0558634644145333e-05,536.4375271629997
1.5771971496437054,6640,0.6352151870727539,,1.054103985220375e-05,537.2404742629988
1.5795724465558196,6650,0.6569231033325196,,1.0523445060262164e-05,538.0589010849999
1.5819477434679334,6660,0.6364384174346924,,1.0505850268320578e-05,538.9024206719987
1.5843230403800475,6670,0.6395424365997314,,1.0488255476378993e-05,539.6366695159995
1.5866983372921615,6680,0.6562877178192139,,1.0470660684437407e-05,540.3839736579994
1.5890736342042755,6690,0.6397571563720703,,1.0453065892495822e-05,541.2311307210002
1.5914489311163895,6700,0.6584009647369384,,1.0435471100554238e-05,542.0020838479995
1.5938242280285035,6710,0.6487778663635254,,1.0417876308612651e-05,542.8239459509987
1.5961995249406176,6720,0.6398561000823975,,1.0400281516671067e-05,543.6691629349989
1.5985748218527316,6730,0.6584017276763916,,1.038268672472948e-05,544.4542122259991
1.6009501187648456,6740,0.6572582244873046,,1.0365091932787897e-05,545.269804223999
1.6033254156769596,6750,0.6527200698852539,,1.034749714084631e-05,546.0579744749994
1.6057007125890737,6760,0.6619377136230469,,1.0329902348904726e-05,546.8798596739998
1.6080760095011877,6770,0.6315755367279052,,1.0312307556963139e-05,547.6810361560001
1.6104513064133017,6780,0.649082088470459,,1.0294712765021555e-05,548.4330181650002
1.6128266033254157,6790,0.6429324150085449,,1.027711797307997e-05,549.2256355729987
1.6152019002375297,6800,0.6345710754394531,,1.0259523181138384e-05,550.0422243829998
1.6175771971496435,6810,0.6404069900512696,,1.0241928389196798e-05,550.7686547029989
1.6199524940617578,6820,0.6444742679595947,,1.0224333597255213e-05,551.6153299540001
1.6223277909738716,6830,0.6478974342346191,,1.0206738805313628e-05,552.3550820229993
1.6247030878859858,6840,0.6450258255004883,,1.0189144013372044e-05,553.0837249719989
1.6270783847980996,6850,0.6631680965423584,,1.0171549221430457e-05,553.9030387849998
1.6294536817102139,6860,0.6472293376922608,,1.0153954429488873e-05,554.7774410389993
1.6318289786223277,6870,0.6416754722595215,,1.0136359637547286e-05,555.690885398999
1.634204275534442,6880,0.6425978183746338,,1.0118764845605702e-05,556.6070944319999
1.6365795724465557,6890,0.6581725597381591,,1.0101170053664115e-05,557.4916832259987
1.63895486935867,6900,0.6487800121307373,,1.0083575261722531e-05,558.296522577999
1.6413301662707838,6910,0.6632312297821045,,1.0065980469780944e-05,559.0817292169995
1.643705463182898,6920,0.6499974250793457,,1.004838567783936e-05,559.7558634629986
1.6460807600950118,6930,0.6464820861816406,,1.0030790885897775e-05,560.4993401800002
1.648456057007126,6940,0.6600039958953857,,1.001319609395619e-05,561.3201118149991
1.6508313539192399,6950,0.6366108894348145,,9.995601302014604e-06,562.1392526660002
1.6532066508313539,6960,0.6453658103942871,,9.97800651007302e-06,563.0915029609987
1.655581947743468,6970,0.6409739017486572,,9.960411718131435e-06,563.9042176120001
1.657957244655582,6980,0.6331202030181885,,9.94281692618985e-06,564.6918103919998
1.660332541567696,6990,0.665960693359375,,9.925222134248264e-06,565.3909421890003
1.66270783847981,7000,0.6413134574890137,,9.907627342306679e-06,566.1980927249988
1.665083135391924,7010,0.6395357131958008,,9.890032550365093e-06,566.985748269999
1.667458432304038,7020,0.648745346069336,,9.872437758423508e-06,567.7006545629993
1.669833729216152,7030,0.6522819519042968,,9.854842966481922e-06,568.5667130649999
1.672209026128266,7040,0.6297873497009278,,9.837248174540337e-06,569.4138757159999
1.67458432304038,7050,0.638137674331665,,9.819653382598751e-06,570.139448942
1.676959619952494,7060,0.6442155361175537,,9.802058590657166e-06,570.8942235329996
1.6793349168646081,7070,0.6514047622680664,,9.78446379871558e-06,571.6587361659986
1.6817102137767221,7080,0.6369346141815185,,9.766869006773995e-06,572.4670595259995
1.6840855106888362,7090,0.6411628246307373,,9.74927421483241e-06,573.3332705089997
1.68646080760095,7100,0.6434258460998535,,9.731679422890826e-06,574.1247113469999
1.6888361045130642,7110,0.6490787982940673,,9.71408463094924e-06,574.9468299359996
1.691211401425178,7120,0.6352485179901123,,9.696489839007655e-06,575.7200678779991
1.6935866983372923,7130,0.6446242332458496,,9.67889504706607e-06,576.6319542299989
1.695961995249406,7140,0.6353909492492675,,9.661300255124484e-06,577.4902867949986
1.6983372921615203,7150,0.6672351837158204,,9.643705463182899e-06,578.3517880999989
1.700712589073634,7160,0.640223217010498,,9.626110671241313e-06,579.1324840449997
1.7030878859857483,7170,0.6567672729492188,,9.608515879299728e-06,579.9364057959992
1.7054631828978621,7180,0.6404960632324219,,9.590921087358142e-06,580.7399255559994
1.7078384798099764,7190,0.6296980857849122,,9.573326295416557e-06,581.5658352829996
1.7102137767220902,7200,0.6562494754791259,,9.555731503474971e-06,582.4172115679994
1.7125890736342044,7210,0.6501748561859131,,9.538136711533386e-06,583.2735699989989
1.7149643705463182,7220,0.6223927974700928,,9.5205419195918e-06,584.1239952879987
1.7173396674584323,7230,0.6372096538543701,,9.502947127650217e-06,584.9181394489988
1.7197149643705463,7240,0.6665928363800049,,9.485352335708631e-06,585.7353121449996
1.7220902612826603,7250,0.6378345966339112,,9.467757543767046e-06,586.5558080869996
1.7244655581947743,7260,0.6374070644378662,,9.45016275182546e-06,587.4273028560001
1.7268408551068883,7270,0.6253339767456054,,9.432567959883875e-06,588.1779881370003
1.7292161520190024,7280,0.6285921096801758,,9.41497316794229e-06,588.9563948539999
1.7315914489311164,7290,0.6370301246643066,,9.397378376000704e-06,589.7015762439987
1.7339667458432304,7300,0.6252483367919922,,9.379783584059119e-06,590.4848885819993
1.7363420427553444,7310,0.646707010269165,,9.362188792117533e-06,591.3474978389986
1.7387173396674585,7320,0.6580651760101318,,9.344594000175948e-06,592.2065826830003
1.7410926365795725,7330,0.6178617000579834,,9.326999208234362e-06,593.0596827469999
1.7434679334916865,7340,0.6483291625976563,,9.309404416292777e-06,593.9057654919998
1.7458432304038005,7350,0.6295887470245362,,9.291809624351192e-06,594.6800445850004
1.7482185273159145,7360,0.6314101219177246,,9.274214832409608e-06,595.4351734209995
1.7505938242280283,7370,0.6331764698028565,,9.256620040468022e-06,596.2363078210001
1.7529691211401426,7380,0.6428080558776855,,9.239025248526437e-06,596.9548738579997
1.7553444180522564,7390,0.6116630554199218,,9.221430456584852e-06,597.7324651069994
1.7577197149643706,7400,0.636320972442627,,9.203835664643266e-06,598.6174034359992
1.7600950118764844,7410,0.618836784362793,,9.18624087270168e-06,599.5138035389991
1.7624703087885987,7420,0.6340471744537354,,9.168646080760095e-06,600.3952247050001
1.7648456057007125,7430,0.6617592811584473,,9.151051288818511e-06,601.1844844139996
1.7672209026128267,7440,0.665314769744873,,9.133456496876926e-06,601.9468416419986
1.7695961995249405,7450,0.6653773784637451,,9.11586170493534e-06,602.6935174609989
1.7719714964370548,7460,0.6444061279296875,,9.098266912993755e-06,603.4350446549997
1.7743467933491686,7470,0.6591023921966552,,9.08067212105217e-06,604.2652286609991
1.7767220902612828,7480,0.6452806472778321,,9.063077329110584e-06,605.0656200969988
1.7790973871733966,7490,0.6386847972869873,,9.045482537168999e-06,605.8785692139991
1.7814726840855108,7500,0.6218463897705078,,9.027887745227413e-06,606.6585244859998
1.7838479809976246,7510,0.6245412826538086,,9.010292953285828e-06,607.5027319069995
1.7862232779097387,7520,0.6724517345428467,,8.992698161344243e-06,608.3163175889986
1.7885985748218527,7530,0.6220814704895019,,8.975103369402657e-06,609.0616156139986
1.7909738717339667,7540,0.6609195709228516,,8.957508577461073e-06,609.8123222670001
1.7933491686460807,7550,0.6427698135375977,,8.939913785519488e-06,610.6389620560003
1.7957244655581948,7560,0.6327917098999023,,8.922318993577902e-06,611.3654223609992
1.7980997624703088,7570,0.6348365306854248,,8.904724201636317e-06,612.2170693909993
1.8004750593824228,7580,0.6340734004974365,,8.887129409694732e-06,613.0110460579999
1.8028503562945368,7590,0.6389626026153564,,8.869534617753146e-06,613.8245130949999
1.8052256532066508,7600,0.694185733795166,,8.85193982581156e-06,614.676061266
1.8076009501187649,7610,0.6331745147705078,,8.834345033869975e-06,615.5456869129994
1.809976247030879,7620,0.6561750411987305,,8.81675024192839e-06,616.352165590999
1.812351543942993,7630,0.6285734176635742,,8.799155449986804e-06,617.1181057479989
1.814726840855107,7640,0.6533122062683105,,8.781560658045219e-06,617.873326727
1.817102137767221,7650,0.6323857307434082,,8.763965866103634e-06,618.7699184069988
1.8194774346793348,7660,0.6424450874328613,,8.746371074162048e-06,619.5789909590003
1.821852731591449,7670,0.6406067848205567,,8.728776282220464e-06,620.3773960759991
1.8242280285035628,7680,0.6429183483123779,,8.711181490278879e-06,621.131021485
1.826603325415677,7690,0.6366801738739014,,8.693586698337293e-06,621.968515773
1.8289786223277908,7700,0.6383188247680665,,8.675991906395708e-06,622.8379334889996
1.831353919239905,7710,0.6452760696411133,,8.658397114454123e-06,623.7260212259989
1.833729216152019,7720,0.6686812400817871,,8.640802322512537e-06,624.5162226159991
1.8361045130641331,7730,0.6461796760559082,,8.623207530570952e-06,625.3539015789993
1.838479809976247,7740,0.6422328948974609,,8.605612738629366e-06,626.305132649999
1.8408551068883612,7750,0.633634090423584,,8.588017946687781e-06,627.1491065359987
1.843230403800475,7760,0.6213554382324219,,8.570423154746195e-06,627.9129590899993
1.8456057007125892,7770,0.6448404312133789,,8.55282836280461e-06,628.733082408
1.847980997624703,7780,0.6446022510528564,,8.535233570863025e-06,629.5475653719986
1.850356294536817,7790,0.6342899799346924,,8.517638778921439e-06,630.4434024689999
1.852731591448931,7800,0.6477537631988526,,8.500043986979855e-06,631.295701351999
1.855106888361045,7810,0.6711569786071777,,8.48244919503827e-06,632.1590628859994
1.8574821852731591,7820,0.6462847709655761,,8.464854403096684e-06,633.0717433629998
1.8598574821852731,7830,0.6479595184326172,,8.447259611155099e-06,633.8407606789988
1.8622327790973872,7840,0.6262580871582031,,8.429664819213514e-06,634.7137275009991
1.8646080760095012,7850,0.6536036014556885,,8.412070027271928e-06,635.4629631150001
1.8669833729216152,7860,0.6324031829833985,,8.394475235330343e-06,636.2487307529991
1.8693586698337292,7870,0.6274590015411377,,8.376880443388757e-06,636.9907787569991
1.8717339667458432,7880,0.6567005634307861,,8.359285651447172e-06,637.8085665299986
1.8741092636579573,7890,0.6372666358947754,,8.341690859505586e-06,638.6370887939993
1.8764845605700713,7900,0.6159879207611084,,8.324096067564001e-06,639.4384473929986
1.8788598574821853,7910,0.6461209774017334,,8.306501275622416e-06,640.2636394559995
1.8812351543942993,7920,0.6388586521148681,,8.28890648368083e-06,641.1155636579988
1.8836104513064131,7930,0.6169248580932617,,8.271311691739245e-06,641.8703553199994
1.8859857482185274,7940,0.6002149105072021,,8.253716899797661e-06,642.6883488299991
1.8883610451306412,7950,0.63661789894104,,8.236122107856076e-06,643.3818856679991
1.8907363420427554,7960,0.6612369537353515,,8.21852731591449e-06,644.2715384719995
1.8931116389548692,7970,0.6370560646057128,,8.200932523972905e-06,645.1277330119992
1.8954869358669835,7980,0.6357805252075195,,8.18333773203132e-06,645.9402235639991
1.8978622327790973,7990,0.6548781394958496,,8.165742940089734e-06,646.7511676739996
1.9002375296912115,8000,0.6367938995361329,,8.148148148148148e-06,647.5594927740003
1.9026128266033253,8010,0.6291163921356201,,8.130553356206563e-06,648.3388552559991
1.9049881235154396,8020,0.6400416374206543,,8.112958564264977e-06,649.1440713619995
1.9073634204275534,8030,0.6158032417297363,,8.095363772323392e-06,649.9054095219999
1.9097387173396676,8040,0.6520727634429931,,8.077768980381807e-06,650.6775180019995
1.9121140142517814,8050,0.646781587600708,,8.060174188440221e-06,651.473953495999
1.9144893111638956,8060,0.6409518241882324,,8.042579396498637e-06,652.2740116349996
1.9168646080760094,8070,0.6250983238220215,,8.024984604557052e-06,653.2295957329989
1.9192399049881235,8080,0.6610056400299072,,8.007389812615467e-06,654.0834031459999
1.9216152019002375,8090,0.6259953498840332,,7.989795020673881e-06,654.9149125579988
1.9239904988123515,8100,0.6407431602478028,,7.972200228732296e-06,655.7465178759994
1.9263657957244655,8110,0.6416627883911132,,7.954605436790712e-06,656.5575070799987
1.9287410926365796,8120,0.6564655303955078,,7.937010644849126e-06,657.3364970160001
1.9311163895486936,8130,0.6303116321563721,,7.919415852907541e-06,658.2221146169995
1.9334916864608076,8140,0.657260799407959,,7.901821060965956e-06,659.136951335
1.9358669833729216,8150,0.6222102642059326,,7.88422626902437e-06,659.9116346720002
1.9382422802850356,8160,0.6390218734741211,,7.866631477082785e-06,660.7207498079988
1.9406175771971497,8170,0.6333711624145508,,7.8490366851412e-06,661.5762202599999
1.9429928741092637,8180,0.6385728359222412,,7.831441893199614e-06,662.403888715
1.9453681710213777,8190,0.6290124893188477,,7.813847101258028e-06,663.1978049099998
1.9477434679334917,8200,0.634653902053833,,7.796252309316443e-06,663.985209511
1.9501187648456058,8210,0.6359838485717774,,7.778657517374858e-06,664.7688778189986
1.9524940617577196,8220,0.6444805145263672,,7.761062725433272e-06,665.5708677869989
1.9548693586698338,8230,0.6488250255584717,,7.743467933491687e-06,666.3435614219998
1.9572446555819476,8240,0.6544929027557373,,7.725873141550101e-06,667.1862147159991
1.9596199524940618,8250,0.6401046752929688,,7.708278349608517e-06,668.0142024179986
1.9619952494061756,8260,0.6555049896240235,,7.690683557666932e-06,668.8783101099998
1.96437054631829,8270,0.6362679958343506,,7.673088765725347e-06,669.6698579599997
1.9667458432304037,8280,0.6422336101531982,,7.655493973783761e-06,670.5149059769992
1.969121140142518,8290,0.6527046680450439,,7.637899181842176e-06,671.3242509849988
1.9714964370546317,8300,0.640316104888916,,7.62030438990059e-06,672.1695230999994
1.973871733966746,8310,0.6516281604766846,,7.602709597959005e-06,672.8957282439987
1.9762470308788598,8320,0.6451275825500489,,7.585114806017419e-06,673.7394508979996
1.978622327790974,8330,0.6625592231750488,,7.567520014075834e-06,674.5565132310003
1.9809976247030878,8340,0.638315486907959,,7.549925222134249e-06,675.3113167439988
1.9833729216152018,8350,0.6462843418121338,,7.532330430192664e-06,676.1209108249986
1.9857482185273159,8360,0.6706237316131591,,7.5147356382510785e-06,676.9492723009989
1.98812351543943,8370,0.6477880477905273,,7.497140846309493e-06,677.7082494909992
1.990498812351544,8380,0.653458833694458,,7.479546054367908e-06,678.5974446469991
1.992874109263658,8390,0.6309678554534912,,7.461951262426322e-06,679.4033065509993
1.995249406175772,8400,0.6453103065490723,,7.444356470484737e-06,680.1161815809992
1.997624703087886,8410,0.6328625679016113,,7.426761678543152e-06,680.9388660799996
2.0,8420,0.6326917171478271,,7.409166886601567e-06,681.629173809999
2.0,8420,,0.6350761651992798,,684.0450328930001
2.002375296912114,8430,0.6516259670257568,,7.391572094659981e-06,685.5004222719999
2.004750593824228,8440,0.6466840267181396,,7.373977302718396e-06,686.3510256640002
2.007125890736342,8450,0.6412518978118896,,7.35638251077681e-06,687.0953665010002
2.009501187648456,8460,0.644219446182251,,7.338787718835225e-06,687.834891258999
2.01187648456057,8470,0.6320048332214355,,7.3211929268936395e-06,688.620966004999
2.014251781472684,8480,0.6264486312866211,,7.303598134952055e-06,689.4335805640003
2.016627078384798,8490,0.6325490951538086,,7.2860033430104695e-06,690.2552597859994
2.019002375296912,8500,0.6460593223571778,,7.268408551068884e-06,691.0868240950003
2.021377672209026,8510,0.6608493328094482,,7.250813759127299e-06,691.9931291989997
2.02375296912114,8520,0.647074842453003,,7.233218967185713e-06,692.7871937029995
2.026128266033254,8530,0.6381611824035645,,7.215624175244128e-06,693.5442739230002
2.0285035629453683,8540,0.6364307880401612,,7.198029383302543e-06,694.3209571899988
2.030878859857482,8550,0.6242864608764649,,7.180434591360958e-06,695.0994446449986
2.0332541567695963,8560,0.6632691860198975,,7.162839799419372e-06,695.953040671
2.03562945368171,8570,0.6346145153045655,,7.145245007477787e-06,696.771384009
2.0380047505938244,8580,0.6434267520904541,,7.127650215536201e-06,697.4514653440001
2.040380047505938,8590,0.6422710418701172,,7.110055423594616e-06,698.2205381909989
2.0427553444180524,8600,0.6368006706237793,,7.0924606316530305e-06,699.0207448599995
2.045130641330166,8610,0.6235685825347901,,7.074865839711446e-06,699.7709524849997
2.0475059382422804,8620,0.6338263511657715,,7.0572710477698605e-06,700.5576055189995
2.0498812351543942,8630,0.6363279342651367,,7.039676255828275e-06,701.3227536119994
2.0522565320665085,8640,0.6291439533233643,,7.02208146388669e-06,702.1259344399987
2.0546318289786223,8650,0.6474248886108398,,7.004486671945104e-06,702.9959565369991
2.0570071258907365,8660,0.6441765308380127,,6.986891880003519e-06,703.7611190549997
2.0593824228028503,8670,0.6342872619628906,,6.969297088061934e-06,704.5517542369998
2.0617577197149646,8680,0.6223241806030273,,6.951702296120349e-06,705.3102366549992
2.0641330166270784,8690,0.6456933975219726,,6.934107504178763e-06,706.1577113860003
2.0665083135391926,8700,0.6412213802337646,,6.916512712237179e-06,707.016582831
2.0688836104513064,8710,0.6324773788452148,,6.898917920295593e-06,707.7804773070002
2.07125890736342,8720,0.62615065574646,,6.881323128354009e-06,708.5287168220002
2.0736342042755345,8730,0.6288310527801514,,6.863728336412423e-06,709.2490391270003
2.0760095011876483,8740,0.6416431427001953,,6.846133544470838e-06,710.167704517
2.0783847980997625,8750,0.6444950580596924,,6.828538752529252e-06,710.9826204279998
2.0807600950118763,8760,0.6405702590942383,,6.810943960587667e-06,711.868072756999
2.0831353919239906,8770,0.6533028602600097,,6.7933491686460815e-06,712.7629610389995
2.0855106888361044,8780,0.6447738647460938,,6.775754376704496e-06,713.5904245679994
2.0878859857482186,8790,0.6604570388793946,,6.7581595847629114e-06,714.3559949539995
2.0902612826603324,8800,0.6107758998870849,,6.740564792821326e-06,715.1469151789988
2.0926365795724466,8810,0.6333331108093262,,6.7229700008797406e-06,715.9983625299992
2.0950118764845604,8820,0.6357757568359375,,6.705375208938155e-06,716.8678462039989
2.0973871733966747,8830,0.646879768371582,,6.68778041699657e-06,717.6202668959995
2.0997624703087885,8840,0.6433466911315918,,6.670185625054984e-06,718.4617703160002
2.1021377672209027,8850,0.6529395580291748,,6.6525908331134e-06,719.3750959629997
2.1045130641330165,8860,0.6391203880310059,,6.634996041171814e-06,720.1438779589989
2.1068883610451308,8870,0.6357891082763671,,6.617401249230229e-06,720.949160660999
2.1092636579572446,8880,0.6601134300231933,,6.599806457288643e-06,721.8445635909993
2.111638954869359,8890,0.6368337631225586,,6.582211665347058e-06,722.713735424999
2.1140142517814726,8900,0.6483231067657471,,6.5646168734054725e-06,723.531424105
2.116389548693587,8910,0.6557117938995362,,6.547022081463887e-06,724.3153984059991
2.1187648456057007,8920,0.6370669841766358,,6.5294272895223024e-06,725.1109605250003
2.121140142517815,8930,0.6177474975585937,,6.511832497580717e-06,725.8950664849999
2.1235154394299287,8940,0.6492959022521972,,6.4942377056391316e-06,726.6384080669995
2.125890736342043,8950,0.6440595149993896,,6.476642913697546e-06,727.4064290089991
2.1282660332541568,8960,0.614047908782959,,6.459048121755961e-06,728.1774417799988
2.130641330166271,8970,0.6518679618835449,,6.441453329814375e-06,728.9142974289989
2.133016627078385,8980,0.6451170444488525,,6.423858537872791e-06,729.6683671869996
2.1353919239904986,8990,0.6498967170715332,,6.406263745931205e-06,730.5276270260001
2.137767220902613,9000,0.6343071937561036,,6.38866895398962e-06,731.2643479999988
2.1401425178147266,9010,0.6435734272003174,,6.371074162048034e-06,732.0746891050003
2.142517814726841,9020,0.6335844039916992,,6.353479370106449e-06,732.916678137999
2.1448931116389547,9030,0.64079909324646,,6.3358845781648635e-06,733.7039324079997
2.147268408551069,9040,0.6136108875274658,,6.318289786223278e-06,734.4699442339988
2.1496437054631827,9050,0.6312481880187988,,6.3006949942816934e-06,735.3061582600003
2.152019002375297,9060,0.6266800880432128,,6.283100202340108e-06,736.064467066999
2.1543942992874108,9070,0.6540390014648437,,6.2655054103985226e-06,736.8150420889997
2.156769596199525,9080,0.6237483024597168,,6.247910618456937e-06,737.6610767849998
2.159144893111639,9090,0.6233174800872803,,6.230315826515352e-06,738.517827235999
2.161520190023753,9100,0.6336406230926513,,6.212721034573766e-06,739.3556268229986
2.163895486935867,9110,0.6505648612976074,,6.195126242632181e-06,740.2463000389998
2.166270783847981,9120,0.6343632698059082,,6.177531450690596e-06,741.0362957639991
2.168646080760095,9130,0.6279446125030518,,6.159936658749011e-06,741.7666099950002
2.171021377672209,9140,0.5897688865661621,,6.142341866807425e-06,742.6396908939987
2.173396674584323,9150,0.6275691032409668,,6.12474707486584e-06,743.4542884539987
2.175771971496437,9160,0.6408786296844482,,6.1071522829242545e-06,744.2228938520002
2.178147268408551,9170,0.6377485752105713,,6.089557490982669e-06,745.0707474219998
2.1805225653206652,9180,0.6494115352630615,,6.0719626990410844e-06,745.9077041239998
2.182897862232779,9190,0.6127093315124512,,6.054367907099499e-06,746.7581309179986
2.1852731591448933,9200,0.6407038688659668,,6.0367731151579136e-06,747.5581718319991
2.187648456057007,9210,0.6215090274810791,,6.019178323216328e-06,748.322753683
2.1900237529691213,9220,0.6297831535339355,,6.001583531274743e-06,749.1119223589994
2.192399049881235,9230,0.639594316482544,,5.983988739333157e-06,749.9089862759993
2.1947743467933494,9240,0.640277624130249,,5.966393947391572e-06,750.8131508899987
2.197149643705463,9250,0.6337878227233886,,5.948799155449987e-06,751.6430503049996
2.199524940617577,9260,0.6358096122741699,,5.931204363508402e-06,752.4897657839992
2.201900237529691,9270,0.6045076370239257,,5.913609571566816e-06,753.2785815730003
2.204275534441805,9280,0.6157670974731445,,5.896014779625231e-06,753.965207145
2.2066508313539193,9290,0.6390336036682129,,5.8784199876836455e-06,754.8156706150003
2.209026128266033,9300,0.6221037864685058,,5.86082519574206e-06,755.6887306219996
2.2114014251781473,9310,0.6238838195800781,,5.843230403800475e-06,756.5571843119997
2.213776722090261,9320,0.6291201114654541,,5.82563561185889e-06,757.4172603349998
2.2161520190023754,9330,0.6404063701629639,,5.808040819917305e-06,758.2791985179992
2.218527315914489,9340,0.6522162914276123,,5.79044602797572e-06,759.1010913509999
2.2209026128266034,9350,0.6518538951873779,,5.7728512360341345e-06,759.9638273539986
2.223277909738717,9360,0.6335176944732666,,5.75525644409255e-06,760.8517239939993
2.2256532066508314,9370,0.6542381286621094,,5.7376616521509645e-06,761.597243536
2.2280285035629452,9380,0.628430700302124,,5.720066860209379e-06,762.3644773649994
2.2304038004750595,9390,0.6089006900787354,,5.702472068267794e-06,763.150066021999
2.2327790973871733,9400,0.6212838172912598,,5.684877276326208e-06,764.0130067669998
2.2351543942992875,9410,0.6536746978759765,,5.667282484384623e-06,764.8392083660001
2.2375296912114013,9420,0.6316133975982666,,5.649687692443037e-06,765.7450401269998
2.2399049881235156,9430,0.64890456199646,,5.632092900501453e-06,766.5596403349991
2.2422802850356294,9440,0.6501364231109619,,5.614498108559867e-06,767.3588501659997
2.2446555819477436,9450,0.6519153118133545,,5.596903316618282e-06,768.1301746909994
2.2470308788598574,9460,0.6351688861846924,,5.579308524676696e-06,769.0414446960003
2.2494061757719717,9470,0.643511438369751,,5.561713732735111e-06,769.9088080869988
2.2517814726840855,9480,0.627951192855835,,5.5441189407935255e-06,770.7084915289997
2.2541567695961997,9490,0.6161503791809082,,5.526524148851941e-06,771.5391593839995
2.2565320665083135,9500,0.6237406730651855,,5.5089293569103555e-06,772.368534498999
2.2589073634204277,9510,0.6494668006896973,,5.49133456496877e-06,773.1894281419991
2.2612826603325415,9520,0.6156263828277588,,5.473739773027185e-06,774.0605992309993
2.2636579572446553,9530,0.6340725898742676,,5.456144981085599e-06,774.8950100689999
2.2660332541567696,9540,0.6408679485321045,,5.438550189144014e-06,775.6933647529986
2.268408551068884,9550,0.6409526824951172,,5.420955397202428e-06,776.4514842429999
2.2707838479809976,9560,0.6520098686218262,,5.403360605260844e-06,777.2156407469993
2.2731591448931114,9570,0.6484848022460937,,5.385765813319258e-06,778.0572844359995
2.2755344418052257,9580,0.6162126541137696,,5.368171021377673e-06,778.834939770999
2.2779097387173395,9590,0.631929588317871,,5.350576229436087e-06,779.583022797
2.2802850356294537,9600,0.6452609062194824,,5.332981437494502e-06,780.3829374249999
2.2826603325415675,9610,0.6370542049407959,,5.3153866455529165e-06,781.1567748010002
2.2850356294536818,9620,0.6229620933532715,,5.297791853611331e-06,781.9093279459994
2.2874109263657956,9630,0.6246510982513428,,5.2801970616697465e-06,782.7674278689992
2.28978622327791,9640,0.6318177223205567,,5.262602269728161e-06,783.6063661159988
2.2921615201900236,9650,0.617795467376709,,5.245007477786576e-06,784.3716519459995
2.294536817102138,9660,0.6185966014862061,,5.22741268584499e-06,785.2039734789996
2.2969121140142517,9670,0.6287840843200684,,5.209817893903405e-06,785.9955104929995
2.299287410926366,9680,0.6321037292480469,,5.192223101961819e-06,786.6839613390002
2.3016627078384797,9690,0.6212759494781495,,5.174628310020235e-06,787.4520321829987
2.304038004750594,9700,0.6546124935150146,,5.157033518078649e-06,788.3852106719987
2.3064133016627077,9710,0.6268553733825684,,5.139438726137064e-06,789.1385058380001
2.308788598574822,9720,0.6415204524993896,,5.121843934195478e-06,789.8848777579988
2.311163895486936,9730,0.6523196697235107,,5.104249142253893e-06,790.6823458119998
2.31353919239905,9740,0.6498712062835693,,5.0866543503123075e-06,791.424564764
2.315914489311164,9750,0.6339527130126953,,5.069059558370722e-06,792.2382300419995
2.318289786223278,9760,0.6267619609832764,,5.0514647664291375e-06,793.0905475309992
2.320665083135392,9770,0.6624295234680175,,5.033869974487552e-06,793.9500582059991
2.323040380047506,9780,0.6363633155822754,,5.016275182545967e-06,794.8406171429997
2.32541567695962,9790,0.6350228309631347,,4.998680390604381e-06,795.6817424000001
2.3277909738717337,9800,0.6290361404418945,,4.981085598662796e-06,796.4906727479993
2.330166270783848,9810,0.6599242210388183,,4.963490806721211e-06,797.2482657660003
2.332541567695962,9820,0.6390706062316894,,4.945896014779626e-06,798.1631641619988
2.334916864608076,9830,0.6440650463104248,,4.92830122283804e-06,798.9985893089997
2.33729216152019,9840,0.6329749584197998,,4.910706430896455e-06,799.8339809209992
2.339667458432304,9850,0.6619309425354004,,4.89311163895487e-06,800.5664997249987
2.342042755344418,9860,0.6172263622283936,,4.875516847013285e-06,801.4338228369998
2.344418052256532,9870,0.6558099746704101,,4.857922055071699e-06,802.2161953979994
2.346793349168646,9880,0.6293261051177979,,4.840327263130114e-06,803.0556574969996
2.34916864608076,9890,0.6217627048492431,,4.8227324711885285e-06,803.9078239390001
2.351543942992874,9900,0.6270069122314453,,4.805137679246943e-06,804.69740103
2.353919239904988,9910,0.6383345127105713,,4.7875428873053585e-06,805.4859927779999
2.356294536817102,9920,0.640708589553833,,4.769948095363773e-06,806.3553843379996
2.3586698337292162,9930,0.6229311943054199,,4.752353303422188e-06,807.2065228869997
2.36104513064133,9940,0.6203239917755127,,4.734758511480602e-06,807.9973637179992
2.3634204275534443,9950,0.6099544525146484,,4.717163719539017e-06,808.7530876849996
2.365795724465558,9960,0.633131742477417,,4.699568927597431e-06,809.5618249479994
2.3681710213776723,9970,0.6346562385559082,,4.681974135655846e-06,810.3870781759997
2.370546318289786,9980,0.6397371292114258,,4.664379343714261e-06,811.1573843509996
2.3729216152019004,9990,0.643267297744751,,4.646784551772676e-06,812.0226842869997
2.375296912114014,10000,0.6258985042572022,,4.62918975983109e-06,812.7671653149991
2.3776722090261284,10010,0.6279815673828125,,4.611594967889505e-06,813.6838630559996
2.380047505938242,10020,0.6591909408569336,,4.5940001759479195e-06,814.4503051149986
2.3824228028503565,10030,0.636637020111084,,4.576405384006334e-06,815.2022929489995
2.3847980997624703,10040,0.6483356475830078,,4.5588105920647495e-06,815.9350135989989
2.3871733966745845,10050,0.6350679397583008,,4.541215800123164e-06,816.7536673590002
2.3895486935866983,10060,0.6225059032440186,,4.523621008181579e-06,817.6314996290002
2.391923990498812,10070,0.6617504596710205,,4.506026216239993e-06,818.3717338569986
2.3942992874109263,10080,0.6399724006652832,,4.488431424298408e-06,819.2048999769995
2.3966745843230406,10090,0.6076333045959472,,4.470836632356822e-06,819.8942429919989
2.3990498812351544,10100,0.6210714340209961,,4.453241840415237e-06,820.7067956659994
2.401425178147268,10110,0.6458403587341308,,4.435647048473652e-06,821.455193672
2.4038004750593824,10120,0.6569239139556885,,4.418052256532067e-06,822.2755895760001
2.4061757719714967,10130,0.6144581794738769,,4.400457464590482e-06,823.1342287629996
2.4085510688836105,10140,0.6103946685791015,,4.382862672648897e-06,824.0289321879991
2.4109263657957243,10150,0.6336279392242432,,4.365267880707311e-06,824.8391035040004
2.4133016627078385,10160,0.6255927562713623,,4.347673088765726e-06,825.7333961019995
2.4156769596199523,10170,0.6398152828216552,,4.3300782968241405e-06,826.5166935329999
2.4180522565320666,10180,0.6540229797363282,,4.312483504882555e-06,827.280623229999
2.4204275534441804,10190,0.6274444580078125,,4.29488871294097e-06,828.2160898530001
2.4228028503562946,10200,0.6558274269104004,,4.277293920999385e-06,829.0412805369997
2.4251781472684084,10210,0.6320533752441406,,4.2596991290578e-06,829.8926611679999
2.4275534441805227,10220,0.6429668426513672,,4.242104337116214e-06,830.7256986510001
2.4299287410926365,10230,0.5983018398284912,,4.224509545174629e-06,831.5380955229994
2.4323040380047507,10240,0.6363192081451416,,4.206914753233043e-06,832.3960774329989
2.4346793349168645,10250,0.6397567749023437,,4.189319961291458e-06,833.2723090069994
2.4370546318289787,10260,0.6274022579193115,,4.171725169349872e-06,834.0994891110004
2.4394299287410925,10270,0.6424798965454102,,4.154130377408288e-06,834.8763079609998
2.441805225653207,10280,0.6345444679260254,,4.136535585466702e-06,835.6207012349987
2.4441805225653206,10290,0.6068053722381592,,4.118940793525117e-06,836.5991269569986
2.446555819477435,10300,0.6554805755615234,,4.1013460015835315e-06,837.5314412850003
2.4489311163895486,10310,0.6257477283477784,,4.083751209641946e-06,838.416784514
2.451306413301663,10320,0.6195264339447022,,4.066156417700361e-06,839.3069893399988
2.4536817102137767,10330,0.644022798538208,,4.048561625758776e-06,840.1489626849998
2.456057007125891,10340,0.602494192123413,,4.030966833817191e-06,840.9286501369988
2.4584323040380047,10350,0.6267678737640381,,4.013372041875605e-06,841.7396051169999
2.460807600950119,10360,0.623692512512207,,3.99577724993402e-06,842.5036188989998
2.4631828978622328,10370,0.6409225463867188,,3.978182457992434e-06,843.2592947279991
2.4655581947743466,10380,0.6327558994293213,,3.960587666050849e-06,844.1047514469992
2.467933491686461,10390,0.6346422672271729,,3.942992874109263e-06,844.9374624529992
2.470308788598575,10400,0.6155111789703369,,3.925398082167679e-06,845.6752219669997
2.472684085510689,10410,0.6222477912902832,,3.907803290226093e-06,846.423159132999
2.4750593824228027,10420,0.6291097640991211,,3.890208498284508e-06,847.2695136219991
2.477434679334917,10430,0.6404854774475097,,3.8726137063429225e-06,848.0534182709998
2.4798099762470307,10440,0.658071231842041,,3.855018914401337e-06,848.7809016179999
2.482185273159145,10450,0.6420398235321045,,3.8374241224597525e-06,849.5987013909998
2.4845605700712587,10460,0.5977367877960205,,3.819829330518167e-06,850.4668553009997
2.486935866983373,10470,0.6527433395385742,,3.802234538576582e-06,851.3648019539996
2.489311163895487,10480,0.6290699005126953,,3.7846397466349966e-06,852.1431648629987
2.491686460807601,10490,0.6344362735748291,,3.767044954693411e-06,853.042425996
2.494061757719715,10500,0.6149449825286866,,3.749450162751826e-06,853.9323292579993
2.496437054631829,10510,0.635899543762207,,3.7318553708102407e-06,854.7576079209994
2.498812351543943,10520,0.6311791419982911,,3.7142605788686553e-06,855.5770951689992
2.501187648456057,10530,0.6532921314239502,,3.69666578692707e-06,856.3127254270003
2.503562945368171,10540,0.612523078918457,,3.679070994985485e-06,857.1920828359998
2.505938242280285,10550,0.6350824356079101,,3.6614762030438994e-06,857.892995189999
2.508313539192399,10560,0.6275772094726563,,3.643881411102314e-06,858.7280790669993
2.510688836104513,10570,0.6458290576934814,,3.626286619160729e-06,859.549675495
2.513064133016627,10580,0.634729528427124,,3.6086918272191435e-06,860.383120859
2.5154394299287413,10590,0.6216606140136719,,3.591097035277558e-06,860.9845574219999
2.517814726840855,10600,0.6551863670349121,,3.573502243335973e-06,861.7929108959997
2.520190023752969,10610,0.6105353832244873,,3.5559074513943876e-06,862.5957035880001
2.522565320665083,10620,0.6409763336181641,,3.538312659452802e-06,863.3753745899994
2.5249406175771973,10630,0.6348114490509034,,3.5207178675112167e-06,864.1253765490001
2.527315914489311,10640,0.6336657524108886,,3.5031230755696317e-06,864.9539070139999
2.529691211401425,10650,0.6082497596740722,,3.4855282836280463e-06,865.7412084339994
2.532066508313539,10660,0.6238941192626953,,3.467933491686461e-06,866.5608521419999
2.5344418052256534,10670,0.6379692554473877,,3.450338699744876e-06,867.4230436189991
2.5368171021377672,10680,0.5991626739501953,,3.4327439078032904e-06,868.1524573749994
2.539192399049881,10690,0.6392989158630371,,3.415149115861705e-06,868.9330177209995
2.5415676959619953,10700,0.6108047008514405,,3.39755432392012e-06,869.8119920619993
2.5439429928741095,10710,0.6286498546600342,,3.3799595319785345e-06,870.6534663049988
2.5463182897862233,10720,0.6065970897674561,,3.362364740036949e-06,871.5850346469997
2.548693586698337,10730,0.6438754081726075,,3.344769948095364e-06,872.383841384999
2.5510688836104514,10740,0.6437111377716065,,3.3271751561537786e-06,873.210832154
2.553444180522565,10750,0.636832332611084,,3.309580364212193e-06,873.9888727999987
2.5558194774346794,10760,0.6426313400268555,,3.2919855722706086e-06,874.8104948379987
2.558194774346793,10770,0.626801872253418,,3.274390780329023e-06,875.636457872999
2.5605700712589075,10780,0.6562900066375732,,3.2567959883874377e-06,876.4391608469996
2.5629453681710213,10790,0.6285804748535156,,3.2392011964458527e-06,877.1952597079999
2.5653206650831355,10800,0.6126127719879151,,3.2216064045042672e-06,878.0527983979991
2.5676959619952493,10810,0.6251649856567383,,3.204011612562682e-06,878.8137316259999
2.5700712589073635,10820,0.6246979713439942,,3.1864168206210968e-06,879.5999017609993
2.5724465558194773,10830,0.6233413696289063,,3.1688220286795113e-06,880.3941643329999
2.5748218527315916,10840,0.6500300407409668,,3.151227236737926e-06,881.0874389889996
2.5771971496437054,10850,0.6543320655822754,,3.1336324447963405e-06,881.9039491189997
2.5795724465558196,10860,0.6139444828033447,,3.1160376528547555e-06,882.6617826700003
2.5819477434679334,10870,0.637809944152832,,3.09844286091317e-06,883.4292487040002
2.5843230403800472,10880,0.6441873550415039,,3.0808480689715846e-06,884.3025846199998
2.5866983372921615,10890,0.6460597038269043,,3.0632532770299996e-06,885.1684944359986
2.5890736342042757,10900,0.6421822071075439,,3.045658485088414e-06,885.9323790039998
2.5914489311163895,10910,0.6057034969329834,,3.0280636931468287e-06,886.6789487909991
2.5938242280285033,10920,0.6512324810028076,,3.0104689012052437e-06,887.4838004209996
2.5961995249406176,10930,0.6087939262390136,,2.9928741092636582e-06,888.2969337989998
2.598574821852732,10940,0.6320530891418457,,2.975279317322073e-06,889.0610978259992
2.6009501187648456,10950,0.6160639762878418,,2.9576845253804874e-06,889.9241086789989
2.6033254156769594,10960,0.6250273227691651,,2.9400897334389023e-06,890.7096158479999
2.6057007125890737,10970,0.6449899673461914,,2.922494941497317e-06,891.4676374379997
2.608076009501188,10980,0.603997278213501,,2.9049001495557315e-06,892.2702662459997
2.6104513064133017,10990,0.6086694717407226,,2.8873053576141465e-06,893.0988898399992
2.6128266033254155,11000,0.6192909240722656,,2.869710565672561e-06,893.8877123359998
2.6152019002375297,11010,0.6160699844360351,,2.8521157737309756e-06,894.6198023790002
2.6175771971496435,11020,0.6539190292358399,,2.8345209817893906e-06,895.4705729460002
2.619952494061758,11030,0.6320412635803223,,2.816926189847805e-06,896.2537200589995
2.6223277909738716,11040,0.6616125583648682,,2.7993313979062197e-06,897.1186722209986
2.624703087885986,11050,0.6236991882324219,,2.7817366059646343e-06,897.8706487969994
2.6270783847980996,11060,0.6393542766571045,,2.7641418140230492e-06,898.7762260809995
2.629453681710214,11070,0.6414875030517578,,2.746547022081464e-06,899.6046047789987
2.6318289786223277,11080,0.5973345756530761,,2.728952230139879e-06,900.3884974079992
2.634204275534442,11090,0.6248116016387939,,2.7113574381982938e-06,901.153839908
2.6365795724465557,11100,0.5940183162689209,,2.6937626462567083e-06,901.9652204309987
2.63895486935867,11110,0.5941022872924805,,2.6761678543151233e-06,902.6960732859989
2.6413301662707838,11120,0.6304296493530274,,2.658573062373538e-06,903.459985722
2.643705463182898,11130,0.6281046867370605,,2.6409782704319524e-06,904.3548285109991
2.646080760095012,11140,0.6241862297058105,,2.6233834784903674e-06,905.1961163719989
2.648456057007126,11150,0.6193469524383545,,2.605788686548782e-06,906.0039074630004
2.65083135391924,11160,0.6038545131683349,,2.5881938946071966e-06,906.7713930399987
2.653206650831354,11170,0.6315624237060546,,2.570599102665611e-06,907.609739259
2.655581947743468,11180,0.6544367790222168,,2.553004310724026e-06,908.5181863729995
2.6579572446555817,11190,0.6231662273406983,,2.5354095187824407e-06,909.3428298139988
2.660332541567696,11200,0.6343933582305908,,2.5178147268408552e-06,910.114134677
2.66270783847981,11210,0.6186765670776367,,2.5002199348992702e-06,910.9332438299989
2.665083135391924,11220,0.6331928730010986,,2.4826251429576848e-06,911.7936039809993
2.667458432304038,11230,0.615792179107666,,2.4650303510160993e-06,912.560127273
2.669833729216152,11240,0.6527639389038086,,2.4474355590745143e-06,913.3890957429994
2.6722090261282663,11250,0.6477078437805176,,2.429840767132929e-06,914.2055184749988
2.67458432304038,11260,0.647569227218628,,2.4122459751913434e-06,914.9784394830003
2.676959619952494,11270,0.6276415824890137,,2.394651183249758e-06,915.7961886679986
2.679334916864608,11280,0.6204939842224121,,2.377056391308173e-06,916.6819826949995
2.6817102137767224,11290,0.6095927238464356,,2.3594615993665876e-06,917.5636488479995
2.684085510688836,11300,0.6207754611968994,,2.341866807425002e-06,918.3856732309996
2.68646080760095,11310,0.6094253540039063,,2.324272015483417e-06,919.2459886910001
2.688836104513064,11320,0.6109294414520263,,2.306677223541832e-06,919.9940110709995
2.691211401425178,11330,0.6343643188476562,,2.2890824316002467e-06,920.792987887
2.6935866983372923,11340,0.650541877746582,,2.2714876396586612e-06,921.6073740249994
2.695961995249406,11350,0.6209846496582031,,2.253892847717076e-06,922.3704527409991
2.6983372921615203,11360,0.6324854850769043,,2.2362980557754908e-06,923.1972758819993
2.700712589073634,11370,0.6100685119628906,,2.2187032638339053e-06,924.0705691849998
2.7030878859857483,11380,0.6197301387786865,,2.20110847189232e-06,924.8368273509986
2.705463182897862,11390,0.6093328475952149,,2.183513679950735e-06,925.6925216979998
2.7078384798099764,11400,0.6033512115478515,,2.1659188880091494e-06,926.4547710770003
2.71021377672209,11410,0.6129045009613037,,2.148324096067564e-06,927.2644313279998
2.7125890736342044,11420,0.6307023525238037,,2.130729304125979e-06,928.0031800159995
2.7149643705463182,11430,0.6370949745178223,,2.1131345121843935e-06,928.7739933399989
2.7173396674584325,11440,0.6542116641998291,,2.095539720242808e-06,929.6109484890003
2.7197149643705463,11450,0.6384751319885253,,2.077944928301223e-06,930.4972023629998
2.72209026128266,11460,0.6345349311828613,,2.0603501363596377e-06,931.3147217659989
2.7244655581947743,11470,0.6072738170623779,,2.0427553444180522e-06,932.1136858089994
2.7268408551068886,11480,0.6302297592163086,,2.025160552476467e-06,932.9147831989994
2.7292161520190024,11490,0.6179019927978515,,2.0075657605348818e-06,933.7035520339996
2.731591448931116,11500,0.6516727924346923,,1.9899709685932968e-06,934.5112130830003
2.7339667458432304,11510,0.6269266128540039,,1.9723761766517113e-06,935.2716288869997
2.7363420427553447,11520,0.648444938659668,,1.954781384710126e-06,936.0788753809993
2.7387173396674585,11530,0.6261409759521485,,1.937186592768541e-06,936.897357763999
2.7410926365795723,11540,0.6325523376464843,,1.9195918008269554e-06,937.6836833219986
2.7434679334916865,11550,0.6398612976074218,,1.90199700888537e-06,938.4013890819988
2.7458432304038007,11560,0.6602328777313232,,1.8844022169437848e-06,939.2343968739988
2.7482185273159145,11570,0.5951036930084228,,1.8668074250021995e-06,940.0532807189993
2.7505938242280283,11580,0.6358431816101074,,1.849212633060614e-06,940.8155994179997
2.7529691211401426,11590,0.608459186553955,,1.8316178411190289e-06,941.5366965899993
2.7553444180522564,11600,0.6085567474365234,,1.8140230491774436e-06,942.3330905000003
2.7577197149643706,11610,0.638638973236084,,1.7964282572358582e-06,943.1700089589995
2.7600950118764844,11620,0.6385468006134033,,1.778833465294273e-06,943.9539307759987
2.7624703087885987,11630,0.6397119998931885,,1.7612386733526875e-06,944.7289960239996
2.7648456057007125,11640,0.6201269626617432,,1.7436438814111025e-06,945.5734650049999
2.7672209026128267,11650,0.6302419662475586,,1.7260490894695173e-06,946.2991572339997
2.7695961995249405,11660,0.6147490501403808,,1.7084542975279319e-06,947.2117232759992
2.7719714964370548,11670,0.6210975170135498,,1.6908595055863466e-06,948.0750639399994
2.7743467933491686,11680,0.6425313949584961,,1.6732647136447614e-06,948.8729710119987
2.776722090261283,11690,0.6327662467956543,,1.655669921703176e-06,949.676278556999
2.7790973871733966,11700,0.6248026847839355,,1.6380751297615907e-06,950.535756248999
2.781472684085511,11710,0.6167520999908447,,1.6204803378200053e-06,951.3383572189996
2.7838479809976246,11720,0.6333809852600097,,1.60288554587842e-06,952.1510410039991
2.7862232779097384,11730,0.6242609024047852,,1.5852907539368349e-06,953.0100784730002
2.7885985748218527,11740,0.6472414970397949,,1.5676959619952494e-06,953.7780783969993
2.790973871733967,11750,0.6176686763763428,,1.5501011700536642e-06,954.4475507879997
2.7933491686460807,11760,0.6585839748382568,,1.5325063781120788e-06,955.2783004960002
2.7957244655581945,11770,0.630438756942749,,1.5149115861704935e-06,956.085334256999
2.798099762470309,11780,0.6333966732025147,,1.4973167942289083e-06,956.8910648129986
2.800475059382423,11790,0.6345293045043945,,1.4797220022873233e-06,957.6910792950002
2.802850356294537,11800,0.6375293254852294,,1.4621272103457379e-06,958.5269911349988
2.8052256532066506,11810,0.6277720928192139,,1.4445324184041526e-06,959.3493593120002
2.807600950118765,11820,0.631994104385376,,1.4269376264625672e-06,960.0788461789998
2.809976247030879,11830,0.6395225048065185,,1.409342834520982e-06,960.8909857139988
2.812351543942993,11840,0.6158174514770508,,1.3917480425793967e-06,961.6756524599987
2.8147268408551067,11850,0.6431202411651611,,1.3741532506378113e-06,962.4585853030003
2.817102137767221,11860,0.6211648941040039,,1.356558458696226e-06,963.2912898609993
2.8194774346793348,11870,0.6054253578186035,,1.3389636667546406e-06,964.1024464769998
2.821852731591449,11880,0.6483611583709716,,1.3213688748130554e-06,964.8823808879988
2.824228028503563,11890,0.6366116523742675,,1.3037740828714702e-06,965.6106373829989
2.826603325415677,11900,0.6120547771453857,,1.2861792909298847e-06,966.4563562259991
2.828978622327791,11910,0.6305853843688964,,1.2685844989882995e-06,967.3104516559997
2.831353919239905,11920,0.6213093757629394,,1.250989707046714e-06,968.0937815359994
2.833729216152019,11930,0.6201931476593018,,1.233394915105129e-06,968.8831777309988
2.836104513064133,11940,0.6207221508026123,,1.2158001231635436e-06,969.7661021339991
2.838479809976247,11950,0.6377867221832275,,1.1982053312219584e-06,970.6521067009999
2.840855106888361,11960,0.6224531650543212,,1.1806105392803732e-06,971.4227104459987
2.843230403800475,11970,0.6292333126068115,,1.1630157473387877e-06,972.1671123489996
2.8456057007125892,11980,0.6532229423522949,,1.1454209553972025e-06,973.0118123419998
2.847980997624703,11990,0.6243744373321534,,1.1278261634556173e-06,973.8236832379989
2.850356294536817,12000,0.630057430267334,,1.110231371514032e-06,974.5981053019987
2.852731591448931,12010,0.6190164089202881,,1.0926365795724466e-06,975.4150079350002
2.8551068883610453,12020,0.6130722045898438,,1.0750417876308614e-06,976.2181888269988
2.857482185273159,12030,0.6267139434814453,,1.057446995689276e-06,977.0102959169999
2.859857482185273,12040,0.6307398796081543,,1.0398522037476907e-06,977.8072223899999
2.862232779097387,12050,0.6105076313018799,,1.0222574118061055e-06,978.657714506
2.8646080760095014,12060,0.6338477611541748,,1.00466261986452e-06,979.4591790499999
2.866983372921615,12070,0.6060555934906006,,9.87067827922935e-07,980.2805827020002
2.869358669833729,12080,0.644447135925293,,9.694730359813496e-07,981.0452640629992
2.8717339667458432,12090,0.6372013568878174,,9.518782440397643e-07,981.9284724119989
2.8741092636579575,12100,0.6194198608398438,,9.342834520981791e-07,982.732428669
2.8764845605700713,12110,0.640774154663086,,9.166886601565937e-07,983.4946035229987
2.878859857482185,12120,0.6368364334106446,,8.990938682150084e-07,984.3163803429998
2.8812351543942993,12130,0.6262215137481689,,8.814990762734231e-07,985.1712245199997
2.883610451306413,12140,0.6517652988433837,,8.639042843318378e-07,985.9953252129999
2.8859857482185274,12150,0.6425262451171875,,8.463094923902526e-07,986.8204866479991
2.888361045130641,12160,0.6318157196044922,,8.287147004486673e-07,987.6818782270002
2.8907363420427554,12170,0.6234984397888184,,8.11119908507082e-07,988.5262467679986
2.8931116389548692,12180,0.6456105709075928,,7.935251165654967e-07,989.3526454889998
2.8954869358669835,12190,0.6034599304199219,,7.759303246239114e-07,990.1923295500001
2.8978622327790973,12200,0.6191398620605468,,7.583355326823261e-07,991.0279497390002
2.9002375296912115,12210,0.6305547714233398,,7.407407407407407e-07,991.8122750439998
2.9026128266033253,12220,0.6442599773406983,,7.231459487991555e-07,992.6056947369998
2.9049881235154396,12230,0.6563361644744873,,7.055511568575703e-07,993.3890642789993
2.9073634204275534,12240,0.6280547142028808,,6.879563649159849e-07,994.2206626259995
2.9097387173396676,12250,0.6262368202209473,,6.703615729743996e-07,995.0925397129995
2.9121140142517814,12260,0.6134141445159912,,6.527667810328144e-07,995.8544450499994
2.9144893111638956,12270,0.606933879852295,,6.351719890912291e-07,996.6049449969996
2.9168646080760094,12280,0.6252399921417237,,6.175771971496437e-07,997.396936436
2.9192399049881237,12290,0.6168067932128907,,5.999824052080585e-07,998.1700738319996
2.9216152019002375,12300,0.6038304805755615,,5.823876132664732e-07,999.0806723909991
2.9239904988123513,12310,0.624245548248291,,5.647928213248878e-07,999.8933025839997
2.9263657957244655,12320,0.6490180015563964,,5.471980293833026e-07,1000.7064433439991
2.92874109263658,12330,0.6491336345672607,,5.296032374417173e-07,1001.4766768319987
2.9311163895486936,12340,0.6267453193664551,,5.12008445500132e-07,1002.266395056
2.9334916864608074,12350,0.6466701030731201,,4.944136535585467e-07,1003.0918767099993
2.9358669833729216,12360,0.6383192062377929,,4.768188616169614e-07,1003.8561158369994
2.938242280285036,12370,0.6422691345214844,,4.5922406967537616e-07,1004.6716435170001
2.9406175771971497,12380,0.6201773166656495,,4.416292777337908e-07,1005.4712511460002
2.9429928741092635,12390,0.6294856071472168,,4.2403448579220555e-07,1006.2955106139998
2.9453681710213777,12400,0.6296008586883545,,4.064396938506202e-07,1007.0137440849994
2.947743467933492,12410,0.619608211517334,,3.88844901909035e-07,1007.8151998519988
2.9501187648456058,12420,0.6472667217254638,,3.7125010996744966e-07,1008.6440863869993
2.9524940617577196,12430,0.6023867130279541,,3.536553180258644e-07,1009.4115064540001
2.954869358669834,12440,0.6196272373199463,,3.3606052608427905e-07,1010.2935978939986
2.9572446555819476,12450,0.6458767414093017,,3.184657341426938e-07,1011.1277547680002
2.959619952494062,12460,0.6093473434448242,,3.008709422011085e-07,1011.9914377959994
2.9619952494061756,12470,0.6017804622650147,,2.832761502595232e-07,1012.7284544510003
2.96437054631829,12480,0.6265840053558349,,2.6568135831793793e-07,1013.4775538180002
2.9667458432304037,12490,0.6142581939697266,,2.480865663763526e-07,1014.2560023779988
2.969121140142518,12500,0.6311395645141602,,2.3049177443476735e-07,1015.0948739899995
2.9714964370546317,12510,0.6226698398590088,,2.1289698249318201e-07,1015.9412875939997
2.973871733966746,12520,0.6177228927612305,,1.9530219055159676e-07,1016.695029303999
2.97624703087886,12530,0.6301800727844238,,1.7770739861001143e-07,1017.5189867239988
2.978622327790974,12540,0.6307267189025879,,1.6011260666842618e-07,1018.3534696819988
2.980997624703088,12550,0.653077220916748,,1.4251781472684087e-07,1019.1461678809992
2.983372921615202,12560,0.6030962944030762,,1.249230227852556e-07,1019.9296762079994
2.985748218527316,12570,0.6057543277740478,,1.0732823084367029e-07,1020.7775980409988
2.9881235154394297,12580,0.6273885726928711,,8.9733438902085e-08,1021.5523378179987
2.990498812351544,12590,0.6328224658966064,,7.213864696049969e-08,1022.2785469640003
2.992874109263658,12600,0.6351896762847901,,5.45438550189144e-08,1022.982616841
2.995249406175772,12610,0.6151466369628906,,3.694906307732912e-08,1023.7906005579989
2.9976247030878858,12620,0.639354133605957,,1.9354271135743822e-08,1024.5961094880004
3.0,12630,0.6156525611877441,,1.7594791941585293e-09,1025.3989613799986
3.0,12630,,0.6254937648773193,,1027.8173349850003
3.0,12630,,,,1028.4469749119999
