epoch,step,loss,eval_loss,learning_rate,elapsed_seconds
0.0023752969121140144,10,0.7193033695220947,,1.4251781472684087e-07,1.3483152509998035
0.004750593824228029,20,0.6700293540954589,,3.008709422011085e-07,2.1207083400004194
0.007125890736342043,30,0.691088056564331,,4.5922406967537616e-07,2.956709464000596
0.009501187648456057,40,0.7066411972045898,,6.175771971496437e-07,3.7246212940008263
0.011876484560570071,50,0.712643814086914,,7.759303246239114e-07,4.427182395000273
0.014251781472684086,60,0.7132237434387207,,9.342834520981791e-07,5.208687817001191
0.0166270783847981,70,0.7141875743865966,,1.0926365795724466e-06,5.9795525270001235
0.019002375296912115,80,0.6797983169555664,,1.250989707046714e-06,6.79872106699986
0.021377672209026127,90,0.7167259693145752,,1.409342834520982e-06,7.713026837000143
0.023752969121140142,100,0.6703474044799804,,1.5676959619952494e-06,8.560162338000737
0.026128266033254157,110,0.6540852069854737,,1.7260490894695173e-06,9.290401590000329
0.028503562945368172,120,0.6516524314880371,,1.8844022169437848e-06,10.089413757999864
0.030878859857482184,130,0.7208131790161133,,2.0427553444180522e-06,10.913849619000757
0.0332541567695962,140,0.6936644554138184,,2.20110847189232e-06,11.635253452001052
0.035629453681710214,150,0.7195549488067627,,2.3594615993665876e-06,12.385804335001012
0.03800475059382423,160,0.713815450668335,,2.5178147268408552e-06,13.247481405000144
0.040380047505938245,170,0.6821403503417969,,2.6761678543151233e-06,14.04817184500098
0.04275534441805225,180,0.7106247425079346,,2.8345209817893906e-06,14.896417144000225
0.04513064133016627,190,0.6867629051208496,,2.9928741092636582e-06,15.657387639999797
0.047505938242280284,200,0.6992184162139893,,3.151227236737926e-06,16.434678042000087
0.0498812351543943,210,0.689634132385254,,3.309580364212193e-06,17.228460712000015
0.052256532066508314,220,0.6834446430206299,,3.467933491686461e-06,17.959254541001428
0.05463182897862233,230,0.6682219505310059,,3.626286619160729e-06,18.767937561000508
0.057007125890736345,240,0.703207540512085,,3.7846397466349966e-06,19.658525349999763
0.05938242280285035,250,0.7001306056976319,,3.942992874109263e-06,20.423709307000536
0.06175771971496437,260,0.7102875232696533,,4.1013460015835315e-06,21.17517577200124
0.06413301662707839,270,0.6708778381347656,,4.2596991290578e-06,22.036542966001434
0.0665083135391924,280,0.7183329582214355,,4.418052256532067e-06,22.84936196000126
0.0688836104513064,290,0.6870001316070556,,4.576405384006334e-06,23.646572548999757
0.07125890736342043,300,0.6924167156219483,,4.734758511480602e-06,24.434536609000133
0.07363420427553444,310,0.6715187072753906,,4.89311163895487e-06,25.214272140001412
0.07600950118764846,320,0.693361473083496,,5.0514647664291375e-06,26.04106336299992
0.07838479809976247,330,0.7172282695770263,,5.209817893903405e-06,26.870277523999903
0.08076009501187649,340,0.669507646560669,,5.368171021377673e-06,27.587920285999644
0.0831353919239905,350,0.6960088729858398,,5.526524148851941e-06,28.42767555700084
0.0855106888361045,360,0.6889606475830078,,5.684877276326208e-06,29.230111583001417
0.08788598574821853,370,0.7037044525146484,,5.843230403800475e-06,30.09174242500012
0.09026128266033254,380,0.7222143650054932,,6.001583531274743e-06,30.850629067001137
0.09263657957244656,390,0.6754881858825683,,6.159936658749011e-06,31.6835232680005
0.09501187648456057,400,0.6852648258209229,,6.318289786223278e-06,32.49864718000026
0.09738717339667459,410,0.7016592025756836,,6.476642913697546e-06,33.2516270670003
0.0997624703087886,420,0.6627862453460693,,6.634996041171814e-06,34.05274201300017
0.1021377672209026,430,0.6928433895111084,,6.7933491686460815e-06,34.82730945000003
0.10451306413301663,440,0.703507947921753,,6.951702296120349e-06,35.62538273100108
0.10688836104513064,450,0.6839151859283448,,7.110055423594616e-06,36.451494175000335
0.10926365795724466,460,0.684837532043457,,7.268408551068884e-06,37.316815649001
0.11163895486935867,470,0.7041979312896729,,7.426761678543152e-06,38.11665895100123
0.11401425178147269,480,0.6841798782348633,,7.585114806017419e-06,38.87795974599976
0.1163895486935867,490,0.6798388957977295,,7.743467933491687e-06,39.677802637999775
0.1187648456057007,500,0.6901881217956543,,7.901821060965956e-06,40.500714822999726
0.12114014251781473,510,0.6829970836639404,,8.060174188440221e-06,41.35314346100131
0.12351543942992874,520,0.6744779586791992,,8.21852731591449e-06,42.21877781100011
0.12589073634204276,530,0.680239200592041,,8.376880443388757e-06,42.97689811300006
0.12826603325415678,540,0.698518180847168,,8.535233570863025e-06,43.75541589200111
0.13064133016627077,550,0.6894936561584473,,8.693586698337293e-06,44.53402393500073
0.1330166270783848,560,0.7108346939086914,,8.85193982581156e-06,45.33330432500043
0.13539192399049882,570,0.6959599018096924,,9.010292953285828e-06,46.12563745300031
0.1377672209026128,580,0.6882876396179199,,9.168646080760095e-06,46.9968871960009
0.14014251781472684,590,0.6891305446624756,,9.326999208234362e-06,47.78405835200101
0.14251781472684086,600,0.6827247619628907,,9.485352335708631e-06,48.63215935500011
0.14489311163895488,610,0.7009782791137695,,9.643705463182899e-06,49.55526450100115
0.14726840855106887,620,0.6928632736206055,,9.802058590657166e-06,50.32725392700013
0.1496437054631829,630,0.6886136531829834,,9.960411718131435e-06,51.22010571200008
0.15201900237529692,640,0.688949728012085,,1.0118764845605702e-05,52.025344002000566
0.1543942992874109,650,0.6983977794647217,,1.027711797307997e-05,52.828671399000086
0.15676959619952494,660,0.7068307876586915,,1.0435471100554238e-05,53.52703596600077
0.15914489311163896,670,0.6906352519989014,,1.0593824228028504e-05,54.33366717100034
0.16152019002375298,680,0.6929494857788085,,1.0752177355502773e-05,55.06265164599972
0.16389548693586697,690,0.6898683071136474,,1.091053048297704e-05,55.87195860300017
0.166270783847981,700,0.6762835502624511,,1.1068883610451307e-05,56.676774902000034
0.16864608076009502,710,0.7086714267730713,,1.1227236737925575e-05,57.431898642000306
0.171021377672209,720,0.6828652381896972,,1.1385589865399842e-05,58.164973762000955
0.17339667458432304,730,0.7065717697143554,,1.154394299287411e-05,58.982270763001
0.17577197149643706,740,0.6912796974182129,,1.1702296120348378e-05,59.91961558900039
0.17814726840855108,750,0.6746431350708008,,1.1860649247822647e-05,60.72659545600072
0.18052256532066507,760,0.6817174911499023,,1.2019002375296912e-05,61.545483939000405
0.1828978622327791,770,0.6909435749053955,,1.217735550277118e-05,62.32317162900108
0.18527315914489312,780,0.6743303298950195,,1.2335708630245449e-05,63.17340665800111
0.1876484560570071,790,0.6916780471801758,,1.2494061757719716e-05,63.99439839899969
0.19002375296912113,800,0.6789260864257812,,1.2652414885193985e-05,64.7787545150004
0.19239904988123516,810,0.6800347805023194,,1.281076801266825e-05,65.572853828
0.19477434679334918,820,0.6878894805908203,,1.296912114014252e-05,66.39872180800012
0.19714964370546317,830,0.6686334609985352,,1.3127474267616787e-05,67.16737809300139
0.1995249406175772,840,0.6879345417022705,,1.3285827395091054e-05,68.10496096600036
0.20190023752969122,850,0.6987515449523926,,1.3444180522565323e-05,68.85009521699976
0.2042755344418052,860,0.6745829105377197,,1.3602533650039588e-05,69.73943784100084
0.20665083135391923,870,0.6760014533996582,,1.3760886777513857e-05,70.57518276200062
0.20902612826603326,880,0.690544319152832,,1.3919239904988124e-05,71.33396666699991
0.21140142517814728,890,0.6879321098327636,,1.4077593032462393e-05,72.20410926400109
0.21377672209026127,900,0.705769157409668,,1.423594615993666e-05,72.98180986199986
0.2161520190023753,910,0.6920085430145264,,1.4394299287410926e-05,73.7737264389998
0.21852731591448932,920,0.6693598747253418,,1.4552652414885195e-05,74.61107740300031
0.2209026128266033,930,0.6824068069458008,,1.4711005542359462e-05,75.32683144800103
0.22327790973871733,940,0.6655516624450684,,1.4869358669833731e-05,76.08864029300094
0.22565320665083136,950,0.6768375396728515,,1.5027711797307999e-05,76.98999093699967
0.22802850356294538,960,0.6692617416381836,,1.5186064924782268e-05,77.7557979000012
0.23040380047505937,970,0.6983160018920899,,1.5344418052256533e-05,78.51613702699979
0.2327790973871734,980,0.7016186714172363,,1.55027711797308e-05,79.29803919400001
0.23515439429928742,990,0.6981496810913086,,1.5661124307205068e-05,80.08286580200001
0.2375296912114014,1000,0.6791760921478271,,1.5819477434679335e-05,80.89248156299982
0.23990498812351543,1010,0.6851184844970704,,1.5977830562153605e-05,81.69856338800128
0.24228028503562946,1020,0.6915119647979736,,1.6136183689627873e-05,82.53222444899984
0.24465558194774348,1030,0.6863389492034913,,1.629453681710214e-05,83.3095667610014
0.24703087885985747,1040,0.6982247829437256,,1.6452889944576407e-05,84.13068772800034
0.2494061757719715,1050,0.7035641193389892,,1.6611243072050674e-05,84.9745917220007
0.2517814726840855,1060,0.6804604530334473,,1.676959619952494e-05,85.75461462800013
0.25415676959619954,1070,0.6675423622131348,,1.692794932699921e-05,86.53887153800133
0.25653206650831356,1080,0.6929410457611084,,1.708630245447348e-05,87.31970570300109
0.2589073634204275,1090,0.7028498649597168,,1.7244655581947743e-05,88.06565742900057
0.26128266033254155,1100,0.6949522972106934,,1.7403008709422014e-05,88.84861813300085
0.26365795724465557,1110,0.6866879463195801,,1.756136183689628e-05,89.61085918400022
0.2660332541567696,1120,0.6824221134185791,,1.7719714964370545e-05,90.4195432530014
0.2684085510688836,1130,0.6670014381408691,,1.7878068091844816e-05,91.31238703200142
0.27078384798099764,1140,0.6750267505645752,,1.8036421219319083e-05,92.05306968600053
0.27315914489311166,1150,0.6922074317932129,,1.819477434679335e-05,92.84773215899986
0.2755344418052256,1160,0.6859291076660157,,1.8353127474267618e-05,93.65623982299985
0.27790973871733965,1170,0.6885069847106934,,1.8511480601741888e-05,94.37612912300028
0.28028503562945367,1180,0.6897949695587158,,1.8669833729216152e-05,95.09801084100036
0.2826603325415677,1190,0.708208703994751,,1.882818685669042e-05,95.84401980500115
0.2850356294536817,1200,0.69253511428833,,1.898653998416469e-05,96.70597850000013
0.28741092636579574,1210,0.6941162109375,,1.9144893111638957e-05,97.44664867100073
0.28978622327790976,1220,0.6884894847869873,,1.9303246239113224e-05,98.18208853299984
0.2921615201900237,1230,0.6963955879211425,,1.946159936658749e-05,99.01711796500058
0.29453681710213775,1240,0.6906894683837891,,1.961995249406176e-05,99.8013936490006
0.29691211401425177,1250,0.6763557910919189,,1.9778305621536026e-05,100.57526170300116
0.2992874109263658,1260,0.6683790683746338,,1.9936658749010293e-05,101.42068707300132
0.3016627078384798,1270,0.6797868728637695,,1.998944312483505e-05,102.19118618300126
0.30403800475059384,1280,0.6811161041259766,,1.9971848332893464e-05,103.02934400200138
0.30641330166270786,1290,0.713035249710083,,1.995425354095188e-05,103.79870730400035
0.3087885985748218,1300,0.6855884552001953,,1.9936658749010293e-05,104.61494897900047
0.31116389548693585,1310,0.6732993125915527,,1.991906395706871e-05,105.4049261830005
0.31353919239904987,1320,0.6819968223571777,,1.9901469165127123e-05,106.24804672200116
0.3159144893111639,1330,0.6774350166320801,,1.988387437318554e-05,107.09824865700102
0.3182897862232779,1340,0.6828845024108887,,1.986627958124395e-05,107.86272888300118
0.32066508313539194,1350,0.6675506114959717,,1.9848684789302368e-05,108.7197976059997
0.32304038004750596,1360,0.6794886112213134,,1.983108999736078e-05,109.50017084800129
0.3254156769596199,1370,0.6835464477539063,,1.9813495205419197e-05,110.3692379840013
0.32779097387173395,1380,0.681809377670288,,1.979590041347761e-05,111.1561191689998
0.33016627078384797,1390,0.6512507438659668,,1.9778305621536026e-05,111.91845846000069
0.332541567695962,1400,0.6628193855285645,,1.9760710829594442e-05,112.69786026899965
0.334916864608076,1410,0.6785561561584472,,1.9743116037652855e-05,113.46239014500134
0.33729216152019004,1420,0.6708296298980713,,1.972552124571127e-05,114.19889628900091
0.33966745843230406,1430,0.6695751190185547,,1.9707926453769684e-05,114.97309525499986
0.342042755344418,1440,0.6640361785888672,,1.96903316618281e-05,115.68411086600099
0.34441805225653205,1450,0.6975073337554931,,1.9672736869886514e-05,116.42443039099999
0.34679334916864607,1460,0.6766739368438721,,1.965514207794493e-05,117.25174425899968
0.3491686460807601,1470,0.6906930446624756,,1.9637547286003346e-05,118.06444423100038
0.3515439429928741,1480,0.6740009784698486,,1.961995249406176e-05,118.90302903200063
0.35391923990498814,1490,0.6917713642120361,,1.9602357702120175e-05,119.72016615100074
0.35629453681710216,1500,0.6655421733856202,,1.9584762910178588e-05,120.47095513900058
0.3586698337292161,1510,0.657703161239624,,1.9567168118237004e-05,121.185595809
0.36104513064133015,1520,0.6734866142272949,,1.954957332629542e-05,121.96109187000002
0.36342042755344417,1530,0.6961976528167725,,1.9531978534353833e-05,122.65724315599982
0.3657957244655582,1540,0.6704843521118165,,1.951438374241225e-05,123.4480906910012
0.3681710213776722,1550,0.669874906539917,,1.9496788950470663e-05,124.25928611600102
0.37054631828978624,1560,0.6700026988983154,,1.947919415852908e-05,125.03659949600114
0.37292161520190026,1570,0.6980659008026123,,1.946159936658749e-05,125.86874797000019
0.3752969121140142,1580,0.6723565101623535,,1.9444004574645908e-05,126.64586218499971
0.37767220902612825,1590,0.6654408931732178,,1.942640978270432e-05,127.48098732400103
0.38004750593824227,1600,0.6556149005889893,,1.9408814990762737e-05,128.21362357100043
0.3824228028503563,1610,0.6836854934692382,,1.939122019882115e-05,128.99649022999984
0.3847980997624703,1620,0.6637332916259766,,1.9373625406879566e-05,129.77630458900057
0.38717339667458434,1630,0.6648491382598877,,1.935603061493798e-05,130.5111751960012
0.38954869358669836,1640,0.6661718368530274,,1.9338435822996395e-05,131.36555360700004
0.3919239904988123,1650,0.679470443725586,,1.9320841031054808e-05,132.17216460800046
0.39429928741092635,1660,0.6812762260437012,,1.9303246239113224e-05,132.9135746330012
0.39667458432304037,1670,0.6834321022033691,,1.9285651447171637e-05,133.79918870599977
0.3990498812351544,1680,0.676378583908081,,1.9268056655230054e-05,134.65108374800002
0.4014251781472684,1690,0.6644003868103028,,1.9250461863288466e-05,135.47715970600075
0.40380047505938244,1700,0.6818070888519288,,1.9232867071346883e-05,136.32572446900122
0.40617577197149646,1710,0.6550214290618896,,1.9215272279405296e-05,137.1434113989999
0.4085510688836104,1720,0.6806420803070068,,1.9197677487463712e-05,137.99689991600098
0.41092636579572445,1730,0.6677857398986816,,1.9180082695522128e-05,138.77860555700136
0.41330166270783847,1740,0.6572946548461914,,1.916248790358054e-05,139.64573693000057
0.4156769596199525,1750,0.6566149234771729,,1.9144893111638957e-05,140.47869037800046
0.4180522565320665,1760,0.6784629344940185,,1.912729831969737e-05,141.26295354500144
0.42042755344418054,1770,0.6706924915313721,,1.9109703527755786e-05,142.18874654499996
0.42280285035629456,1780,0.6650062561035156,,1.9092108735814203e-05,143.08084353600134
0.4251781472684085,1790,0.6758826732635498,,1.9074513943872615e-05,143.84025052700053
0.42755344418052255,1800,0.6825885772705078,,1.905691915193103e-05,144.62242318500103
0.42992874109263657,1810,0.6778253555297852,,1.9039324359989445e-05,145.33248729800107
0.4323040380047506,1820,0.6652996063232421,,1.902172956804786e-05,146.13451142600024
0.4346793349168646,1830,0.6691618919372558,,1.9004134776106274e-05,146.92819466200126
0.43705463182897863,1840,0.6820712566375733,,1.898653998416469e-05,147.71922811200056
0.43942992874109266,1850,0.647312593460083,,1.8968945192223103e-05,148.59318957400137
0.4418052256532066,1860,0.6781013965606689,,1.895135040028152e-05,149.4252578020005
0.44418052256532065,1870,0.6794075965881348,,1.8933755608339932e-05,150.21868268199978
0.44655581947743467,1880,0.6637150764465332,,1.8916160816398348e-05,151.00153470500118
0.4489311163895487,1890,0.6526659488677978,,1.889856602445676e-05,151.9250385209998
0.4513064133016627,1900,0.6674504756927491,,1.8880971232515177e-05,152.744206192001
0.45368171021377673,1910,0.6679779529571533,,1.886337644057359e-05,153.5493394189998
0.45605700712589076,1920,0.6736212730407715,,1.8845781648632006e-05,154.28627310500087
0.4584323040380047,1930,0.6589436531066895,,1.882818685669042e-05,155.11497041999974
0.46080760095011875,1940,0.6862614631652832,,1.8810592064748836e-05,155.90164366499994
0.46318289786223277,1950,0.6695616245269775,,1.879299727280725e-05,156.68416817300022
0.4655581947743468,1960,0.6452085494995117,,1.8775402480865665e-05,157.54056860400124
0.4679334916864608,1970,0.6693214416503906,,1.8757807688924078e-05,158.3585869280014
0.47030878859857483,1980,0.6505173206329345,,1.8740212896982494e-05,159.1132497159997
0.47268408551068886,1990,0.6518514156341553,,1.872261810504091e-05,159.91998487500132
0.4750593824228028,2000,0.6867668151855468,,1.8705023313099323e-05,160.72675599099966
0.47743467933491684,2010,0.6697176456451416,,1.868742852115774e-05,161.54729391100045
0.47980997624703087,2020,0.6699916839599609,,1.8669833729216152e-05,162.3437986910012
0.4821852731591449,2030,0.6631722927093506,,1.8652238937274568e-05,163.0979931230013
0.4845605700712589,2040,0.6515628814697265,,1.8634644145332985e-05,163.85743541800002
0.48693586698337293,2050,0.6741888999938965,,1.8617049353391397e-05,164.66192493800008
0.48931116389548696,2060,0.6829212665557861,,1.8599454561449814e-05,165.44783289299994
0.4916864608076009,2070,0.6637837886810303,,1.8581859769508227e-05,166.34165315599967
0.49406175771971494,2080,0.6454977035522461,,1.8564264977566643e-05,167.139353165001
0.49643705463182897,2090,0.6731083393096924,,1.854667018562506e-05,168.0197838540007
0.498812351543943,2100,0.6610725879669189,,1.8529075393683472e-05,168.79938517400115
0.501187648456057,2110,0.6687106132507324,,1.8511480601741888e-05,169.5925845010006
0.503562945368171,2120,0.6734737873077392,,1.84938858098003e-05,170.37629361700056
0.505938242280285,2130,0.6612806797027588,,1.8476291017858717e-05,171.28172166700097
0.5083135391923991,2140,0.6736335754394531,,1.845869622591713e-05,172.1249535040006
0.5106888361045131,2150,0.6242931842803955,,1.8441101433975546e-05,172.9484934789998
0.5130641330166271,2160,0.6916437149047852,,1.842350664203396e-05,173.8113864140014
0.5154394299287411,2170,0.6504933357238769,,1.8405911850092376e-05,174.61486673299987
0.517814726840855,2180,0.6994964599609375,,1.838831705815079e-05,175.43110315100057
0.5201900237529691,2190,0.6714200973510742,,1.8370722266209205e-05,176.21754515700013
0.5225653206650831,2200,0.665782117843628,,1.8353127474267618e-05,176.96869636200063
0.5249406175771971,2210,0.6676234722137451,,1.8335532682326034e-05,177.7842138140004
0.5273159144893111,2220,0.6540489196777344,,1.8317937890384447e-05,178.63974172000053
0.5296912114014252,2230,0.6687895774841308,,1.8300343098442863e-05,179.435039117001
0.5320665083135392,2240,0.6531277656555176,,1.8282748306501276e-05,180.24323588900006
0.5344418052256532,2250,0.6732988834381104,,1.8265153514559692e-05,181.10688592400038
0.5368171021377672,2260,0.6479736328125,,1.8247558722618105e-05,181.8376355090004
0.5391923990498813,2270,0.6606985092163086,,1.822996393067652e-05,182.60137826200116
0.5415676959619953,2280,0.6450942039489747,,1.8212369138734934e-05,183.39497236600073
0.5439429928741093,2290,0.6716321468353271,,1.819477434679335e-05,184.15173581400086
0.5463182897862233,2300,0.6654043674468995,,1.8177179554851767e-05,184.93315975800033
0.5486935866983373,2310,0.6495073795318603,,1.815958476291018e-05,185.69321837000098
0.5510688836104513,2320,0.6528536796569824,,1.8141989970968596e-05,186.5069521460009
0.5534441805225653,2330,0.6761436462402344,,1.812439517902701e-05,187.33396306299983
0.5558194774346793,2340,0.6672476768493653,,1.8106800387085425e-05,188.07866656100123
0.5581947743467933,2350,0.6525420188903809,,1.808920559514384e-05,188.91305128299973
0.5605700712589073,2360,0.6398625373840332,,1.8071610803202254e-05,189.73879122000108
0.5629453681710214,2370,0.6780179977416992,,1.805401601126067e-05,190.54698283300058
0.5653206650831354,2380,0.6758242130279541,,1.8036421219319083e-05,191.37555126900043
0.5676959619952494,2390,0.6511876106262207,,1.80188264273775e-05,192.10494894600015
0.5700712589073634,2400,0.6465256214141846,,1.8001231635435912e-05,192.87630509100018
0.5724465558194775,2410,0.6491672992706299,,1.798363684349433e-05,193.73521854499995
0.5748218527315915,2420,0.6499769210815429,,1.796604205155274e-05,194.51994246100003
0.5771971496437055,2430,0.6596834182739257,,1.7948447259611158e-05,195.25421108699993
0.5795724465558195,2440,0.6567482471466064,,1.793085246766957e-05,196.13111262100028
0.5819477434679335,2450,0.6553309440612793,,1.7913257675727987e-05,196.86776952200125
0.5843230403800475,2460,0.663700008392334,,1.78956628837864e-05,197.69009311000082
0.5866983372921615,2470,0.6680466175079346,,1.7878068091844816e-05,198.40362138800083
0.5890736342042755,2480,0.637546443939209,,1.786047329990323e-05,199.20224163199964
0.5914489311163895,2490,0.6613349914550781,,1.7842878507961645e-05,199.93607057000008
0.5938242280285035,2500,0.6148038864135742,,1.7825283716020058e-05,200.60823748999974
0.5961995249406176,2510,0.6742931842803955,,1.7807688924078474e-05,201.4348448210003
0.5985748218527316,2520,0.6541830539703369,,1.7790094132136887e-05,202.21714854700076
0.6009501187648456,2530,0.6745765686035157,,1.7772499340195303e-05,203.0078144750005
0.6033254156769596,2540,0.6466403007507324,,1.7754904548253716e-05,203.88650562000112
0.6057007125890737,2550,0.6657961368560791,,1.7737309756312132e-05,204.7438241939999
0.6080760095011877,2560,0.6493315696716309,,1.7719714964370545e-05,205.4893254939998
0.6104513064133017,2570,0.6474753379821777,,1.770212017242896e-05,206.2889955690007
0.6128266033254157,2580,0.6316838264465332,,1.7684525380487378e-05,207.0297079920001
0.6152019002375297,2590,0.6776309967041015,,1.766693058854579e-05,207.83088172800126
0.6175771971496437,2600,0.6648248672485352,,1.7649335796604207e-05,208.62180954700125
0.6199524940617577,2610,0.6524473667144776,,1.7631741004662623e-05,209.38884615500137
0.6223277909738717,2620,0.6428558349609375,,1.7614146212721036e-05,210.22576196800037
0.6247030878859857,2630,0.6546626091003418,,1.7596551420779452e-05,211.020726697001
0.6270783847980997,2640,0.6393575191497802,,1.7578956628837865e-05,211.71994095100126
0.6294536817102138,2650,0.6719266414642334,,1.756136183689628e-05,212.5433363230004
0.6318289786223278,2660,0.6530007362365723,,1.7543767044954694e-05,213.31960238200008
0.6342042755344418,2670,0.6662128448486329,,1.752617225301311e-05,214.17420258400125
0.6365795724465558,2680,0.6385255813598633,,1.7508577461071527e-05,215.06616096000107
0.6389548693586699,2690,0.657847785949707,,1.749098266912994e-05,215.95582673100034
0.6413301662707839,2700,0.6458807945251465,,1.7473387877188356e-05,216.7272470150001
0.6437054631828979,2710,0.6635917663574219,,1.745579308524677e-05,217.51888451700142
0.6460807600950119,2720,0.6307951927185058,,1.7438198293305185e-05,218.3142619500013
0.6484560570071259,2730,0.664857006072998,,1.7420603501363598e-05,219.09172937600124
0.6508313539192399,2740,0.657798433303833,,1.7403008709422014e-05,219.84590389700134
0.6532066508313539,2750,0.6493269920349121,,1.7385413917480427e-05,220.64338219000092
0.6555819477434679,2760,0.6826843738555908,,1.7367819125538843e-05,221.47396945699984
0.6579572446555819,2770,0.6503371238708496,,1.7350224333597256e-05,222.3550105180002
0.6603325415676959,2780,0.6433502197265625,,1.7332629541655672e-05,223.24579899400123
0.66270783847981,2790,0.6570685386657715,,1.7315034749714085e-05,224.03080837000016
0.665083135391924,2800,0.6253177642822265,,1.72974399577725e-05,224.90119962000063
0.667458432304038,2810,0.6387707710266113,,1.7279845165830914e-05,225.6967410369998
0.669833729216152,2820,0.6524264335632324,,1.726225037388933e-05,226.51689756000087
0.672209026128266,2830,0.645087194442749,,1.7244655581947743e-05,227.2162937129997
0.6745843230403801,2840,0.6575881004333496,,1.722706079000616e-05,228.0389640960002
0.6769596199524941,2850,0.660480546951294,,1.7209465998064573e-05,228.84243421000065
0.6793349168646081,2860,0.643700122833252,,1.719187120612299e-05,229.83260485500068
0.6817102137767221,2870,0.6672722816467285,,1.71742764141814e-05,230.56096686800083
0.684085510688836,2880,0.636837100982666,,1.7156681622239818e-05,231.4183026669998
0.6864608076009501,2890,0.6417583465576172,,1.7139086830298234e-05,232.3102120200001
0.6888361045130641,2900,0.6277586460113526,,1.7121492038356647e-05,233.13486950900005
0.6912114014251781,2910,0.6411509037017822,,1.7103897246415063e-05,233.87104228800126
0.6935866983372921,2920,0.6530093193054199,,1.708630245447348e-05,234.5689024889998
0.6959619952494062,2930,0.6458361148834229,,1.7068707662531892e-05,235.44991295100044
0.6983372921615202,2940,0.6401245594024658,,1.705111287059031e-05,236.17126567000014
0.7007125890736342,2950,0.6663377285003662,,1.703351807864872e-05,237.01034039099977
0.7030878859857482,2960,0.6444819927215576,,1.7015923286707138e-05,237.87796570200044
0.7054631828978623,2970,0.6435895919799804,,1.699832849476555e-05,238.65815304700118
0.7078384798099763,2980,0.6336960792541504,,1.6980733702823967e-05,239.5424333789997
0.7102137767220903,2990,0.6704662799835205,,1.696313891088238e-05,240.41258798700073
0.7125890736342043,3000,0.655768871307373,,1.6945544118940796e-05,241.21284898900012
0.7149643705463183,3010,0.6550778388977051,,1.692794932699921e-05,242.02128231700044
0.7173396674584323,3020,0.6556161880493164,,1.6910354535057625e-05,242.81926244200076
0.7197149643705463,3030,0.6334804058074951,,1.6892759743116038e-05,243.56849927900112
0.7220902612826603,3040,0.6466290950775146,,1.6875164951174454e-05,244.42260890200123
0.7244655581947743,3050,0.6283262252807618,,1.6857570159232867e-05,245.17524516900085
0.7268408551068883,3060,0.6485871791839599,,1.6839975367291283e-05,245.97185277800054
0.7292161520190024,3070,0.6273716449737549,,1.6822380575349696e-05,246.68946064900047
0.7315914489311164,3080,0.6515651226043702,,1.6804785783408113e-05,247.4280215609997
0.7339667458432304,3090,0.6470417976379395,,1.6787190991466525e-05,248.2464970630008
0.7363420427553444,3100,0.6522462368011475,,1.676959619952494e-05,249.06562366100115
0.7387173396674585,3110,0.6578667640686036,,1.6752001407583355e-05,249.82660041200143
0.7410926365795725,3120,0.6556321144104004,,1.673440661564177e-05,250.60739050200027
0.7434679334916865,3130,0.6526303291320801,,1.6716811823700184e-05,251.37916257899997
0.7458432304038005,3140,0.6018561363220215,,1.66992170317586e-05,252.15287418400112
0.7482185273159145,3150,0.6240222930908204,,1.6681622239817016e-05,252.99466899900108
0.7505938242280285,3160,0.6386722087860107,,1.666402744787543e-05,253.87092266299987
0.7529691211401425,3170,0.6358322143554688,,1.6646432655933845e-05,254.62564109400046
0.7553444180522565,3180,0.6728103637695313,,1.6628837863992258e-05,255.45075772100063
0.7577197149643705,3190,0.6546318054199218,,1.6611243072050674e-05,256.27493577300083
0.7600950118764845,3200,0.6383125305175781,,1.659364828010909e-05,257.0722663010001
0.7624703087885986,3210,0.6532340049743652,,1.6576053488167504e-05,257.8181870890003
0.7648456057007126,3220,0.6334966659545899,,1.655845869622592e-05,258.55379547600023
0.7672209026128266,3230,0.6315372467041016,,1.6540863904284333e-05,259.4671089350013
0.7695961995249406,3240,0.6287655353546142,,1.652326911234275e-05,260.1294794740006
0.7719714964370546,3250,0.6421245098114013,,1.6505674320401162e-05,260.90695785000025
0.7743467933491687,3260,0.6441020965576172,,1.6488079528459578e-05,261.7340027190003
0.7767220902612827,3270,0.6348003387451172,,1.647048473651799e-05,262.62942001600095
0.7790973871733967,3280,0.6414934635162354,,1.6452889944576407e-05,263.45210747000056
0.7814726840855107,3290,0.6473583221435547,,1.643529515263482e-05,264.3665911019998
0.7838479809976246,3300,0.6297701358795166,,1.6417700360693236e-05,265.07077864200073
0.7862232779097387,3310,0.6578955173492431,,1.6400105568751653e-05,265.86959847400067
0.7885985748218527,3320,0.6705034732818603,,1.6382510776810065e-05,266.5743838390008
0.7909738717339667,3330,0.6235805034637452,,1.6364915984868482e-05,267.38785200799975
0.7933491686460807,3340,0.6377738952636719,,1.6347321192926895e-05,268.2040855340001
0.7957244655581948,3350,0.6544883251190186,,1.632972640098531e-05,268.9840362930008
0.7980997624703088,3360,0.6378947257995605,,1.6312131609043724e-05,269.75196378200053
0.8004750593824228,3370,0.6369024753570557,,1.629453681710214e-05,270.6520978990011
0.8028503562945368,3380,0.6387961864471435,,1.6276942025160553e-05,271.41308723600014
0.8052256532066508,3390,0.6331245422363281,,1.625934723321897e-05,272.18928694200076
0.8076009501187649,3400,0.6619840621948242,,1.6241752441277382e-05,272.9791525359997
0.8099762470308789,3410,0.6588397979736328,,1.6224157649335798e-05,273.7509508840012
0.8123515439429929,3420,0.6469577312469482,,1.620656285739421e-05,274.58602135600086
0.8147268408551069,3430,0.6552975177764893,,1.6188968065452627e-05,275.4247684290003
0.8171021377672208,3440,0.6423183917999268,,1.617137327351104e-05,276.1743984550012
0.8194774346793349,3450,0.6505329132080078,,1.6153778481569456e-05,276.9975977089998
0.8218527315914489,3460,0.6328398227691651,,1.6136183689627873e-05,277.92918838399964
0.8242280285035629,3470,0.6452043533325196,,1.6118588897686286e-05,278.6430405050014
0.8266033254156769,3480,0.6203372001647949,,1.6100994105744702e-05,279.53236082200056
0.828978622327791,3490,0.6320564270019531,,1.6083399313803115e-05,280.3555425800005
0.831353919239905,3500,0.6108965873718262,,1.606580452186153e-05,281.3172635840001
0.833729216152019,3510,0.6291356563568116,,1.6048209729919947e-05,282.1967818360008
0.836104513064133,3520,0.6252202033996582,,1.603061493797836e-05,283.11864645600144
0.838479809976247,3530,0.5978050708770752,,1.6013020146036776e-05,283.94868432800104
0.8408551068883611,3540,0.637583875656128,,1.599542535409519e-05,284.7911174640012
0.8432304038004751,3550,0.6463547229766846,,1.5977830562153605e-05,285.5672665860002
0.8456057007125891,3560,0.5988267421722412,,1.596023577021202e-05,286.3062363270001
0.8479809976247031,3570,0.6135645866394043,,1.5942640978270435e-05,287.10947172800115
0.850356294536817,3580,0.6344510078430176,,1.5925046186328847e-05,287.9129482850003
0.8527315914489311,3590,0.631099271774292,,1.5907451394387264e-05,288.86087962700003
0.8551068883610451,3600,0.6356216430664062,,1.5889856602445677e-05,289.7207251250002
0.8574821852731591,3610,0.6430903911590576,,1.5872261810504093e-05,290.5153167110002
0.8598574821852731,3620,0.6458840847015381,,1.5854667018562506e-05,291.30797603800056
0.8622327790973872,3630,0.6335400104522705,,1.5837072226620922e-05,292.0502881480006
0.8646080760095012,3640,0.6085950851440429,,1.5819477434679335e-05,292.8776960140003
0.8669833729216152,3650,0.6485072612762451,,1.580188264273775e-05,293.75113869300003
0.8693586698337292,3660,0.6391405582427978,,1.5784287850796164e-05,294.620877759
0.8717339667458432,3670,0.5908005714416504,,1.576669305885458e-05,295.40615394700035
0.8741092636579573,3680,0.6434893608093262,,1.5749098266912993e-05,296.2705967180009
0.8764845605700713,3690,0.601582670211792,,1.573150347497141e-05,297.12077814000077
0.8788598574821853,3700,0.6548243045806885,,1.5713908683029822e-05,297.932611309001
0.8812351543942993,3710,0.5930562019348145,,1.569631389108824e-05,298.67539936700086
0.8836104513064132,3720,0.6422179698944092,,1.5678719099146655e-05,299.42498719800096
0.8859857482185273,3730,0.6230068683624268,,1.5661124307205068e-05,300.16633749599896
0.8883610451306413,3740,0.6105550765991211,,1.5643529515263484e-05,301.08182955100165
0.8907363420427553,3750,0.6242530822753907,,1.5625934723321897e-05,301.8531552510012
0.8931116389548693,3760,0.6042516708374024,,1.5608339931380313e-05,302.73345022600006
0.8954869358669834,3770,0.6267316341400146,,1.559074513943873e-05,303.51244340200174
0.8978622327790974,3780,0.6077744483947753,,1.5573150347497142e-05,304.24792960000013
0.9002375296912114,3790,0.6531006336212158,,1.555555555555556e-05,305.1101364190017
0.9026128266033254,3800,0.6132306575775146,,1.553796076361397e-05,305.93982309999956
0.9049881235154394,3810,0.6293419361114502,,1.5520365971672387e-05,306.71871128100065
0.9073634204275535,3820,0.6106123924255371,,1.55027711797308e-05,307.5068382670015
0.9097387173396675,3830,0.5877340316772461,,1.5485176387789217e-05,308.2545498160016
0.9121140142517815,3840,0.6051368713378906,,1.546758159584763e-05,309.09504230700077
0.9144893111638955,3850,0.5842839241027832,,1.5449986803906046e-05,309.95235716299976
0.9168646080760094,3860,0.6281530380249023,,1.543239201196446e-05,310.7108735390011
0.9192399049881235,3870,0.6121798515319824,,1.5414797220022875e-05,311.41324885999893
0.9216152019002375,3880,0.6383574962615967,,1.5397202428081288e-05,312.19976768200104
0.9239904988123515,3890,0.606450891494751,,1.5379607636139704e-05,313.0064572370011
0.9263657957244655,3900,0.6104310035705567,,1.5362012844198117e-05,313.76692561799973
0.9287410926365796,3910,0.6256217002868653,,1.5344418052256533e-05,314.6189099380008
0.9311163895486936,3920,0.6116079330444336,,1.5326823260314946e-05,315.38655064100203
0.9334916864608076,3930,0.5940629482269287,,1.5309228468373362e-05,316.21464179099894
0.9358669833729216,3940,0.6336486339569092,,1.529163367643178e-05,317.0094128210021
0.9382422802850356,3950,0.5922736167907715,,1.527403888449019e-05,317.82827055599955
0.9406175771971497,3960,0.6089204311370849,,1.5256444092548608e-05,318.54132611800196
0.9429928741092637,3970,0.5873991012573242,,1.5238849300607022e-05,319.28448725700036
0.9453681710213777,3980,0.5827400207519531,,1.5221254508665437e-05,320.0691500740013
0.9477434679334917,3990,0.5954757690429687,,1.5203659716723851e-05,320.8359513890009
0.9501187648456056,4000,0.6235023498535156,,1.5186064924782268e-05,321.6175519670014
0.9524940617577197,4010,0.634387731552124,,1.516847013284068e-05,322.42022216900114
0.9548693586698337,4020,0.6096239566802979,,1.5150875340899097e-05,323.28530065999985
0.9572446555819477,4030,0.6404985904693603,,1.513328054895751e-05,324.0441974229998
0.9596199524940617,4040,0.6103713989257813,,1.5115685757015926e-05,324.76776181399873
0.9619952494061758,4050,0.6144878387451171,,1.5098090965074339e-05,325.61500034000164
0.9643705463182898,4060,0.6151485919952393,,1.5080496173132755e-05,326.41007248700225
0.9667458432304038,4070,0.6164854049682618,,1.5062901381191168e-05,327.2521541900005
0.9691211401425178,4080,0.6135204315185547,,1.5045306589249584e-05,328.05780855100056
0.9714964370546318,4090,0.6301849842071533,,1.5027711797307999e-05,328.95955407900146
0.9738717339667459,4100,0.636789608001709,,1.5010117005366413e-05,329.77625730800173
0.9762470308788599,4110,0.6192675590515136,,1.4992522213424828e-05,330.62024764200214
0.9786223277909739,4120,0.6209835529327392,,1.4974927421483242e-05,331.4405072210011
0.9809976247030879,4130,0.6011295318603516,,1.4957332629541657e-05,332.1475362959991
0.9833729216152018,4140,0.6250439643859863,,1.4939737837600073e-05,332.901095367999
0.9857482185273159,4150,0.6027749061584473,,1.4922143045658486e-05,333.65186949300005
0.9881235154394299,4160,0.6110448837280273,,1.4904548253716902e-05,334.44698728299954
0.9904988123515439,4170,0.6057141780853271,,1.4886953461775315e-05,335.16283814000235
0.9928741092636579,4180,0.6220964431762696,,1.4869358669833731e-05,336.03393109300123
0.995249406175772,4190,0.60069260597229,,1.4851763877892144e-05,336.8653528269988
0.997624703087886,4200,0.6174883365631103,,1.483416908595056e-05,337.71081411999876
1.0,4210,0.6209607601165772,,1.4816574294008973e-05,338.4565290640003
1.0,4210,,0.6011995673179626,,340.8797552640008
1.002375296912114,4220,0.598219633102417,,1.479897950206739e-05,342.30129723900063
1.004750593824228,4230,0.6022935390472413,,1.4781384710125804e-05,343.0589849750013
1.007125890736342,4240,0.621299409866333,,1.4763789918184219e-05,344.00867334300165
1.009501187648456,4250,0.6112741470336914,,1.4746195126242633e-05,344.7090527849996
1.01187648456057,4260,0.6059532165527344,,1.4728600334301048e-05,345.50248767300036
1.0142517814726841,4270,0.5927272319793702,,1.4711005542359462e-05,346.36420189800083
1.0166270783847982,4280,0.6099498271942139,,1.4693410750417879e-05,347.1209682440003
1.0190023752969122,4290,0.6156855583190918,,1.4675815958476292e-05,347.7919882869992
1.0213776722090262,4300,0.5828211784362793,,1.4658221166534708e-05,348.53497990600044
1.0237529691211402,4310,0.6211590766906738,,1.464062637459312e-05,349.399975757
1.0261282660332542,4320,0.6107494831085205,,1.4623031582651537e-05,350.1791846840006
1.0285035629453683,4330,0.6208033561706543,,1.460543679070995e-05,350.924634109002
1.0308788598574823,4340,0.6004249095916748,,1.4587841998768366e-05,351.72818896100034
1.0332541567695963,4350,0.6227456092834472,,1.4570247206826779e-05,352.4870335809992
1.03562945368171,4360,0.6408075332641602,,1.4552652414885195e-05,353.3352947309995
1.0380047505938241,4370,0.6093504905700684,,1.453505762294361e-05,354.1275204350004
1.0403800475059382,4380,0.6073582172393799,,1.4517462831002024e-05,354.8587549240019
1.0427553444180522,4390,0.5864705562591552,,1.4499868039060439e-05,355.6478810630015
1.0451306413301662,4400,0.6169436931610107,,1.4482273247118855e-05,356.4683869849996
1.0475059382422802,4410,0.57122802734375,,1.4464678455177268e-05,357.23618144600005
1.0498812351543942,4420,0.5792714595794678,,1.4447083663235684e-05,358.177647696999
1.0522565320665083,4430,0.5953537940979003,,1.4429488871294097e-05,359.0105568960007
1.0546318289786223,4440,0.5902464866638184,,1.4411894079352513e-05,359.70744493799975
1.0570071258907363,4450,0.6296634674072266,,1.4394299287410926e-05,360.48096851600167
1.0593824228028503,4460,0.5970848560333252,,1.4376704495469342e-05,361.3549428259994
1.0617577197149644,4470,0.5939040184020996,,1.4359109703527755e-05,362.2050139869989
1.0641330166270784,4480,0.5817645072937012,,1.4341514911586172e-05,362.98934728100176
1.0665083135391924,4490,0.6012769222259522,,1.4323920119644586e-05,363.85293507799906
1.0688836104513064,4500,0.616892671585083,,1.4306325327703e-05,364.8192965819999
1.0712589073634204,4510,0.5917288303375244,,1.4288730535761415e-05,365.6645751289998
1.0736342042755345,4520,0.6045286178588867,,1.427113574381983e-05,366.4558114629999
1.0760095011876485,4530,0.5830536842346191,,1.4253540951878244e-05,367.2779450680009
1.0783847980997625,4540,0.5802500724792481,,1.423594615993666e-05,368.10138282799926
1.0807600950118765,4550,0.5784450531005859,,1.4218351367995074e-05,368.9270175469992
1.0831353919239906,4560,0.5876675605773926,,1.420075657605349e-05,369.7351064350023
1.0855106888361046,4570,0.5566669464111328,,1.4183161784111904e-05,370.55039734899947
1.0878859857482186,4580,0.5727771759033203,,1.4165566992170319e-05,371.41396178200193
1.0902612826603326,4590,0.6208979606628418,,1.4147972200228735e-05,372.2381871990019
1.0926365795724466,4600,0.6179032802581788,,1.4130377408287148e-05,373.02629803200216
1.0950118764845607,4610,0.5720105171203613,,1.4112782616345564e-05,373.85394107900174
1.0973871733966747,4620,0.5971718788146972,,1.4095187824403977e-05,374.637533168001
1.0997624703087885,4630,0.6343612194061279,,1.4077593032462393e-05,375.5339443590001
1.1021377672209025,4640,0.5896607875823975,,1.4059998240520806e-05,376.30740742500166
1.1045130641330165,4650,0.5955789089202881,,1.4042403448579223e-05,377.06782269200085
1.1068883610451306,4660,0.6121623516082764,,1.4024808656637635e-05,377.777401835001
1.1092636579572446,4670,0.5670866966247559,,1.4007213864696052e-05,378.506944327999
1.1116389548693586,4680,0.6053473472595214,,1.3989619072754466e-05,379.4094075560006
1.1140142517814726,4690,0.5745937824249268,,1.397202428081288e-05,380.24244093299967
1.1163895486935866,4700,0.5716669082641601,,1.3954429488871295e-05,381.0179963829996
1.1187648456057007,4710,0.5963527202606201,,1.3936834696929712e-05,381.81672433099993
1.1211401425178147,4720,0.612104082107544,,1.3919239904988124e-05,382.69475115099885
1.1235154394299287,4730,0.5732357978820801,,1.390164511304654e-05,383.5329521090007
1.1258907363420427,4740,0.5584999084472656,,1.3884050321104954e-05,384.2921280040009
1.1282660332541568,4750,0.5936328411102295,,1.386645552916337e-05,385.07244506499956
1.1306413301662708,4760,0.5963230133056641,,1.3848860737221783e-05,385.8349496089995
1.1330166270783848,4770,0.5755062580108643,,1.3831265945280199e-05,386.7080677739996
1.1353919239904988,4780,0.6161923885345459,,1.3813671153338612e-05,387.6232534280007
1.1377672209026128,4790,0.5454237461090088,,1.3796076361397028e-05,388.4595396749992
1.1401425178147269,4800,0.5972842216491699,,1.3778481569455443e-05,389.2392172179989
1.1425178147268409,4810,0.6180140495300293,,1.3760886777513857e-05,390.04862134500036
1.144893111638955,4820,0.5999162197113037,,1.3743291985572272e-05,390.9124105739993
1.147268408551069,4830,0.6230066776275635,,1.3725697193630686e-05,391.80020742500164
1.149643705463183,4840,0.5537939071655273,,1.3708102401689101e-05,392.6850566209996
1.152019002375297,4850,0.5576663494110108,,1.3690507609747517e-05,393.44868420999956
1.154394299287411,4860,0.5924608707427979,,1.367291281780593e-05,394.28876140600005
1.156769596199525,4870,0.5714416027069091,,1.3655318025864346e-05,395.0989316260002
1.159144893111639,4880,0.5594778060913086,,1.363772323392276e-05,395.9444937339995
1.161520190023753,4890,0.6151560783386231,,1.3620128441981175e-05,396.6830948120023
1.1638954869358669,4900,0.5952819347381592,,1.3602533650039588e-05,397.46375325699955
1.166270783847981,4910,0.576592206954956,,1.3584938858098005e-05,398.2994018170011
1.168646080760095,4920,0.5997520923614502,,1.3567344066156417e-05,399.08764928500204
1.171021377672209,4930,0.5848589420318604,,1.3549749274214834e-05,399.9019390910016
1.173396674584323,4940,0.590082311630249,,1.3532154482273248e-05,400.77639760700004
1.175771971496437,4950,0.5304312705993652,,1.3514559690331663e-05,401.65330010300204
1.178147268408551,4960,0.599317979812622,,1.3496964898390077e-05,402.44373868300136
1.180522565320665,4970,0.6095386505126953,,1.3479370106448492e-05,403.28359768300106
1.182897862232779,4980,0.5677318572998047,,1.3461775314506906e-05,404.11477195800217
1.185273159144893,4990,0.5865242958068848,,1.3444180522565323e-05,404.87676921300044
1.187648456057007,5000,0.5700343132019043,,1.3426585730623736e-05,405.7978343269988
1.190023752969121,5010,0.5783201217651367,,1.3408990938682152e-05,406.5839289859996
1.1923990498812351,5020,0.5953287601470947,,1.3391396146740565e-05,407.3689702920001
1.1947743467933492,5030,0.5971855163574219,,1.3373801354798981e-05,408.1135010730013
1.1971496437054632,5040,0.5928331851959229,,1.3356206562857394e-05,408.96690292899984
1.1995249406175772,5050,0.5570527076721191,,1.333861177091581e-05,409.7708697210019
1.2019002375296912,5060,0.5910046100616455,,1.3321016978974225e-05,410.57619403800163
1.2042755344418052,5070,0.5535173892974854,,1.330342218703264e-05,411.3834604950007
1.2066508313539193,5080,0.6006950855255127,,1.3285827395091054e-05,412.1963947730019
1.2090261282660333,5090,0.582583999633789,,1.3268232603149468e-05,413.04625302800014
1.2114014251781473,5100,0.5879550457000733,,1.3250637811207883e-05,413.79356227599965
1.2137767220902613,5110,0.5671192169189453,,1.32330430192663e-05,414.6942183779993
1.2161520190023754,5120,0.5840584754943847,,1.3215448227324712e-05,415.47453554300046
1.2185273159144894,5130,0.5898090362548828,,1.3197853435383128e-05,416.26574925299974
1.2209026128266034,5140,0.5228972911834717,,1.3180258643441541e-05,417.07191974000125
1.2232779097387174,5150,0.6242055416107177,,1.3162663851499957e-05,417.84613681000155
1.2256532066508314,5160,0.6118592739105224,,1.314506905955837e-05,418.6865342530018
1.2280285035629455,5170,0.6017831325531006,,1.3127474267616787e-05,419.44014578899987
1.2304038004750595,5180,0.5804789066314697,,1.31098794756752e-05,420.20292353399964
1.2327790973871733,5190,0.5692762851715087,,1.3092284683733616e-05,420.9677272940007
1.2351543942992875,5200,0.5789121627807617,,1.307468989179203e-05,421.82486249700196
1.2375296912114013,5210,0.5854446411132812,,1.3057095099850445e-05,422.6109150040011
1.2399049881235154,5220,0.5706412315368652,,1.3039500307908861e-05,423.38094509300026
1.2422802850356294,5230,0.5617760181427002,,1.3021905515967274e-05,424.21297314799995
1.2446555819477434,5240,0.5730156898498535,,1.300431072402569e-05,425.07220048600175
1.2470308788598574,5250,0.5426511764526367,,1.2986715932084105e-05,425.8702946020003
1.2494061757719714,5260,0.5371945381164551,,1.296912114014252e-05,426.7242887090015
1.2517814726840855,5270,0.5607553482055664,,1.2951526348200934e-05,427.44778545100235
1.2541567695961995,5280,0.5557301044464111,,1.2933931556259348e-05,428.1843953939988
1.2565320665083135,5290,0.5961065769195557,,1.2916336764317763e-05,429.03073429100004
1.2589073634204275,5300,0.5885769367218018,,1.289874197237618e-05,429.8697670099991
1.2612826603325415,5310,0.5452555656433106,,1.2881147180434592e-05,430.61160643600124
1.2636579572446556,5320,0.564694595336914,,1.2863552388493008e-05,431.4141055050004
1.2660332541567696,5330,0.5887754440307618,,1.2845957596551421e-05,432.23456748300123
1.2684085510688836,5340,0.5900827884674072,,1.2828362804609837e-05,433.01871758400193
1.2707838479809976,5350,0.5602190494537354,,1.281076801266825e-05,433.78524771200136
1.2731591448931117,5360,0.5929224967956543,,1.2793173220726667e-05,434.63156796899966
1.2755344418052257,5370,0.5707443237304688,,1.2775578428785081e-05,435.4195891290019
1.2779097387173397,5380,0.5548127174377442,,1.2757983636843496e-05,436.1491114440014
1.2802850356294537,5390,0.5429040431976319,,1.274038884490191e-05,436.91723488800017
1.2826603325415677,5400,0.5611327648162842,,1.2722794052960325e-05,437.7197574280017
1.2850356294536818,5410,0.5928010463714599,,1.270519926101874e-05,438.5266730530002
1.2874109263657958,5420,0.5849589824676513,,1.2687604469077156e-05,439.2946766110017
1.2897862232779098,5430,0.5983962059020996,,1.2670009677135569e-05,440.1505639070001
1.2921615201900236,5440,0.5697497844696044,,1.2652414885193985e-05,440.9290578019991
1.2945368171021379,5450,0.5829245567321777,,1.2634820093252398e-05,441.7760295780008
1.2969121140142517,5460,0.5518590450286865,,1.2617225301310814e-05,442.6364825190012
1.299287410926366,5470,0.6202515125274658,,1.2599630509369227e-05,443.4825352099997
1.3016627078384797,5480,0.5670685768127441,,1.2582035717427643e-05,444.22330394300116
1.304038004750594,5490,0.5597118854522705,,1.2564440925486056e-05,445.09301148600025
1.3064133016627077,5500,0.5645705223083496,,1.2546846133544472e-05,445.9436515790021
1.3087885985748218,5510,0.6040345191955566,,1.2529251341602887e-05,446.7938095240006
1.3111638954869358,5520,0.5462677955627442,,1.2511656549661301e-05,447.61905290100003
1.3135391923990498,5530,0.554463529586792,,1.2494061757719716e-05,448.46773730099994
1.3159144893111638,5540,0.5589821815490723,,1.247646696577813e-05,449.27888933599934
1.3182897862232779,5550,0.5641488552093505,,1.2458872173836545e-05,450.1067991910004
1.3206650831353919,5560,0.5349151611328125,,1.2441277381894961e-05,450.9245623020015
1.323040380047506,5570,0.5205633163452148,,1.2423682589953374e-05,451.7771235679993
1.32541567695962,5580,0.558317232131958,,1.240608779801179e-05,452.65903697700014
1.327790973871734,5590,0.5597103118896485,,1.2388493006070203e-05,453.44960841800093
1.330166270783848,5600,0.5524456024169921,,1.237089821412862e-05,454.2812852879997
1.332541567695962,5610,0.5269139289855957,,1.2353303422187032e-05,455.05649667700163
1.334916864608076,5620,0.5925051212310791,,1.2335708630245449e-05,455.90840947500146
1.33729216152019,5630,0.5828705310821534,,1.2318113838303861e-05,456.7978163230018
1.339667458432304,5640,0.5865037441253662,,1.2300519046362278e-05,457.6259618410022
1.342042755344418,5650,0.5470276355743409,,1.2282924254420692e-05,458.48825024000143
1.344418052256532,5660,0.5581718444824219,,1.2265329462479107e-05,459.301622838002
1.3467933491686461,5670,0.5971872329711914,,1.2247734670537521e-05,460.23204650799926
1.3491686460807601,5680,0.5257655143737793,,1.2230139878595938e-05,461.0650814010023
1.3515439429928742,5690,0.6104622840881347,,1.221254508665435e-05,461.89591833800114
1.3539192399049882,5700,0.549681282043457,,1.2194950294712767e-05,462.67812599100034
1.3562945368171022,5710,0.5532718658447265,,1.217735550277118e-05,463.44849861500006
1.3586698337292162,5720,0.5413841247558594,,1.2159760710829596e-05,464.26865005499894
1.36104513064133,5730,0.5626377105712891,,1.2142165918888009e-05,465.08591994700146
1.3634204275534443,5740,0.5550410270690918,,1.2124571126946425e-05,465.942828999001
1.365795724465558,5750,0.5457001686096191,,1.2106976335004838e-05,466.66591561800124
1.3681710213776723,5760,0.5340558052062988,,1.2089381543063254e-05,467.41429906600206
1.3705463182897861,5770,0.5545555114746094,,1.2071786751121669e-05,468.27560042000005
1.3729216152019004,5780,0.5771184921264648,,1.2054191959180083e-05,469.0566988520022
1.3752969121140142,5790,0.5311112403869629,,1.2036597167238498e-05,469.8454770619992
1.3776722090261282,5800,0.5051249504089356,,1.2019002375296912e-05,470.68886249800016
1.3800475059382422,5810,0.5938764095306397,,1.2001407583355327e-05,471.4776694270022
1.3824228028503562,5820,0.5562682628631592,,1.1983812791413743e-05,472.29880102300194
1.3847980997624703,5830,0.5187827110290527,,1.1966217999472156e-05,473.05993600200054
1.3871733966745843,5840,0.5498455047607422,,1.1948623207530572e-05,473.8425332019997
1.3895486935866983,5850,0.5490180969238281,,1.1931028415588987e-05,474.5824175700018
1.3919239904988123,5860,0.5760859966278076,,1.1913433623647402e-05,475.40034493999883
1.3942992874109263,5870,0.5527223110198974,,1.1895838831705818e-05,476.1487522820007
1.3966745843230404,5880,0.5980619430541992,,1.187824403976423e-05,476.9620055719988
1.3990498812351544,5890,0.5696371078491211,,1.1860649247822647e-05,477.6649190360022
1.4014251781472684,5900,0.5558689117431641,,1.184305445588106e-05,478.43912795100005
1.4038004750593824,5910,0.5408072948455811,,1.1825459663939476e-05,479.2625317610018
1.4061757719714965,5920,0.5597069740295411,,1.1807864871997889e-05,480.05287152300116
1.4085510688836105,5930,0.527500057220459,,1.1790270080056305e-05,480.7746948139993
1.4109263657957245,5940,0.5437488555908203,,1.1772675288114718e-05,481.55746384800113
1.4133016627078385,5950,0.5852241516113281,,1.1755080496173134e-05,482.32032753600106
1.4156769596199525,5960,0.5480551242828369,,1.1737485704231549e-05,483.13629106100234
1.4180522565320666,5970,0.5385942459106445,,1.1719890912289963e-05,483.88464692100206
1.4204275534441806,5980,0.5248711585998536,,1.1702296120348378e-05,484.625004765001
1.4228028503562946,5990,0.5454202651977539,,1.1684701328406794e-05,485.3563960039992
1.4251781472684084,6000,0.5588643074035644,,1.1667106536465207e-05,486.072462782
1.4275534441805227,6010,0.5745685577392579,,1.1649511744523623e-05,486.75889092000034
1.4299287410926365,6020,0.5539277553558349,,1.1631916952582036e-05,487.5339707309995
1.4323040380047507,6030,0.5337315082550049,,1.1614322160640452e-05,488.29555296999933
1.4346793349168645,6040,0.567240858078003,,1.1596727368698865e-05,489.0511290500017
1.4370546318289787,6050,0.5395962238311768,,1.1579132576757282e-05,489.90531385599934
1.4394299287410925,6060,0.5679285049438476,,1.1561537784815694e-05,490.7522408290006
1.4418052256532066,6070,0.5765246391296387,,1.154394299287411e-05,491.53184235700064
1.4441805225653206,6080,0.5430547714233398,,1.1526348200932525e-05,492.3351153820022
1.4465558194774346,6090,0.5777819633483887,,1.150875340899094e-05,493.1617285449993
1.4489311163895486,6100,0.5221318244934082,,1.1491158617049354e-05,493.88286624899956
1.4513064133016627,6110,0.5544886589050293,,1.1473563825107769e-05,494.72094985600233
1.4536817102137767,6120,0.5976960182189941,,1.1455969033166184e-05,495.51772516000165
1.4560570071258907,6130,0.5376532077789307,,1.14383742412246e-05,496.38061467600164
1.4584323040380047,6140,0.5507229804992676,,1.1420779449283013e-05,497.23376481000196
1.4608076009501187,6150,0.5173474311828613,,1.1403184657341429e-05,498.056000767001
1.4631828978622328,6160,0.5571916103363037,,1.1385589865399842e-05,498.887352759999
1.4655581947743468,6170,0.5639049530029296,,1.1367995073458258e-05,499.6920644010006
1.4679334916864608,6180,0.5328372478485107,,1.1350400281516671e-05,500.42135729500114
1.4703087885985748,6190,0.5368972778320312,,1.1332805489575087e-05,501.1511161870021
1.4726840855106889,6200,0.5439264297485351,,1.13152106976335e-05,501.94416117900073
1.4750593824228029,6210,0.5170188426971436,,1.1297615905691916e-05,502.70993517400166
1.477434679334917,6220,0.5340802192687988,,1.128002111375033e-05,503.52000516099906
1.479809976247031,6230,0.5466320991516114,,1.1262426321808745e-05,504.3155308309997
1.482185273159145,6240,0.5617770195007324,,1.124483152986716e-05,505.0592945970002
1.484560570071259,6250,0.5725321769714355,,1.1227236737925575e-05,505.92725755299944
1.486935866983373,6260,0.5322795391082764,,1.1209641945983989e-05,506.7226564909997
1.489311163895487,6270,0.5707635402679443,,1.1192047154042405e-05,507.6242083410016
1.491686460807601,6280,0.5469298362731934,,1.1174452362100818e-05,508.36047460699956
1.4940617577197148,6290,0.5090958595275878,,1.1156857570159234e-05,509.27318570100215
1.496437054631829,6300,0.5978829383850097,,1.1139262778217647e-05,510.1124294250021
1.4988123515439429,6310,0.5438262462615967,,1.1121667986276064e-05,510.9490453210001
1.5011876484560571,6320,0.5488983631134033,,1.1104073194334476e-05,511.74146266700154
1.503562945368171,6330,0.5730203628540039,,1.1086478402392893e-05,512.5783924709995
1.5059382422802852,6340,0.5457488536834717,,1.1068883610451307e-05,513.3382068869996
1.508313539192399,6350,0.5658093452453613,,1.1051288818509722e-05,514.2750256269992
1.5106888361045132,6360,0.5355874538421631,,1.1033694026568136e-05,515.0539272049991
1.513064133016627,6370,0.49808826446533205,,1.1016099234626551e-05,515.7485720519999
1.5154394299287413,6380,0.5460882663726807,,1.0998504442684966e-05,516.5387681789998
1.517814726840855,6390,0.5231658935546875,,1.0980909650743382e-05,517.2641601490013
1.520190023752969,6400,0.5625867366790771,,1.0963314858801795e-05,518.0876177459995
1.522565320665083,6410,0.5503130435943604,,1.0945720066860211e-05,518.9832215459992
1.5249406175771971,6420,0.5296106815338135,,1.0928125274918624e-05,519.8510187570009
1.5273159144893111,6430,0.5069047451019287,,1.091053048297704e-05,520.6805791310017
1.5296912114014252,6440,0.5644598007202148,,1.0892935691035453e-05,521.4470238000013
1.5320665083135392,6450,0.5618435859680175,,1.0875340899093869e-05,522.2359738390023
1.5344418052256532,6460,0.559147834777832,,1.0857746107152282e-05,523.048556650001
1.5368171021377672,6470,0.5236917495727539,,1.0840151315210698e-05,523.7998201089995
1.5391923990498813,6480,0.5478198051452636,,1.0822556523269115e-05,524.6267822770005
1.5415676959619953,6490,0.5498125553131104,,1.0804961731327527e-05,525.4926675330007
1.5439429928741093,6500,0.5546627998352051,,1.0787366939385944e-05,526.3524201630007
1.5463182897862233,6510,0.5060244560241699,,1.0769772147444357e-05,527.1535595490004
1.5486935866983373,6520,0.5088082313537597,,1.0752177355502773e-05,527.9176503170002
1.5510688836104514,6530,0.5403210163116455,,1.0734582563561187e-05,528.6887648510001
1.5534441805225652,6540,0.5232484817504883,,1.0716987771619602e-05,529.5149783399993
1.5558194774346794,6550,0.532291316986084,,1.0699392979678016e-05,530.264617908002
1.5581947743467932,6560,0.5067572593688965,,1.0681798187736431e-05,530.947121105999
1.5605700712589075,6570,0.5224286556243897,,1.0664203395794846e-05,531.710986434
1.5629453681710213,6580,0.5144822597503662,,1.0646608603853262e-05,532.4477197360011
1.5653206650831355,6590,0.5207150936126709,,1.0629013811911675e-05,533.2732807070006
1.5676959619952493,6600,0.5241304874420166,,1.0611419019970091e-05,534.1109115090021
1.5700712589073635,6610,0.5775618553161621,,1.0593824228028504e-05,534.8904596810007
1.5724465558194773,6620,0.5162767887115478,,1.057622943608692e-05,535.7877745310016
1.5748218527315916,6630,0.5389250755310059,,1.0558634644145333e-05,536.558175594002
1.5771971496437054,6640,0.501760196685791,,1.054103985220375e-05,537.3642122110014
1.5795724465558196,6650,0.5526644706726074,,1.0523445060262164e-05,538.1836715379995
1.5819477434679334,6660,0.5608455181121826,,1.0505850268320578e-05,539.0199950040023
1.5843230403800475,6670,0.49834270477294923,,1.0488255476378993e-05,539.7531891599992
1.5866983372921615,6680,0.5478420257568359,,1.0470660684437407e-05,540.5045017710017
1.5890736342042755,6690,0.5302480697631836,,1.0453065892495822e-05,541.3466980350004
1.5914489311163895,6700,0.5520301342010498,,1.0435471100554238e-05,542.1102457630022
1.5938242280285035,6710,0.5209500312805175,,1.0417876308612651e-05,542.939814506999
1.5961995249406176,6720,0.5224416255950928,,1.0400281516671067e-05,543.7856202579987
1.5985748218527316,6730,0.5589492321014404,,1.038268672472948e-05,544.5716818160017
1.6009501187648456,6740,0.5306197166442871,,1.0365091932787897e-05,545.3884401830019
1.6033254156769596,6750,0.5523151397705078,,1.034749714084631e-05,546.1741108890001
1.6057007125890737,6760,0.5637013435363769,,1.0329902348904726e-05,546.9957896780015
1.6080760095011877,6770,0.5235424518585206,,1.0312307556963139e-05,547.801481888002
1.6104513064133017,6780,0.5387103080749511,,1.0294712765021555e-05,548.5550886290021
1.6128266033254157,6790,0.5656625270843506,,1.027711797307997e-05,549.3550614399992
1.6152019002375297,6800,0.5305118083953857,,1.0259523181138384e-05,550.1692445640019
1.6175771971496435,6810,0.5297976016998291,,1.0241928389196798e-05,550.8959826560003
1.6199524940617578,6820,0.5391786575317383,,1.0224333597255213e-05,551.7324451100012
1.6223277909738716,6830,0.5286673069000244,,1.0206738805313628e-05,552.4731632009989
1.6247030878859858,6840,0.5553431034088134,,1.0189144013372044e-05,553.1972756070008
1.6270783847980996,6850,0.5466171741485596,,1.0171549221430457e-05,554.0110153740006
1.6294536817102139,6860,0.512790584564209,,1.0153954429488873e-05,554.8895908530012
1.6318289786223277,6870,0.526363468170166,,1.0136359637547286e-05,555.8029889520021
1.634204275534442,6880,0.5313619136810303,,1.0118764845605702e-05,556.7195610969993
1.6365795724465557,6890,0.5152825832366943,,1.0101170053664115e-05,557.5960478780016
1.63895486935867,6900,0.5793111801147461,,1.0083575261722531e-05,558.3958525479993
1.6413301662707838,6910,0.5208271026611329,,1.0065980469780944e-05,559.178648684001
1.643705463182898,6920,0.4952970504760742,,1.004838567783936e-05,559.8504675380009
1.6460807600950118,6930,0.5140984058380127,,1.0030790885897775e-05,560.5984667220018
1.648456057007126,6940,0.5300395488739014,,1.001319609395619e-05,561.4279113809989
1.6508313539192399,6950,0.5263717651367188,,9.995601302014604e-06,562.2331451900009
1.6532066508313539,6960,0.5148299217224122,,9.97800651007302e-06,563.1803240810023
1.655581947743468,6970,0.5340245723724365,,9.960411718131435e-06,563.9856166910013
1.657957244655582,6980,0.509345817565918,,9.94281692618985e-06,564.7691382140019
1.660332541567696,6990,0.5369677543640137,,9.925222134248264e-06,565.4653519869989
1.66270783847981,7000,0.4914769172668457,,9.907627342306679e-06,566.268980357001
1.665083135391924,7010,0.5025674819946289,,9.890032550365093e-06,567.059967727002
1.667458432304038,7020,0.5314998626708984,,9.872437758423508e-06,567.7744601050017
1.669833729216152,7030,0.5472528457641601,,9.854842966481922e-06,568.6460916279993
1.672209026128266,7040,0.493509578704834,,9.837248174540337e-06,569.4967757370014
1.67458432304038,7050,0.49139013290405276,,9.819653382598751e-06,570.2289649870017
1.676959619952494,7060,0.5005925178527832,,9.802058590657166e-06,570.9825873440004
1.6793349168646081,7070,0.5348700523376465,,9.78446379871558e-06,571.7416711089991
1.6817102137767221,7080,0.5145444869995117,,9.766869006773995e-06,572.5527958600014
1.6840855106888362,7090,0.47805275917053225,,9.74927421483241e-06,573.4225900420006
1.68646080760095,7100,0.49892363548278806,,9.731679422890826e-06,574.2144398770015
1.6888361045130642,7110,0.5112946033477783,,9.71408463094924e-06,575.0338768290003
1.691211401425178,7120,0.5176724910736084,,9.696489839007655e-06,575.8038301409997
1.6935866983372923,7130,0.4815235614776611,,9.67889504706607e-06,576.7092520989991
1.695961995249406,7140,0.5256553173065186,,9.661300255124484e-06,577.5657871849999
1.6983372921615203,7150,0.5322231769561767,,9.643705463182899e-06,578.4366320649988
1.700712589073634,7160,0.4933003425598145,,9.626110671241313e-06,579.2202200910015
1.7030878859857483,7170,0.5225439071655273,,9.608515879299728e-06,580.0375108220014
1.7054631828978621,7180,0.5049386978149414,,9.590921087358142e-06,580.8417073850014
1.7078384798099764,7190,0.47088136672973635,,9.573326295416557e-06,581.6586123020006
1.7102137767220902,7200,0.5242218017578125,,9.555731503474971e-06,582.5042830799994
1.7125890736342044,7210,0.5241086483001709,,9.538136711533386e-06,583.3590472330015
1.7149643705463182,7220,0.4586041450500488,,9.5205419195918e-06,584.2025862610008
1.7173396674584323,7230,0.5126426219940186,,9.502947127650217e-06,584.9952039979999
1.7197149643705463,7240,0.5189311027526855,,9.485352335708631e-06,585.8101641640005
1.7220902612826603,7250,0.5273107528686524,,9.467757543767046e-06,586.6328238600017
1.7244655581947743,7260,0.4946584701538086,,9.45016275182546e-06,587.5066881680013
1.7268408551068883,7270,0.41841611862182615,,9.432567959883875e-06,588.257020125
1.7292161520190024,7280,0.5252602100372314,,9.41497316794229e-06,589.0333894890009
1.7315914489311164,7290,0.5337104320526123,,9.397378376000704e-06,589.7826621100012
1.7339667458432304,7300,0.46747918128967286,,9.379783584059119e-06,590.5684370290019
1.7363420427553444,7310,0.5495352745056152,,9.362188792117533e-06,591.4236917940016
1.7387173396674585,7320,0.5005533695220947,,9.344594000175948e-06,592.274191049999
1.7410926365795725,7330,0.5265108585357666,,9.326999208234362e-06,593.1321331179988
1.7434679334916865,7340,0.5210370063781739,,9.309404416292777e-06,593.9759426870023
1.7458432304038005,7350,0.5036657333374024,,9.291809624351192e-06,594.7484808579993
1.7482185273159145,7360,0.49176797866821287,,9.274214832409608e-06,595.4987341750002
1.7505938242280283,7370,0.4814291477203369,,9.256620040468022e-06,596.3055420639994
1.7529691211401426,7380,0.509320878982544,,9.239025248526437e-06,597.0267723189991
1.7553444180522564,7390,0.44077444076538086,,9.221430456584852e-06,597.8137588990012
1.7577197149643706,7400,0.49504780769348145,,9.203835664643266e-06,598.7014413429988
1.7600950118764844,7410,0.4533233165740967,,9.18624087270168e-06,599.5919816200021
1.7624703087885987,7420,0.4688121795654297,,9.168646080760095e-06,600.4707241939996
1.7648456057007125,7430,0.5336354732513428,,9.151051288818511e-06,601.2529058960008
1.7672209026128267,7440,0.5093354225158692,,9.133456496876926e-06,602.016489683001
1.7695961995249405,7450,0.5826135635375976,,9.11586170493534e-06,602.7645420040008
1.7719714964370548,7460,0.5476902961730957,,9.098266912993755e-06,603.5045185840008
1.7743467933491686,7470,0.49415130615234376,,9.08067212105217e-06,604.3389515979998
1.7767220902612828,7480,0.5116094589233399,,9.063077329110584e-06,605.1351107809987
1.7790973871733966,7490,0.5491894721984864,,9.045482537168999e-06,605.9510392829998
1.7814726840855108,7500,0.4954026222229004,,9.027887745227413e-06,606.7278027849989
1.7838479809976246,7510,0.49854516983032227,,9.010292953285828e-06,607.5682729890013
1.7862232779097387,7520,0.5555895805358887,,8.992698161344243e-06,608.3862379830007
1.7885985748218527,7530,0.4598685741424561,,8.975103369402657e-06,609.1273711859994
1.7909738717339667,7540,0.5432948112487793,,8.957508577461073e-06,609.8768416430012
1.7933491686460807,7550,0.5347736358642579,,8.939913785519488e-06,610.7038633329994
1.7957244655581948,7560,0.467792272567749,,8.922318993577902e-06,611.4287372670024
1.7980997624703088,7570,0.49492683410644533,,8.904724201636317e-06,612.2807871579989
1.8004750593824228,7580,0.5154495716094971,,8.887129409694732e-06,613.0809200130007
1.8028503562945368,7590,0.5082352638244629,,8.869534617753146e-06,613.8932822639999
1.8052256532066508,7600,0.5476724624633789,,8.85193982581156e-06,614.7352565950005
1.8076009501187649,7610,0.5037906646728516,,8.834345033869975e-06,615.6013627939992
1.809976247030879,7620,0.5511579990386963,,8.81675024192839e-06,616.4136865189994
1.812351543942993,7630,0.5328512191772461,,8.799155449986804e-06,617.1801349340003
1.814726840855107,7640,0.5479687213897705,,8.781560658045219e-06,617.9422819970005
1.817102137767221,7650,0.47499585151672363,,8.763965866103634e-06,618.8379523169988
1.8194774346793348,7660,0.515151071548462,,8.746371074162048e-06,619.6500507639994
1.821852731591449,7670,0.47998638153076173,,8.728776282220464e-06,620.4450056459991
1.8242280285035628,7680,0.5523515701293945,,8.711181490278879e-06,621.2048779439992
1.826603325415677,7690,0.5278854846954346,,8.693586698337293e-06,622.0387268020004
1.8289786223277908,7700,0.4823132514953613,,8.675991906395708e-06,622.9114499959996
1.831353919239905,7710,0.5300587177276611,,8.658397114454123e-06,623.7996006250014
1.833729216152019,7720,0.5065807342529297,,8.640802322512537e-06,624.5801282760021
1.8361045130641331,7730,0.5436136245727539,,8.623207530570952e-06,625.414345367999
1.838479809976247,7740,0.520780086517334,,8.605612738629366e-06,626.3581865950018
1.8408551068883612,7750,0.47954411506652833,,8.588017946687781e-06,627.1994544940007
1.843230403800475,7760,0.4545356273651123,,8.570423154746195e-06,627.9603465759992
1.8456057007125892,7770,0.48632097244262695,,8.55282836280461e-06,628.7738117159988
1.847980997624703,7780,0.4601386547088623,,8.535233570863025e-06,629.5883106609999
1.850356294536817,7790,0.4914734363555908,,8.517638778921439e-06,630.4724816530015
1.852731591448931,7800,0.5005105495452881,,8.500043986979855e-06,631.326202066999
1.855106888361045,7810,0.5496185779571533,,8.48244919503827e-06,632.1854532359994
1.8574821852731591,7820,0.514338207244873,,8.464854403096684e-06,633.1002067989994
1.8598574821852731,7830,0.5241737842559815,,8.447259611155099e-06,633.8709729429993
1.8622327790973872,7840,0.5134743690490723,,8.429664819213514e-06,634.7455340489996
1.8646080760095012,7850,0.5255463123321533,,8.412070027271928e-06,635.4982850329998
1.8669833729216152,7860,0.5029738426208497,,8.394475235330343e-06,636.2761855090012
1.8693586698337292,7870,0.46983795166015624,,8.376880443388757e-06,637.0149774170004
1.8717339667458432,7880,0.4782557487487793,,8.359285651447172e-06,637.8424685449991
1.8741092636579573,7890,0.46068410873413085,,8.341690859505586e-06,638.6655917830012
1.8764845605700713,7900,0.4633212089538574,,8.324096067564001e-06,639.4674329749996
1.8788598574821853,7910,0.5340024948120117,,8.306501275622416e-06,640.284027361
1.8812351543942993,7920,0.4853015422821045,,8.28890648368083e-06,641.1296598060017
1.8836104513064131,7930,0.49936952590942385,,8.271311691739245e-06,641.8846377360005
1.8859857482185274,7940,0.4461968898773193,,8.253716899797661e-06,642.6969787200014
1.8883610451306412,7950,0.5104986190795898,,8.236122107856076e-06,643.3944142640012
1.8907363420427554,7960,0.5061439990997314,,8.21852731591449e-06,644.2791515170011
1.8931116389548692,7970,0.4739293098449707,,8.200932523972905e-06,645.1315088339998
1.8954869358669835,7980,0.5150350093841553,,8.18333773203132e-06,645.9452413859999
1.8978622327790973,7990,0.5128829479217529,,8.165742940089734e-06,646.7499302199994
1.9002375296912115,8000,0.5020331859588623,,8.148148148148148e-06,647.5588878569997
1.9026128266033253,8010,0.5017539024353027,,8.130553356206563e-06,648.3362189119998
1.9049881235154396,8020,0.5097822666168212,,8.112958564264977e-06,649.143572070001
1.9073634204275534,8030,0.5035186767578125,,8.095363772323392e-06,649.9055035869987
1.9097387173396676,8040,0.5241469860076904,,8.077768980381807e-06,650.6819193020001
1.9121140142517814,8050,0.48888182640075684,,8.060174188440221e-06,651.4777462210022
1.9144893111638956,8060,0.5524344444274902,,8.042579396498637e-06,652.2778913810016
1.9168646080760094,8070,0.4724820613861084,,8.024984604557052e-06,653.2303563699988
1.9192399049881235,8080,0.556490707397461,,8.007389812615467e-06,654.0823529370009
1.9216152019002375,8090,0.46949048042297364,,7.989795020673881e-06,654.9319561220018
1.9239904988123515,8100,0.5094687938690186,,7.972200228732296e-06,655.7576751530014
1.9263657957244655,8110,0.46875696182250975,,7.954605436790712e-06,656.558239254
1.9287410926365796,8120,0.5243885517120361,,7.937010644849126e-06,657.337846288001
1.9311163895486936,8130,0.5115820407867432,,7.919415852907541e-06,658.2209744240008
1.9334916864608076,8140,0.5071844577789306,,7.901821060965956e-06,659.1313616079988
1.9358669833729216,8150,0.4861603736877441,,7.88422626902437e-06,659.9140910520018
1.9382422802850356,8160,0.4944750785827637,,7.866631477082785e-06,660.7275993259991
1.9406175771971497,8170,0.4794325351715088,,7.8490366851412e-06,661.5849037640019
1.9429928741092637,8180,0.5070406913757324,,7.831441893199614e-06,662.4088817540014
1.9453681710213777,8190,0.4734233856201172,,7.813847101258028e-06,663.1961911710005
1.9477434679334917,8200,0.4960918426513672,,7.796252309316443e-06,663.9790565720014
1.9501187648456058,8210,0.4714615821838379,,7.778657517374858e-06,664.7583799629992
1.9524940617577196,8220,0.515722131729126,,7.761062725433272e-06,665.5657470919996
1.9548693586698338,8230,0.5074432849884033,,7.743467933491687e-06,666.3350078499989
1.9572446555819476,8240,0.5247806072235107,,7.725873141550101e-06,667.1785246669988
1.9596199524940618,8250,0.4704290390014648,,7.708278349608517e-06,668.0089797820019
1.9619952494061756,8260,0.5203469753265381,,7.690683557666932e-06,668.8713009500007
1.96437054631829,8270,0.4875213623046875,,7.673088765725347e-06,669.6656487769997
1.9667458432304037,8280,0.4743163585662842,,7.655493973783761e-06,670.507590113999
1.969121140142518,8290,0.5243348121643067,,7.637899181842176e-06,671.3188699219991
1.9714964370546317,8300,0.5088958740234375,,7.62030438990059e-06,672.165408384999
1.973871733966746,8310,0.530643367767334,,7.602709597959005e-06,672.8893488869999
1.9762470308788598,8320,0.46248612403869627,,7.585114806017419e-06,673.737092546
1.978622327790974,8330,0.5133280277252197,,7.567520014075834e-06,674.5488821929994
1.9809976247030878,8340,0.46207380294799805,,7.549925222134249e-06,675.3071585939997
1.9833729216152018,8350,0.5002123355865479,,7.532330430192664e-06,676.1090926429988
1.9857482185273159,8360,0.52897047996521,,7.5147356382510785e-06,676.9435668999995
1.98812351543943,8370,0.5038194179534912,,7.497140846309493e-06,677.7018728769999
1.990498812351544,8380,0.49129376411437986,,7.479546054367908e-06,678.5968815489996
1.992874109263658,8390,0.4857778549194336,,7.461951262426322e-06,679.4096681940009
1.995249406175772,8400,0.4836461544036865,,7.444356470484737e-06,680.1298853909993
1.997624703087886,8410,0.5078104972839356,,7.426761678543152e-06,680.9550976359988
2.0,8420,0.45618429183959963,,7.409166886601567e-06,681.6474956350012
2.0,8420,,0.46128368377685547,,684.066490616
2.002375296912114,8430,0.5084363460540772,,7.391572094659981e-06,685.4525168410019
2.004750593824228,8440,0.5039053440093995,,7.373977302718396e-06,686.3013306660014
2.007125890736342,8450,0.5319099426269531,,7.35638251077681e-06,687.0503523700008
2.009501187648456,8460,0.4957433223724365,,7.338787718835225e-06,687.7927205899996
2.01187648456057,8470,0.46185927391052245,,7.3211929268936395e-06,688.5827170390021
2.014251781472684,8480,0.5003080844879151,,7.303598134952055e-06,689.3952198720017
2.016627078384798,8490,0.42797036170959474,,7.2860033430104695e-06,690.2161571060005
2.019002375296912,8500,0.5353214263916015,,7.268408551068884e-06,691.042618335001
2.021377672209026,8510,0.5075159549713135,,7.250813759127299e-06,691.9361648040012
2.02375296912114,8520,0.4736985683441162,,7.233218967185713e-06,692.7260003840001
2.026128266033254,8530,0.5024382591247558,,7.215624175244128e-06,693.4811073959991
2.0285035629453683,8540,0.5019706726074219,,7.198029383302543e-06,694.2505727980006
2.030878859857482,8550,0.4364471435546875,,7.180434591360958e-06,695.0287722619996
2.0332541567695963,8560,0.5103216648101807,,7.162839799419372e-06,695.880105962
2.03562945368171,8570,0.4557048320770264,,7.145245007477787e-06,696.6915405640011
2.0380047505938244,8580,0.48282608985900877,,7.127650215536201e-06,697.3742577360008
2.040380047505938,8590,0.46222753524780275,,7.110055423594616e-06,698.1445481060018
2.0427553444180524,8600,0.4689809799194336,,7.0924606316530305e-06,698.9419995670014
2.045130641330166,8610,0.47667722702026366,,7.074865839711446e-06,699.6785154030022
2.0475059382422804,8620,0.4855597972869873,,7.0572710477698605e-06,700.464561605002
2.0498812351543942,8630,0.45935773849487305,,7.039676255828275e-06,701.2297689940006
2.0522565320665085,8640,0.5421607971191407,,7.02208146388669e-06,702.0288860439996
2.0546318289786223,8650,0.45777177810668945,,7.004486671945104e-06,702.8927940129997
2.0570071258907365,8660,0.5092880725860596,,6.986891880003519e-06,703.6587292330023
2.0593824228028503,8670,0.4766019344329834,,6.969297088061934e-06,704.4447721710003
2.0617577197149646,8680,0.5013128757476807,,6.951702296120349e-06,705.2017167850008
2.0641330166270784,8690,0.520747184753418,,6.934107504178763e-06,706.0509235920017
2.0665083135391926,8700,0.48529372215270994,,6.916512712237179e-06,706.9121882910022
2.0688836104513064,8710,0.5511985778808594,,6.898917920295593e-06,707.6708237030016
2.07125890736342,8720,0.4519969463348389,,6.881323128354009e-06,708.4333566850019
2.0736342042755345,8730,0.45416970252990724,,6.863728336412423e-06,709.154623425
2.0760095011876483,8740,0.5210131645202637,,6.846133544470838e-06,710.0705218269995
2.0783847980997625,8750,0.48615665435791017,,6.828538752529252e-06,710.8741494840015
2.0807600950118763,8760,0.5378840923309326,,6.810943960587667e-06,711.7554041720014
2.0831353919239906,8770,0.5208026885986328,,6.7933491686460815e-06,712.6441810380002
2.0855106888361044,8780,0.43305583000183107,,6.775754376704496e-06,713.4647859199995
2.0878859857482186,8790,0.4919943332672119,,6.7581595847629114e-06,714.2266056630015
2.0902612826603324,8800,0.4504283905029297,,6.740564792821326e-06,715.0099244940011
2.0926365795724466,8810,0.4497702598571777,,6.7229700008797406e-06,715.858863702002
2.0950118764845604,8820,0.4944456100463867,,6.705375208938155e-06,716.724380048001
2.0973871733966747,8830,0.478352689743042,,6.68778041699657e-06,717.4704121570012
2.0997624703087885,8840,0.4694660663604736,,6.670185625054984e-06,718.3131124029987
2.1021377672209027,8850,0.5012517929077148,,6.6525908331134e-06,719.2210739870006
2.1045130641330165,8860,0.4793094635009766,,6.634996041171814e-06,719.9864424930001
2.1068883610451308,8870,0.5181683540344239,,6.617401249230229e-06,720.7853537880019
2.1092636579572446,8880,0.513323450088501,,6.599806457288643e-06,721.676356058002
2.111638954869359,8890,0.46850218772888186,,6.582211665347058e-06,722.5522222599993
2.1140142517814726,8900,0.474863338470459,,6.5646168734054725e-06,723.3643534240018
2.116389548693587,8910,0.5101280212402344,,6.547022081463887e-06,724.1603898199992
2.1187648456057007,8920,0.5057938575744629,,6.5294272895223024e-06,724.9522862979993
2.121140142517815,8930,0.4706897735595703,,6.511832497580717e-06,725.7363756460018
2.1235154394299287,8940,0.4995108127593994,,6.4942377056391316e-06,726.4795327049997
2.125890736342043,8950,0.4950992584228516,,6.476642913697546e-06,727.2458248370003
2.1282660332541568,8960,0.4605705261230469,,6.459048121755961e-06,728.0158625330023
2.130641330166271,8970,0.4888014316558838,,6.441453329814375e-06,728.7615836980021
2.133016627078385,8980,0.4740641117095947,,6.423858537872791e-06,729.5108876870017
2.1353919239904986,8990,0.5032653331756591,,6.406263745931205e-06,730.369508613001
2.137767220902613,9000,0.4162855625152588,,6.38866895398962e-06,731.1023220369989
2.1401425178147266,9010,0.47897887229919434,,6.371074162048034e-06,731.9060456880015
2.142517814726841,9020,0.501555061340332,,6.353479370106449e-06,732.7506818380007
2.1448931116389547,9030,0.5314195156097412,,6.3358845781648635e-06,733.536562973999
2.147268408551069,9040,0.46326389312744143,,6.318289786223278e-06,734.3005131500013
2.1496437054631827,9050,0.5215186595916748,,6.3006949942816934e-06,735.1362019390017
2.152019002375297,9060,0.4631518363952637,,6.283100202340108e-06,735.891063604
2.1543942992874108,9070,0.5061872482299805,,6.2655054103985226e-06,736.6412037400023
2.156769596199525,9080,0.46604156494140625,,6.247910618456937e-06,737.4825980209989
2.159144893111639,9090,0.48097076416015627,,6.230315826515352e-06,738.336779760999
2.161520190023753,9100,0.4691450595855713,,6.212721034573766e-06,739.1699107799996
2.163895486935867,9110,0.5040575981140136,,6.195126242632181e-06,740.0560710150003
2.166270783847981,9120,0.4760953426361084,,6.177531450690596e-06,740.8583876809989
2.168646080760095,9130,0.4557150363922119,,6.159936658749011e-06,741.5765454060002
2.171021377672209,9140,0.4367053031921387,,6.142341866807425e-06,742.4468230799994
2.173396674584323,9150,0.5063847541809082,,6.12474707486584e-06,743.2558473379995
2.175771971496437,9160,0.449739933013916,,6.1071522829242545e-06,744.0251160950011
2.178147268408551,9170,0.5079410552978516,,6.089557490982669e-06,744.8771862350022
2.1805225653206652,9180,0.5041517734527587,,6.0719626990410844e-06,745.713588208002
2.182897862232779,9190,0.3986379861831665,,6.054367907099499e-06,746.5616950740023
2.1852731591448933,9200,0.46674184799194335,,6.0367731151579136e-06,747.3617792370005
2.187648456057007,9210,0.46639022827148435,,6.019178323216328e-06,748.1202018189997
2.1900237529691213,9220,0.45076618194580076,,6.001583531274743e-06,748.8955447659991
2.192399049881235,9230,0.47475523948669435,,5.983988739333157e-06,749.693220293002
2.1947743467933494,9240,0.5262432098388672,,5.966393947391572e-06,750.5890260670003
2.197149643705463,9250,0.47008686065673827,,5.948799155449987e-06,751.4129227930007
2.199524940617577,9260,0.4973634719848633,,5.931204363508402e-06,752.2481931470011
2.201900237529691,9270,0.45659518241882324,,5.913609571566816e-06,753.0375225350017
2.204275534441805,9280,0.44260349273681643,,5.896014779625231e-06,753.7243528900017
2.2066508313539193,9290,0.5159897327423095,,5.8784199876836455e-06,754.5645495910012
2.209026128266033,9300,0.46601524353027346,,5.86082519574206e-06,755.4363784220022
2.2114014251781473,9310,0.449247932434082,,5.843230403800475e-06,756.2990949120012
2.213776722090261,9320,0.4568042278289795,,5.82563561185889e-06,757.1548896590011
2.2161520190023754,9330,0.512799072265625,,5.808040819917305e-06,758.023889252001
2.218527315914489,9340,0.5063243389129639,,5.79044602797572e-06,758.8442254509991
2.2209026128266034,9350,0.4855019569396973,,5.7728512360341345e-06,759.7037609880008
2.223277909738717,9360,0.4423269271850586,,5.75525644409255e-06,760.5923358339987
2.2256532066508314,9370,0.5012765407562256,,5.7376616521509645e-06,761.3362469580006
2.2280285035629452,9380,0.48598108291625974,,5.720066860209379e-06,762.106501952001
2.2304038004750595,9390,0.4591209411621094,,5.702472068267794e-06,762.8875224490021
2.2327790973871733,9400,0.4326748847961426,,5.684877276326208e-06,763.7483094139989
2.2351543942992875,9410,0.4885416507720947,,5.667282484384623e-06,764.5752016669994
2.2375296912114013,9420,0.46705188751220705,,5.649687692443037e-06,765.4701492980003
2.2399049881235156,9430,0.4893328666687012,,5.632092900501453e-06,766.2807130359997
2.2422802850356294,9440,0.494699764251709,,5.614498108559867e-06,767.0837104059992
2.2446555819477436,9450,0.47318172454833984,,5.596903316618282e-06,767.8533310850016
2.2470308788598574,9460,0.4467899322509766,,5.579308524676696e-06,768.7564759530014
2.2494061757719717,9470,0.47594242095947265,,5.561713732735111e-06,769.6204159089993
2.2517814726840855,9480,0.4697225093841553,,5.5441189407935255e-06,770.4211046130022
2.2541567695961997,9490,0.45621724128723146,,5.526524148851941e-06,771.2424287160011
2.2565320665083135,9500,0.44266629219055176,,5.5089293569103555e-06,772.0704582340022
2.2589073634204277,9510,0.5249361038208008,,5.49133456496877e-06,772.8935169570013
2.2612826603325415,9520,0.516602611541748,,5.473739773027185e-06,773.7632581710004
2.2636579572446553,9530,0.46443614959716795,,5.456144981085599e-06,774.6051753340016
2.2660332541567696,9540,0.4679464340209961,,5.438550189144014e-06,775.4017859790019
2.268408551068884,9550,0.4481033802032471,,5.420955397202428e-06,776.1578947830003
2.2707838479809976,9560,0.4877433776855469,,5.403360605260844e-06,776.9188205390001
2.2731591448931114,9570,0.453734016418457,,5.385765813319258e-06,777.7548354629998
2.2755344418052257,9580,0.4727567195892334,,5.368171021377673e-06,778.5318091550016
2.2779097387173395,9590,0.4544078350067139,,5.350576229436087e-06,779.2747564120018
2.2802850356294537,9600,0.4482444763183594,,5.332981437494502e-06,780.0683282000009
2.2826603325415675,9610,0.45830426216125486,,5.3153866455529165e-06,780.8381158499997
2.2850356294536818,9620,0.4399289608001709,,5.297791853611331e-06,781.5888025229997
2.2874109263657956,9630,0.4125333786010742,,5.2801970616697465e-06,782.4436214130019
2.28978622327791,9640,0.49387707710266116,,5.262602269728161e-06,783.2778802960001
2.2921615201900236,9650,0.4838893413543701,,5.245007477786576e-06,784.0390136020014
2.294536817102138,9660,0.42100820541381834,,5.22741268584499e-06,784.8668046980001
2.2969121140142517,9670,0.4580990314483643,,5.209817893903405e-06,785.6571710270018
2.299287410926366,9680,0.4816726207733154,,5.192223101961819e-06,786.3361821470007
2.3016627078384797,9690,0.4859048366546631,,5.174628310020235e-06,787.107641315999
2.304038004750594,9700,0.5152106761932373,,5.157033518078649e-06,788.0363860529997
2.3064133016627077,9710,0.4433798313140869,,5.139438726137064e-06,788.7852960389991
2.308788598574822,9720,0.47130956649780276,,5.121843934195478e-06,789.5387670660002
2.311163895486936,9730,0.47870354652404784,,5.104249142253893e-06,790.3300957160009
2.31353919239905,9740,0.5338147163391114,,5.0866543503123075e-06,791.0715648650021
2.315914489311164,9750,0.4660685062408447,,5.069059558370722e-06,791.8725685410009
2.318289786223278,9760,0.45245704650878904,,5.0514647664291375e-06,792.7187757299998
2.320665083135392,9770,0.4814770221710205,,5.033869974487552e-06,793.5755452050016
2.323040380047506,9780,0.508456802368164,,5.016275182545967e-06,794.4707022480015
2.32541567695962,9790,0.4603715419769287,,4.998680390604381e-06,795.3088626619992
2.3277909738717337,9800,0.4751439094543457,,4.981085598662796e-06,796.1148689950005
2.330166270783848,9810,0.526460838317871,,4.963490806721211e-06,796.8701670600003
2.332541567695962,9820,0.4890120029449463,,4.945896014779626e-06,797.7825962410006
2.334916864608076,9830,0.44651169776916505,,4.92830122283804e-06,798.6182327039987
2.33729216152019,9840,0.4901097297668457,,4.910706430896455e-06,799.4465034379991
2.339667458432304,9850,0.49171104431152346,,4.89311163895487e-06,800.180304599
2.342042755344418,9860,0.4495291233062744,,4.875516847013285e-06,801.0478169370017
2.344418052256532,9870,0.5366688251495362,,4.857922055071699e-06,801.8293130530019
2.346793349168646,9880,0.4414824485778809,,4.840327263130114e-06,802.6639313930009
2.34916864608076,9890,0.45880904197692873,,4.8227324711885285e-06,803.5152626170002
2.351543942992874,9900,0.47067928314208984,,4.805137679246943e-06,804.2996696360005
2.353919239904988,9910,0.4314706802368164,,4.7875428873053585e-06,805.0838529600023
2.356294536817102,9920,0.5458468914031982,,4.769948095363773e-06,805.9544921469987
2.3586698337292162,9930,0.4931018829345703,,4.752353303422188e-06,806.8000906260004
2.36104513064133,9940,0.40224390029907225,,4.734758511480602e-06,807.5812129770002
2.3634204275534443,9950,0.4370423793792725,,4.717163719539017e-06,808.3356778030011
2.365795724465558,9960,0.44104657173156736,,4.699568927597431e-06,809.1370974100009
2.3681710213776723,9970,0.47858667373657227,,4.681974135655846e-06,809.959140287001
2.370546318289786,9980,0.44875783920288087,,4.664379343714261e-06,810.726822450999
2.3729216152019004,9990,0.46871342658996584,,4.646784551772676e-06,811.5897053989993
2.375296912114014,10000,0.4840731143951416,,4.62918975983109e-06,812.3264669789987
2.3776722090261284,10010,0.4516355037689209,,4.611594967889505e-06,813.2407727379996
2.380047505938242,10020,0.4946907997131348,,4.5940001759479195e-06,814.016678815
2.3824228028503565,10030,0.4647786617279053,,4.576405384006334e-06,814.773320577
2.3847980997624703,10040,0.5414964199066162,,4.5588105920647495e-06,815.506757647001
2.3871733966745845,10050,0.5116947174072266,,4.541215800123164e-06,816.322266387002
2.3895486935866983,10060,0.46529855728149416,,4.523621008181579e-06,817.191782603999
2.391923990498812,10070,0.5117136478424072,,4.506026216239993e-06,817.9248253429996
2.3942992874109263,10080,0.4484549045562744,,4.488431424298408e-06,818.7502633169988
2.3966745843230406,10090,0.42932753562927245,,4.470836632356822e-06,819.438650424001
2.3990498812351544,10100,0.4617166519165039,,4.453241840415237e-06,820.2527261330015
2.401425178147268,10110,0.49845428466796876,,4.435647048473652e-06,820.9986508530001
2.4038004750593824,10120,0.49208745956420896,,4.418052256532067e-06,821.8147548180004
2.4061757719714967,10130,0.4432249069213867,,4.400457464590482e-06,822.6668585819989
2.4085510688836105,10140,0.42068328857421877,,4.382862672648897e-06,823.5560011489997
2.4109263657957243,10150,0.4931060314178467,,4.365267880707311e-06,824.363998564002
2.4133016627078385,10160,0.49985837936401367,,4.347673088765726e-06,825.2433363319997
2.4156769596199523,10170,0.46793012619018554,,4.3300782968241405e-06,826.0258567500005
2.4180522565320666,10180,0.49553475379943845,,4.312483504882555e-06,826.7885625530016
2.4204275534441804,10190,0.433900260925293,,4.29488871294097e-06,827.727665452001
2.4228028503562946,10200,0.502322769165039,,4.277293920999385e-06,828.551538648002
2.4251781472684084,10210,0.4589982986450195,,4.2596991290578e-06,829.401638354002
2.4275534441805227,10220,0.4719646453857422,,4.242104337116214e-06,830.2363327860021
2.4299287410926365,10230,0.43511261940002444,,4.224509545174629e-06,831.0640883540018
2.4323040380047507,10240,0.48293156623840333,,4.206914753233043e-06,831.9240307820019
2.4346793349168645,10250,0.46543178558349607,,4.189319961291458e-06,832.7951350009989
2.4370546318289787,10260,0.4275552272796631,,4.171725169349872e-06,833.6168004660012
2.4394299287410925,10270,0.4744070529937744,,4.154130377408288e-06,834.3871205740015
2.441805225653207,10280,0.4648894309997559,,4.136535585466702e-06,835.1356993720019
2.4441805225653206,10290,0.4797685146331787,,4.118940793525117e-06,836.1086807390002
2.446555819477435,10300,0.49791746139526366,,4.1013460015835315e-06,837.0394220120015
2.4489311163895486,10310,0.5034491539001464,,4.083751209641946e-06,837.9161477510006
2.451306413301663,10320,0.4796148777008057,,4.066156417700361e-06,838.7978686670012
2.4536817102137767,10330,0.4662464141845703,,4.048561625758776e-06,839.633066553999
2.456057007125891,10340,0.45710048675537107,,4.030966833817191e-06,840.4024202870005
2.4584323040380047,10350,0.4789360523223877,,4.013372041875605e-06,841.208320574
2.460807600950119,10360,0.4202574253082275,,3.99577724993402e-06,841.9671255960002
2.4631828978622328,10370,0.4983375549316406,,3.978182457992434e-06,842.7221673680015
2.4655581947743466,10380,0.46893134117126467,,3.960587666050849e-06,843.5589371280021
2.467933491686461,10390,0.4697148323059082,,3.942992874109263e-06,844.3879129100005
2.470308788598575,10400,0.46821141242980957,,3.925398082167679e-06,845.1210689140007
2.472684085510689,10410,0.478641414642334,,3.907803290226093e-06,845.8614883319988
2.4750593824228027,10420,0.4757839202880859,,3.890208498284508e-06,846.7095923360012
2.477434679334917,10430,0.4584648609161377,,3.8726137063429225e-06,847.4893732100008
2.4798099762470307,10440,0.4924491882324219,,3.855018914401337e-06,848.209001737001
2.482185273159145,10450,0.45967278480529783,,3.8374241224597525e-06,849.0309572759998
2.4845605700712587,10460,0.4563023567199707,,3.819829330518167e-06,849.8964696870007
2.486935866983373,10470,0.4850770950317383,,3.802234538576582e-06,850.7966231629998
2.489311163895487,10480,0.44529056549072266,,3.7846397466349966e-06,851.5749929850008
2.491686460807601,10490,0.49098935127258303,,3.767044954693411e-06,852.4765489770016
2.494061757719715,10500,0.4708225250244141,,3.749450162751826e-06,853.3568515650022
2.496437054631829,10510,0.4796772480010986,,3.7318553708102407e-06,854.1761590639999
2.498812351543943,10520,0.4504298210144043,,3.7142605788686553e-06,854.9927497280023
2.501187648456057,10530,0.513841199874878,,3.69666578692707e-06,855.7222882789993
2.503562945368171,10540,0.4633034706115723,,3.679070994985485e-06,856.6047288099999
2.505938242280285,10550,0.4819319248199463,,3.6614762030438994e-06,857.3032891189996
2.508313539192399,10560,0.45100936889648435,,3.643881411102314e-06,858.1287301140019
2.510688836104513,10570,0.4745479583740234,,3.626286619160729e-06,858.944101608
2.513064133016627,10580,0.48142619132995607,,3.6086918272191435e-06,859.769331706002
2.5154394299287413,10590,0.45357861518859866,,3.591097035277558e-06,860.3689421489998
2.517814726840855,10600,0.4985176086425781,,3.573502243335973e-06,861.1747285059992
2.520190023752969,10610,0.3972767353057861,,3.5559074513943876e-06,861.9702422850005
2.522565320665083,10620,0.47326021194458007,,3.538312659452802e-06,862.7495928100016
2.5249406175771973,10630,0.459393835067749,,3.5207178675112167e-06,863.4970654820008
2.527315914489311,10640,0.4639761447906494,,3.5031230755696317e-06,864.3246134550009
2.529691211401425,10650,0.4589252948760986,,3.4855282836280463e-06,865.115100033001
2.532066508313539,10660,0.45288586616516113,,3.467933491686461e-06,865.9281810560005
2.5344418052256534,10670,0.42725539207458496,,3.450338699744876e-06,866.7819626319997
2.5368171021377672,10680,0.4616404056549072,,3.4327439078032904e-06,867.5087596220019
2.539192399049881,10690,0.48604955673217776,,3.415149115861705e-06,868.2816922229995
2.5415676959619953,10700,0.48117938041687014,,3.39755432392012e-06,869.1560571169994
2.5439429928741095,10710,0.44165740013122556,,3.3799595319785345e-06,870.0078123200019
2.5463182897862233,10720,0.401013708114624,,3.362364740036949e-06,870.9463486959994
2.548693586698337,10730,0.48140382766723633,,3.344769948095364e-06,871.7377679799993
2.5510688836104514,10740,0.5251789093017578,,3.3271751561537786e-06,872.5596829389997
2.553444180522565,10750,0.44466571807861327,,3.309580364212193e-06,873.3406473740015
2.5558194774346794,10760,0.4864931583404541,,3.2919855722706086e-06,874.1691147610018
2.558194774346793,10770,0.44548940658569336,,3.274390780329023e-06,874.9889722720018
2.5605700712589075,10780,0.4915400505065918,,3.2567959883874377e-06,875.7891911710012
2.5629453681710213,10790,0.4617739677429199,,3.2392011964458527e-06,876.540909846999
2.5653206650831355,10800,0.4874262809753418,,3.2216064045042672e-06,877.3972170809993
2.5676959619952493,10810,0.4653780460357666,,3.204011612562682e-06,878.154083145002
2.5700712589073635,10820,0.4665975570678711,,3.1864168206210968e-06,878.9390847490013
2.5724465558194773,10830,0.4697556495666504,,3.1688220286795113e-06,879.7322460300002
2.5748218527315916,10840,0.45465660095214844,,3.151227236737926e-06,880.419740031999
2.5771971496437054,10850,0.47994117736816405,,3.1336324447963405e-06,881.2319563120018
2.5795724465558196,10860,0.4840847015380859,,3.1160376528547555e-06,881.9870783140013
2.5819477434679334,10870,0.4511843204498291,,3.09844286091317e-06,882.7519665179989
2.5843230403800472,10880,0.4661600589752197,,3.0808480689715846e-06,883.619378354002
2.5866983372921615,10890,0.4582235813140869,,3.0632532770299996e-06,884.4816660010019
2.5890736342042757,10900,0.46798338890075686,,3.045658485088414e-06,885.2442374780021
2.5914489311163895,10910,0.4382319927215576,,3.0280636931468287e-06,885.9874610940005
2.5938242280285033,10920,0.42966551780700685,,3.0104689012052437e-06,886.7860294869988
2.5961995249406176,10930,0.44908447265625,,2.9928741092636582e-06,887.5920968560004
2.598574821852732,10940,0.5081589698791504,,2.975279317322073e-06,888.3511059649991
2.6009501187648456,10950,0.48514404296875,,2.9576845253804874e-06,889.208442944002
2.6033254156769594,10960,0.4309236526489258,,2.9400897334389023e-06,889.9893268590004
2.6057007125890737,10970,0.4638665199279785,,2.922494941497317e-06,890.7448365299988
2.608076009501188,10980,0.4588623046875,,2.9049001495557315e-06,891.5480640990008
2.6104513064133017,10990,0.38595902919769287,,2.8873053576141465e-06,892.3802556179999
2.6128266033254155,11000,0.4348557472229004,,2.869710565672561e-06,893.1698916049991
2.6152019002375297,11010,0.41838502883911133,,2.8521157737309756e-06,893.8981562780009
2.6175771971496435,11020,0.5059422492980957,,2.8345209817893906e-06,894.7416904580004
2.619952494061758,11030,0.4657538890838623,,2.816926189847805e-06,895.5200482910022
2.6223277909738716,11040,0.48815116882324217,,2.7993313979062197e-06,896.3812563939991
2.624703087885986,11050,0.4683774471282959,,2.7817366059646343e-06,897.1263117920007
2.6270783847980996,11060,0.4893033981323242,,2.7641418140230492e-06,898.0293572409992
2.629453681710214,11070,0.4958340644836426,,2.746547022081464e-06,898.8578163149996
2.6318289786223277,11080,0.4679570198059082,,2.728952230139879e-06,899.6294247610003
2.634204275534442,11090,0.4425239086151123,,2.7113574381982938e-06,900.3851105660015
2.6365795724465557,11100,0.37007389068603513,,2.6937626462567083e-06,901.1898528130023
2.63895486935867,11110,0.37292239665985105,,2.6761678543151233e-06,901.9114325440005
2.6413301662707838,11120,0.44144482612609864,,2.658573062373538e-06,902.6629639000002
2.643705463182898,11130,0.46353726387023925,,2.6409782704319524e-06,903.5475958570005
2.646080760095012,11140,0.45495033264160156,,2.6233834784903674e-06,904.3758647920022
2.648456057007126,11150,0.44196290969848634,,2.605788686548782e-06,905.1801753700001
2.65083135391924,11160,0.4311069011688232,,2.5881938946071966e-06,905.944865923002
2.653206650831354,11170,0.4656552314758301,,2.570599102665611e-06,906.7714846910003
2.655581947743468,11180,0.47378110885620117,,2.553004310724026e-06,907.667759902999
2.6579572446555817,11190,0.46123404502868653,,2.5354095187824407e-06,908.4777697850022
2.660332541567696,11200,0.4891329765319824,,2.5178147268408552e-06,909.2339730000003
2.66270783847981,11210,0.4308000564575195,,2.5002199348992702e-06,910.040223754002
2.665083135391924,11220,0.47701249122619627,,2.4826251429576848e-06,910.8916122499995
2.667458432304038,11230,0.42038989067077637,,2.4650303510160993e-06,911.6457549700008
2.669833729216152,11240,0.47586679458618164,,2.4474355590745143e-06,912.4623980170018
2.6722090261282663,11250,0.4613352298736572,,2.429840767132929e-06,913.2719686910004
2.67458432304038,11260,0.440885591506958,,2.4122459751913434e-06,914.0355026950001
2.676959619952494,11270,0.4658015251159668,,2.394651183249758e-06,914.841282506999
2.679334916864608,11280,0.47742624282836915,,2.377056391308173e-06,915.7282532820009
2.6817102137767224,11290,0.4349966049194336,,2.3594615993665876e-06,916.6087782160012
2.684085510688836,11300,0.4726089954376221,,2.341866807425002e-06,917.411801788001
2.68646080760095,11310,0.4509565353393555,,2.324272015483417e-06,918.2621278360002
2.688836104513064,11320,0.3963392972946167,,2.306677223541832e-06,919.0017165100016
2.691211401425178,11330,0.4428407669067383,,2.2890824316002467e-06,919.7867994480021
2.6935866983372923,11340,0.4555366039276123,,2.2714876396586612e-06,920.5900336960021
2.695961995249406,11350,0.4408708572387695,,2.253892847717076e-06,921.342290073002
2.6983372921615203,11360,0.46196756362915037,,2.2362980557754908e-06,922.1504200639993
2.700712589073634,11370,0.4439419746398926,,2.2187032638339053e-06,923.0153997649995
2.7030878859857483,11380,0.5344057083129883,,2.20110847189232e-06,923.7672270099993
2.705463182897862,11390,0.43286447525024413,,2.183513679950735e-06,924.6137295419994
2.7078384798099764,11400,0.4109509944915771,,2.1659188880091494e-06,925.3753441800018
2.71021377672209,11410,0.4255497455596924,,2.148324096067564e-06,926.1721551620012
2.7125890736342044,11420,0.4539024353027344,,2.130729304125979e-06,926.8925128060018
2.7149643705463182,11430,0.4727518558502197,,2.1131345121843935e-06,927.6489781020009
2.7173396674584325,11440,0.4912288188934326,,2.095539720242808e-06,928.4715062160012
2.7197149643705463,11450,0.5129617691040039,,2.077944928301223e-06,929.338847412002
2.72209026128266,11460,0.45972166061401365,,2.0603501363596377e-06,930.1426871790009
2.7244655581947743,11470,0.4320106506347656,,2.0427553444180522e-06,930.9432135020015
2.7268408551068886,11480,0.42853598594665526,,2.025160552476467e-06,931.7354975340004
2.7292161520190024,11490,0.4230663299560547,,2.0075657605348818e-06,932.5219675960016
2.731591448931116,11500,0.5040903568267823,,1.9899709685932968e-06,933.3264968070016
2.7339667458432304,11510,0.4725348949432373,,1.9723761766517113e-06,934.0751669440015
2.7363420427553447,11520,0.5073503971099853,,1.954781384710126e-06,934.8728358489989
2.7387173396674585,11530,0.41783742904663085,,1.937186592768541e-06,935.6740654650002
2.7410926365795723,11540,0.4274263381958008,,1.9195918008269554e-06,936.447129811002
2.7434679334916865,11550,0.4610919952392578,,1.90199700888537e-06,937.1499891559997
2.7458432304038007,11560,0.5420159816741943,,1.8844022169437848e-06,937.9654593100004
2.7482185273159145,11570,0.44660139083862305,,1.8668074250021995e-06,938.7676225990017
2.7505938242280283,11580,0.5026947498321533,,1.849212633060614e-06,939.5143315369987
2.7529691211401426,11590,0.41735615730285647,,1.8316178411190289e-06,940.2328709580015
2.7553444180522564,11600,0.39922893047332764,,1.8140230491774436e-06,941.0326534809992
2.7577197149643706,11610,0.4492177963256836,,1.7964282572358582e-06,941.8609403380015
2.7600950118764844,11620,0.494869327545166,,1.778833465294273e-06,942.6425163190015
2.7624703087885987,11630,0.499410343170166,,1.7612386733526875e-06,943.4197811860013
2.7648456057007125,11640,0.4237076282501221,,1.7436438814111025e-06,944.2604455509991
2.7672209026128267,11650,0.488178014755249,,1.7260490894695173e-06,944.9852835399997
2.7695961995249405,11660,0.46306767463684084,,1.7084542975279319e-06,945.8956173780007
2.7719714964370548,11670,0.45339345932006836,,1.6908595055863466e-06,946.763690861002
2.7743467933491686,11680,0.44485321044921877,,1.6732647136447614e-06,947.5578892860012
2.776722090261283,11690,0.44718422889709475,,1.655669921703176e-06,948.3781151380008
2.7790973871733966,11700,0.4194997787475586,,1.6380751297615907e-06,949.2362241600003
2.781472684085511,11710,0.5086745262145996,,1.6204803378200053e-06,950.0420325060022
2.7838479809976246,11720,0.4593803882598877,,1.60288554587842e-06,950.845825508999
2.7862232779097384,11730,0.4613924503326416,,1.5852907539368349e-06,951.6997931960013
2.7885985748218527,11740,0.4734238624572754,,1.5676959619952494e-06,952.4654432280022
2.790973871733967,11750,0.4593940734863281,,1.5501011700536642e-06,953.1314074250022
2.7933491686460807,11760,0.48569612503051757,,1.5325063781120788e-06,953.9604072310012
2.7957244655581945,11770,0.5024593830108642,,1.5149115861704935e-06,954.7655449710019
2.798099762470309,11780,0.4770526885986328,,1.4973167942289083e-06,955.5582944510006
2.800475059382423,11790,0.47517995834350585,,1.4797220022873233e-06,956.3518707099993
2.802850356294537,11800,0.44192981719970703,,1.4621272103457379e-06,957.1838097279997
2.8052256532066506,11810,0.46003036499023436,,1.4445324184041526e-06,958.0021217420017
2.807600950118765,11820,0.43937296867370607,,1.4269376264625672e-06,958.7367204890015
2.809976247030879,11830,0.47725615501403806,,1.409342834520982e-06,959.5435161030018
2.812351543942993,11840,0.43970260620117185,,1.3917480425793967e-06,960.3185213439992
2.8147268408551067,11850,0.4879312992095947,,1.3741532506378113e-06,961.0939177960008
2.817102137767221,11860,0.45680084228515627,,1.356558458696226e-06,961.9275047270003
2.8194774346793348,11870,0.40679254531860354,,1.3389636667546406e-06,962.7296802959991
2.821852731591449,11880,0.4953780174255371,,1.3213688748130554e-06,963.5002381130016
2.824228028503563,11890,0.4412849426269531,,1.3037740828714702e-06,964.2261695620018
2.826603325415677,11900,0.45679702758789065,,1.2861792909298847e-06,965.0657762630017
2.828978622327791,11910,0.44751129150390623,,1.2685844989882995e-06,965.9059917329996
2.831353919239905,11920,0.43959860801696776,,1.250989707046714e-06,966.6851646720006
2.833729216152019,11930,0.4450076103210449,,1.233394915105129e-06,967.471481085
2.836104513064133,11940,0.5019232749938964,,1.2158001231635436e-06,968.3412981839992
2.838479809976247,11950,0.48805675506591795,,1.1982053312219584e-06,969.2272806400015
2.840855106888361,11960,0.4406426906585693,,1.1806105392803732e-06,969.9901378880004
2.843230403800475,11970,0.4430729866027832,,1.1630157473387877e-06,970.7350098709994
2.8456057007125892,11980,0.4670726299285889,,1.1454209553972025e-06,971.5698508209989
2.847980997624703,11990,0.4660162448883057,,1.1278261634556173e-06,972.3827380290004
2.850356294536817,12000,0.4061140537261963,,1.110231371514032e-06,973.1520042760003
2.852731591448931,12010,0.42008543014526367,,1.0926365795724466e-06,973.9700621130014
2.8551068883610453,12020,0.46695623397827146,,1.0750417876308614e-06,974.7769164530018
2.857482185273159,12030,0.4859745025634766,,1.057446995689276e-06,975.5579317310021
2.859857482185273,12040,0.4480020046234131,,1.0398522037476907e-06,976.3531120310017
2.862232779097387,12050,0.42397260665893555,,1.0222574118061055e-06,977.2029322340004
2.8646080760095014,12060,0.44857058525085447,,1.00466261986452e-06,978.0029614950017
2.866983372921615,12070,0.4304832935333252,,9.87067827922935e-07,978.8200440780001
2.869358669833729,12080,0.450212287902832,,9.694730359813496e-07,979.5795508009996
2.8717339667458432,12090,0.4668226718902588,,9.518782440397643e-07,980.4608038620008
2.8741092636579575,12100,0.45833573341369627,,9.342834520981791e-07,981.2548202410017
2.8764845605700713,12110,0.46494331359863283,,9.166886601565937e-07,982.0050770030011
2.878859857482185,12120,0.435922908782959,,8.990938682150084e-07,982.8183223649994
2.8812351543942993,12130,0.4195450782775879,,8.814990762734231e-07,983.6670275980014
2.883610451306413,12140,0.46823410987854003,,8.639042843318378e-07,984.482613721002
2.8859857482185274,12150,0.44762320518493653,,8.463094923902526e-07,985.2965474399989
2.888361045130641,12160,0.4748673439025879,,8.287147004486673e-07,986.1455774450023
2.8907363420427554,12170,0.4438159465789795,,8.11119908507082e-07,986.9787439270021
2.8931116389548692,12180,0.5248384475708008,,7.935251165654967e-07,987.801594884002
2.8954869358669835,12190,0.43222484588623045,,7.759303246239114e-07,988.6447079469999
2.8978622327790973,12200,0.4712056636810303,,7.583355326823261e-07,989.4684843289997
2.9002375296912115,12210,0.4301440238952637,,7.407407407407407e-07,990.242740898002
2.9026128266033253,12220,0.4901887893676758,,7.231459487991555e-07,991.0316646190022
2.9049881235154396,12230,0.47690443992614745,,7.055511568575703e-07,991.808702029999
2.9073634204275534,12240,0.45267696380615235,,6.879563649159849e-07,992.6399157590004
2.9097387173396676,12250,0.5118597984313965,,6.703615729743996e-07,993.4875615239998
2.9121140142517814,12260,0.42387943267822265,,6.527667810328144e-07,994.2379730680022
2.9144893111638956,12270,0.4174175262451172,,6.351719890912291e-07,994.9817805059993
2.9168646080760094,12280,0.4604748249053955,,6.175771971496437e-07,995.7666191510016
2.9192399049881237,12290,0.44982266426086426,,5.999824052080585e-07,996.5368870500006
2.9216152019002375,12300,0.44758100509643556,,5.823876132664732e-07,997.4508356599999
2.9239904988123513,12310,0.4762259960174561,,5.647928213248878e-07,998.2580003460007
2.9263657957244655,12320,0.4614372253417969,,5.471980293833026e-07,999.0625575979993
2.92874109263658,12330,0.4482922077178955,,5.296032374417173e-07,999.8268375569987
2.9311163895486936,12340,0.4755812168121338,,5.12008445500132e-07,1000.6122949130022
2.9334916864608074,12350,0.4776423454284668,,4.944136535585467e-07,1001.4296280340004
2.9358669833729216,12360,0.5069652557373047,,4.768188616169614e-07,1002.1858732189994
2.938242280285036,12370,0.47930312156677246,,4.5922406967537616e-07,1002.9891704860001
2.9406175771971497,12380,0.4269113063812256,,4.416292777337908e-07,1003.7826496530015
2.9429928741092635,12390,0.43172826766967776,,4.2403448579220555e-07,1004.6055288690022
2.9453681710213777,12400,0.4535977363586426,,4.064396938506202e-07,1005.3231693069993
2.947743467933492,12410,0.3871828317642212,,3.88844901909035e-07,1006.1192991890002
2.9501187648456058,12420,0.49360060691833496,,3.7125010996744966e-07,1006.9438274240001
2.9524940617577196,12430,0.4053469181060791,,3.536553180258644e-07,1007.7089521489997
2.954869358669834,12440,0.4201793670654297,,3.3606052608427905e-07,1008.5824970929989
2.9572446555819476,12450,0.4277663707733154,,3.184657341426938e-07,1009.4309795140016
2.959619952494062,12460,0.4722442626953125,,3.008709422011085e-07,1010.284406347002
2.9619952494061756,12470,0.4308495998382568,,2.832761502595232e-07,1011.020850228002
2.96437054631829,12480,0.4405630588531494,,2.6568135831793793e-07,1011.7708070870012
2.9667458432304037,12490,0.4208787441253662,,2.480865663763526e-07,1012.538658088999
2.969121140142518,12500,0.4579151153564453,,2.3049177443476735e-07,1013.3764077809992
2.9714964370546317,12510,0.4786382675170898,,2.1289698249318201e-07,1014.2199688370001
2.973871733966746,12520,0.42377805709838867,,1.9530219055159676e-07,1014.9796168670018
2.97624703087886,12530,0.47699618339538574,,1.7770739861001143e-07,1015.8047379110012
2.978622327790974,12540,0.43831477165222166,,1.6011260666842618e-07,1016.6388092149991
2.980997624703088,12550,0.4754922866821289,,1.4251781472684087e-07,1017.4308682089995
2.983372921615202,12560,0.43070278167724607,,1.249230227852556e-07,1018.2088510619997
2.985748218527316,12570,0.43275017738342286,,1.0732823084367029e-07,1019.0568553440007
2.9881235154394297,12580,0.4762900352478027,,8.9733438902085e-08,1019.8264750020007
2.990498812351544,12590,0.44726085662841797,,7.213864696049969e-08,1020.5454734819996
2.992874109263658,12600,0.4772472381591797,,5.45438550189144e-08,1021.248502081
2.995249406175772,12610,0.4258007526397705,,3.694906307732912e-08,1022.0501516339991
2.9976247030878858,12620,0.46966118812561036,,1.9354271135743822e-08,1022.850910465002
3.0,12630,0.4227141380310059,,1.7594791941585293e-09,1023.6472635640002
3.0,12630,,0.4229314923286438,,1026.0754847820008
3.0,12630,,,,1026.6864925909995
