epoch,step,loss,eval_loss,learning_rate,elapsed_seconds
0.0023752969121140144,10,1.8878656387329102,,1.4251781472684087e-07,1.2303946770007315
0.004750593824228029,20,1.8889225006103516,,3.008709422011085e-07,2.0011491080003907
0.007125890736342043,30,1.898190689086914,,4.5922406967537616e-07,2.8429194070004087
0.009501187648456057,40,1.8829275131225587,,6.175771971496437e-07,3.6133407540000917
0.011876484560570071,50,1.8852123260498046,,7.759303246239114e-07,4.315923332000239
0.014251781472684086,60,1.8995695114135742,,9.342834520981791e-07,5.097144852000383
0.0166270783847981,70,1.8930797576904297,,1.0926365795724466e-06,5.882485316000384
0.019002375296912115,80,1.8854259490966796,,1.250989707046714e-06,6.7127312500006155
0.021377672209026127,90,1.890208625793457,,1.409342834520982e-06,7.627785411000332
0.023752969121140142,100,1.8780195236206054,,1.5676959619952494e-06,8.465345606000483
0.026128266033254157,110,1.8890565872192382,,1.7260490894695173e-06,9.200740991000202
0.028503562945368172,120,1.8931461334228517,,1.8844022169437848e-06,10.01141700900007
0.030878859857482184,130,1.8945459365844726,,2.0427553444180522e-06,10.841035675000057
0.0332541567695962,140,1.8852762222290038,,2.20110847189232e-06,11.566098233000048
0.035629453681710214,150,1.8786121368408204,,2.3594615993665876e-06,12.321441064000282
0.03800475059382423,160,1.8801807403564452,,2.5178147268408552e-06,13.19127602700064
0.040380047505938245,170,1.873702621459961,,2.6761678543151233e-06,14.000906478000616
0.04275534441805225,180,1.8738508224487305,,2.8345209817893906e-06,14.854477588000009
0.04513064133016627,190,1.8726186752319336,,2.9928741092636582e-06,15.615276538000217
0.047505938242280284,200,1.8836801528930665,,3.151227236737926e-06,16.391880787000446
0.0498812351543943,210,1.8825647354125976,,3.309580364212193e-06,17.19439112800046
0.052256532066508314,220,1.880875587463379,,3.467933491686461e-06,17.930906459000653
0.05463182897862233,230,1.8676460266113282,,3.626286619160729e-06,18.741300102000423
0.057007125890736345,240,1.8802370071411132,,3.7846397466349966e-06,19.633312835000652
0.05938242280285035,250,1.8886337280273438,,3.942992874109263e-06,20.392918618000294
0.06175771971496437,260,1.85128173828125,,4.1013460015835315e-06,21.149338696000086
0.06413301662707839,270,1.8491464614868165,,4.2596991290578e-06,22.0091343590002
0.0665083135391924,280,1.87509765625,,4.418052256532067e-06,22.819395849000102
0.0688836104513064,290,1.8642621994018556,,4.576405384006334e-06,23.621510711000155
0.07125890736342043,300,1.8686792373657226,,4.734758511480602e-06,24.419476007000412
0.07363420427553444,310,1.8512384414672851,,4.89311163895487e-06,25.204497690000608
0.07600950118764846,320,1.8558496475219726,,5.0514647664291375e-06,26.030133384000692
0.07838479809976247,330,1.8579044342041016,,5.209817893903405e-06,26.85659425600079
0.08076009501187649,340,1.8507511138916015,,5.368171021377673e-06,27.579641873000583
0.0831353919239905,350,1.8478200912475586,,5.526524148851941e-06,28.42657840800075
0.0855106888361045,360,1.8468402862548827,,5.684877276326208e-06,29.23534883100001
0.08788598574821853,370,1.856836700439453,,5.843230403800475e-06,30.099331639999946
0.09026128266033254,380,1.855220413208008,,6.001583531274743e-06,30.86308613700021
0.09263657957244656,390,1.8227407455444335,,6.159936658749011e-06,31.693869020999955
0.09501187648456057,400,1.83624267578125,,6.318289786223278e-06,32.51977253400037
0.09738717339667459,410,1.8408416748046874,,6.476642913697546e-06,33.27549668000029
0.0997624703087886,420,1.8049606323242187,,6.634996041171814e-06,34.08578347300045
0.1021377672209026,430,1.819242286682129,,6.7933491686460815e-06,34.86930008700074
0.10451306413301663,440,1.8269742965698241,,6.951702296120349e-06,35.67750916600016
0.10688836104513064,450,1.8080036163330078,,7.110055423594616e-06,36.5051603640004
0.10926365795724466,460,1.8062602996826171,,7.268408551068884e-06,37.38009098500061
0.11163895486935867,470,1.8392866134643555,,7.426761678543152e-06,38.19137200200021
0.11401425178147269,480,1.8052312850952148,,7.585114806017419e-06,38.96763694600031
0.1163895486935867,490,1.7909446716308595,,7.743467933491687e-06,39.77816782800073
0.1187648456057007,500,1.8022190093994142,,7.901821060965956e-06,40.596979436000765
0.12114014251781473,510,1.7977079391479491,,8.060174188440221e-06,41.45797014600066
0.12351543942992874,520,1.7828189849853515,,8.21852731591449e-06,42.329772760000196
0.12589073634204276,530,1.78394775390625,,8.376880443388757e-06,43.08293439099998
0.12826603325415678,540,1.7853710174560546,,8.535233570863025e-06,43.86325647600006
0.13064133016627077,550,1.7781484603881836,,8.693586698337293e-06,44.648209347000375
0.1330166270783848,560,1.798727798461914,,8.85193982581156e-06,45.456264478000776
0.13539192399049882,570,1.7673070907592774,,9.010292953285828e-06,46.25794083600067
0.1377672209026128,580,1.762132453918457,,9.168646080760095e-06,47.133780918999946
0.14014251781472684,590,1.7589160919189453,,9.326999208234362e-06,47.92785475100027
0.14251781472684086,600,1.7646411895751952,,9.485352335708631e-06,48.78253631300049
0.14489311163895488,610,1.765972900390625,,9.643705463182899e-06,49.70908497800065
0.14726840855106887,620,1.772796058654785,,9.802058590657166e-06,50.49109014700025
0.1496437054631829,630,1.7476629257202148,,9.960411718131435e-06,51.39897793
0.15201900237529692,640,1.7283843994140624,,1.0118764845605702e-05,52.22247800900004
0.1543942992874109,650,1.7323526382446288,,1.027711797307997e-05,53.03889104400059
0.15676959619952494,660,1.7454692840576171,,1.0435471100554238e-05,53.74238010299996
0.15914489311163896,670,1.726515007019043,,1.0593824228028504e-05,54.560849957000755
0.16152019002375298,680,1.6972063064575196,,1.0752177355502773e-05,55.277678939
0.16389548693586697,690,1.705006217956543,,1.091053048297704e-05,56.09576362500047
0.166270783847981,700,1.7036172866821289,,1.1068883610451307e-05,56.9137226390003
0.16864608076009502,710,1.708088493347168,,1.1227236737925575e-05,57.673926727000435
0.171021377672209,720,1.6993419647216796,,1.1385589865399842e-05,58.41215831700083
0.17339667458432304,730,1.6876914978027344,,1.154394299287411e-05,59.236140101000274
0.17577197149643706,740,1.6858381271362304,,1.1702296120348378e-05,60.18233976300053
0.17814726840855108,750,1.6594310760498048,,1.1860649247822647e-05,60.98155524899994
0.18052256532066507,760,1.6499109268188477,,1.2019002375296912e-05,61.8045251930007
0.1828978622327791,770,1.6610427856445313,,1.217735550277118e-05,62.596894565000184
0.18527315914489312,780,1.6392021179199219,,1.2335708630245449e-05,63.463252330000614
0.1876484560570071,790,1.6351707458496094,,1.2494061757719716e-05,64.29238063899993
0.19002375296912113,800,1.635493278503418,,1.2652414885193985e-05,65.07171640200067
0.19239904988123516,810,1.6133350372314452,,1.281076801266825e-05,65.86992894700052
0.19477434679334918,820,1.6194730758666993,,1.296912114014252e-05,66.69324365900047
0.19714964370546317,830,1.598519229888916,,1.3127474267616787e-05,67.46858578800038
0.1995249406175772,840,1.5999261856079101,,1.3285827395091054e-05,68.41803217300003
0.20190023752969122,850,1.6063020706176758,,1.3444180522565323e-05,69.16814906200034
0.2042755344418052,860,1.585863971710205,,1.3602533650039588e-05,70.06508552200012
0.20665083135391923,870,1.582492733001709,,1.3760886777513857e-05,70.90818457500063
0.20902612826603326,880,1.5734943389892577,,1.3919239904988124e-05,71.66129185800037
0.21140142517814728,890,1.556326675415039,,1.4077593032462393e-05,72.53184938899994
0.21377672209026127,900,1.549796199798584,,1.423594615993666e-05,73.32279640100023
0.2161520190023753,910,1.5500789642333985,,1.4394299287410926e-05,74.12826365799992
0.21852731591448932,920,1.517169189453125,,1.4552652414885195e-05,74.99043971300034
0.2209026128266033,930,1.5333671569824219,,1.4711005542359462e-05,75.71363047000068
0.22327790973871733,940,1.4813767433166505,,1.4869358669833731e-05,76.48868072500045
0.22565320665083136,950,1.5076129913330079,,1.5027711797307999e-05,77.40277181700003
0.22802850356294538,960,1.4750389099121093,,1.5186064924782268e-05,78.23550246400009
0.23040380047505937,970,1.4888980865478516,,1.5344418052256533e-05,79.04581411100025
0.2327790973871734,980,1.4640618324279786,,1.55027711797308e-05,79.83230530600031
0.23515439429928742,990,1.464151954650879,,1.5661124307205068e-05,80.61845613600053
0.2375296912114014,1000,1.4265134811401368,,1.5819477434679335e-05,81.4335098470001
0.23990498812351543,1010,1.4310688018798827,,1.5977830562153605e-05,82.25203887499993
0.24228028503562946,1020,1.4245298385620118,,1.6136183689627873e-05,83.09388930000023
0.24465558194774348,1030,1.4123191833496094,,1.629453681710214e-05,83.88089492000017
0.24703087885985747,1040,1.3860273361206055,,1.6452889944576407e-05,84.71561425100026
0.2494061757719715,1050,1.3881096839904785,,1.6611243072050674e-05,85.56466159900083
0.2517814726840855,1060,1.3543989181518554,,1.676959619952494e-05,86.34485258500081
0.25415676959619954,1070,1.3338814735412599,,1.692794932699921e-05,87.12218739500076
0.25653206650831356,1080,1.3337605476379395,,1.708630245447348e-05,87.9064419410006
0.2589073634204275,1090,1.3277269363403321,,1.7244655581947743e-05,88.65588485100034
0.26128266033254155,1100,1.3053964614868163,,1.7403008709422014e-05,89.45191787500062
0.26365795724465557,1110,1.2771484375,,1.756136183689628e-05,90.22071755200068
0.2660332541567696,1120,1.244389533996582,,1.7719714964370545e-05,91.03355922500032
0.2684085510688836,1130,1.2628023147583007,,1.7878068091844816e-05,91.9349142050005
0.27078384798099764,1140,1.2399772644042968,,1.8036421219319083e-05,92.68480239700057
0.27315914489311166,1150,1.2130640029907227,,1.819477434679335e-05,93.49122476699995
0.2755344418052256,1160,1.1919322967529298,,1.8353127474267618e-05,94.3087783130004
0.27790973871733965,1170,1.197102928161621,,1.8511480601741888e-05,95.02946918700036
0.28028503562945367,1180,1.1771337509155273,,1.8669833729216152e-05,95.75165203699999
0.2826603325415677,1190,1.1617755889892578,,1.882818685669042e-05,96.50710099200023
0.2850356294536817,1200,1.1380409240722655,,1.898653998416469e-05,97.37358468599996
0.28741092636579574,1210,1.1415239334106446,,1.9144893111638957e-05,98.11525759899996
0.28978622327790976,1220,1.1109952926635742,,1.9303246239113224e-05,98.85531401200024
0.2921615201900237,1230,1.090036392211914,,1.946159936658749e-05,99.69886175400006
0.29453681710213775,1240,1.0656446456909179,,1.961995249406176e-05,100.48154143900047
0.29691211401425177,1250,1.044623565673828,,1.9778305621536026e-05,101.26043343100082
0.2992874109263658,1260,1.0166509628295899,,1.9936658749010293e-05,102.1183923260005
0.3016627078384798,1270,1.002122402191162,,1.998944312483505e-05,102.88470669000071
0.30403800475059384,1280,0.9748389244079589,,1.9971848332893464e-05,103.7318211390002
0.30641330166270786,1290,1.0063663482666017,,1.995425354095188e-05,104.50479604600059
0.3087885985748218,1300,0.9513291358947754,,1.9936658749010293e-05,105.32508911200057
0.31116389548693585,1310,0.9324110984802246,,1.991906395706871e-05,106.11058716700063
0.31353919239904987,1320,0.9055347442626953,,1.9901469165127123e-05,106.95655171800081
0.3159144893111639,1330,0.8912698745727539,,1.988387437318554e-05,107.82086846400034
0.3182897862232779,1340,0.8945452690124511,,1.986627958124395e-05,108.59396191199994
0.32066508313539194,1350,0.8352707862854004,,1.9848684789302368e-05,109.45649614000013
0.32304038004750596,1360,0.8108119964599609,,1.983108999736078e-05,110.23842984500061
0.3254156769596199,1370,0.7843255996704102,,1.9813495205419197e-05,111.11367549500028
0.32779097387173395,1380,0.7709841728210449,,1.979590041347761e-05,111.90465656600009
0.33016627078384797,1390,0.7381287097930909,,1.9778305621536026e-05,112.67574435400002
0.332541567695962,1400,0.7212291240692139,,1.9760710829594442e-05,113.461782675
0.334916864608076,1410,0.7289404392242431,,1.9743116037652855e-05,114.23278892400049
0.33729216152019004,1420,0.6876893997192383,,1.972552124571127e-05,114.97765410700049
0.33966745843230406,1430,0.6706491947174072,,1.9707926453769684e-05,115.76293559700025
0.342042755344418,1440,0.6696461200714111,,1.96903316618281e-05,116.48742666199996
0.34441805225653205,1450,0.6915187358856201,,1.9672736869886514e-05,117.2396018620002
0.34679334916864607,1460,0.6717193603515625,,1.965514207794493e-05,118.08438531400043
0.3491686460807601,1470,0.6943505764007568,,1.9637547286003346e-05,118.8918131700002
0.3515439429928741,1480,0.6815386295318604,,1.961995249406176e-05,119.7231336520008
0.35391923990498814,1490,0.6647186279296875,,1.9602357702120175e-05,120.53310412700012
0.35629453681710216,1500,0.6684494018554688,,1.9584762910178588e-05,121.2917942740005
0.3586698337292161,1510,0.6579280376434327,,1.9567168118237004e-05,122.02778360299999
0.36104513064133015,1520,0.6742509841918946,,1.954957332629542e-05,122.81769952000013
0.36342042755344417,1530,0.6902060508728027,,1.9531978534353833e-05,123.52093504999993
0.3657957244655582,1540,0.668864393234253,,1.951438374241225e-05,124.32970472000034
0.3681710213776722,1550,0.6659768104553223,,1.9496788950470663e-05,125.1639204080002
0.37054631828978624,1560,0.6722873210906982,,1.947919415852908e-05,125.96301095700073
0.37292161520190026,1570,0.6993547916412354,,1.946159936658749e-05,126.80947202300013
0.3752969121140142,1580,0.6786486148834229,,1.9444004574645908e-05,127.6045086410004
0.37767220902612825,1590,0.6709884643554688,,1.942640978270432e-05,128.44840719900003
0.38004750593824227,1600,0.677537488937378,,1.9408814990762737e-05,129.2042436720003
0.3824228028503563,1610,0.6967509269714356,,1.939122019882115e-05,129.99998085800053
0.3847980997624703,1620,0.6621422290802002,,1.9373625406879566e-05,130.7983069060001
0.38717339667458434,1630,0.6793855667114258,,1.935603061493798e-05,131.55325070600065
0.38954869358669836,1640,0.6555710792541504,,1.9338435822996395e-05,132.43129566100015
0.3919239904988123,1650,0.6983779907226563,,1.9320841031054808e-05,133.25225782500002
0.39429928741092635,1660,0.6761685371398926,,1.9303246239113224e-05,134.0089351100005
0.39667458432304037,1670,0.6948131084442138,,1.9285651447171637e-05,134.90664899400053
0.3990498812351544,1680,0.6842831611633301,,1.9268056655230054e-05,135.78081523700075
0.4014251781472684,1690,0.6623468399047852,,1.9250461863288466e-05,136.62828016999993
0.40380047505938244,1700,0.6712434768676758,,1.9232867071346883e-05,137.4853796690004
0.40617577197149646,1710,0.6548110961914062,,1.9215272279405296e-05,138.32005169000058
0.4085510688836104,1720,0.673796272277832,,1.9197677487463712e-05,139.19756963700002
0.41092636579572445,1730,0.6841989517211914,,1.9180082695522128e-05,139.99122639400048
0.41330166270783847,1740,0.6552059173583984,,1.916248790358054e-05,140.8706278310001
0.4156769596199525,1750,0.6720063209533691,,1.9144893111638957e-05,141.71376309900006
0.4180522565320665,1760,0.6846697807312012,,1.912729831969737e-05,142.51372651400015
0.42042755344418054,1770,0.6759615421295166,,1.9109703527755786e-05,143.45600087100047
0.42280285035629456,1780,0.6621240615844727,,1.9092108735814203e-05,144.36764715800018
0.4251781472684085,1790,0.6694136619567871,,1.9074513943872615e-05,145.13587863700013
0.42755344418052255,1800,0.6947677612304688,,1.905691915193103e-05,145.93357723000008
0.42992874109263657,1810,0.6873373985290527,,1.9039324359989445e-05,146.65340125500006
0.4323040380047506,1820,0.663193655014038,,1.902172956804786e-05,147.46749022200038
0.4346793349168646,1830,0.6864038944244385,,1.9004134776106274e-05,148.27182429799996
0.43705463182897863,1840,0.677213191986084,,1.898653998416469e-05,149.07877717700012
0.43942992874109266,1850,0.666041898727417,,1.8968945192223103e-05,149.97543909500018
0.4418052256532066,1860,0.6869107246398926,,1.895135040028152e-05,150.82549307000045
0.44418052256532065,1870,0.6813914775848389,,1.8933755608339932e-05,151.63503995100018
0.44655581947743467,1880,0.6671817779541016,,1.8916160816398348e-05,152.43682143300066
0.4489311163895487,1890,0.6664974212646484,,1.889856602445676e-05,153.3756244310007
0.4513064133016627,1900,0.670228099822998,,1.8880971232515177e-05,154.21129885500068
0.45368171021377673,1910,0.6640450954437256,,1.886337644057359e-05,155.03268939100053
0.45605700712589076,1920,0.6762465000152588,,1.8845781648632006e-05,155.78075102900038
0.4584323040380047,1930,0.6703170299530029,,1.882818685669042e-05,156.62655034300042
0.46080760095011875,1940,0.6926784515380859,,1.8810592064748836e-05,157.42757309200078
0.46318289786223277,1950,0.673367691040039,,1.879299727280725e-05,158.22514116500042
0.4655581947743468,1960,0.6568021774291992,,1.8775402480865665e-05,159.10995627100056
0.4679334916864608,1970,0.6960163116455078,,1.8757807688924078e-05,159.94090527800017
0.47030878859857483,1980,0.6641870021820069,,1.8740212896982494e-05,160.7101854020002
0.47268408551068886,1990,0.6653937339782715,,1.872261810504091e-05,161.53270030300064
0.4750593824228028,2000,0.6950948238372803,,1.8705023313099323e-05,162.34719760100052
0.47743467933491684,2010,0.6725480556488037,,1.868742852115774e-05,163.18543460599994
0.47980997624703087,2020,0.6794545650482178,,1.8669833729216152e-05,163.9977681240007
0.4821852731591449,2030,0.6743236064910889,,1.8652238937274568e-05,164.76935895299994
0.4845605700712589,2040,0.6690515041351318,,1.8634644145332985e-05,165.5478276900003
0.48693586698337293,2050,0.6845723152160644,,1.8617049353391397e-05,166.37004834600066
0.48931116389548696,2060,0.6959555625915528,,1.8599454561449814e-05,167.17001677200005
0.4916864608076009,2070,0.6769227981567383,,1.8581859769508227e-05,168.08564114599994
0.49406175771971494,2080,0.6551690578460694,,1.8564264977566643e-05,168.9123476120003
0.49643705463182897,2090,0.6795053482055664,,1.854667018562506e-05,169.8149616720002
0.498812351543943,2100,0.6646644115447998,,1.8529075393683472e-05,170.60252405200026
0.501187648456057,2110,0.6855504512786865,,1.8511480601741888e-05,171.40700004500013
0.503562945368171,2120,0.6720085620880127,,1.84938858098003e-05,172.20801185000073
0.505938242280285,2130,0.6795259952545166,,1.8476291017858717e-05,173.13657687700015
0.5083135391923991,2140,0.6926969528198242,,1.845869622591713e-05,173.9943207080005
0.5106888361045131,2150,0.6657834529876709,,1.8441101433975546e-05,174.82857399600016
0.5130641330166271,2160,0.7084460735321045,,1.842350664203396e-05,175.70521257700057
0.5154394299287411,2170,0.6669422149658203,,1.8405911850092376e-05,176.52380299700053
0.517814726840855,2180,0.7007226467132568,,1.838831705815079e-05,177.35770893400058
0.5201900237529691,2190,0.6787692070007324,,1.8370722266209205e-05,178.15672380900014
0.5225653206650831,2200,0.6666161060333252,,1.8353127474267618e-05,178.91749658500066
0.5249406175771971,2210,0.6799729347229004,,1.8335532682326034e-05,179.74611722700047
0.5273159144893111,2220,0.6589396476745606,,1.8317937890384447e-05,180.61468524000065
0.5296912114014252,2230,0.6835957050323487,,1.8300343098442863e-05,181.42480995200003
0.5320665083135392,2240,0.674808406829834,,1.8282748306501276e-05,182.2528343570002
0.5344418052256532,2250,0.6537591457366944,,1.8265153514559692e-05,183.13584076999996
0.5368171021377672,2260,0.6562102317810059,,1.8247558722618105e-05,183.88163437500043
0.5391923990498813,2270,0.6630109786987305,,1.822996393067652e-05,184.65359347499998
0.5415676959619953,2280,0.6604042053222656,,1.8212369138734934e-05,185.4623217620001
0.5439429928741093,2290,0.6675669193267822,,1.819477434679335e-05,186.23734327500006
0.5463182897862233,2300,0.6585917949676514,,1.8177179554851767e-05,187.03735669400066
0.5486935866983373,2310,0.6694823265075683,,1.815958476291018e-05,187.80939006600056
0.5510688836104513,2320,0.6702726364135743,,1.8141989970968596e-05,188.64394182200067
0.5534441805225653,2330,0.6646833419799805,,1.812439517902701e-05,189.49078376300076
0.5558194774346793,2340,0.6870019912719727,,1.8106800387085425e-05,190.25408465300006
0.5581947743467933,2350,0.6648045539855957,,1.808920559514384e-05,191.10917039700053
0.5605700712589073,2360,0.6610316753387451,,1.8071610803202254e-05,191.94627805800064
0.5629453681710214,2370,0.6870905876159668,,1.805401601126067e-05,192.77017078400058
0.5653206650831354,2380,0.6748231887817383,,1.8036421219319083e-05,193.61742429400056
0.5676959619952494,2390,0.6564676284790039,,1.80188264273775e-05,194.36104872100077
0.5700712589073634,2400,0.6644879341125488,,1.8001231635435912e-05,195.14469461299996
0.5724465558194775,2410,0.6628344058990479,,1.798363684349433e-05,196.02055270600067
0.5748218527315915,2420,0.6720842361450196,,1.796604205155274e-05,196.82513741799994
0.5771971496437055,2430,0.6771009922027588,,1.7948447259611158e-05,197.57529115000034
0.5795724465558195,2440,0.6492491722106933,,1.793085246766957e-05,198.46508766100033
0.5819477434679335,2450,0.6826179504394532,,1.7913257675727987e-05,199.2106486620005
0.5843230403800475,2460,0.6680676460266113,,1.78956628837864e-05,200.05019434800033
0.5866983372921615,2470,0.6751255035400391,,1.7878068091844816e-05,200.76934815599998
0.5890736342042755,2480,0.6613352775573731,,1.786047329990323e-05,201.57952871900034
0.5914489311163895,2490,0.6716530799865723,,1.7842878507961645e-05,202.3247043450001
0.5938242280285035,2500,0.6269211769104004,,1.7825283716020058e-05,203.00938748000044
0.5961995249406176,2510,0.6724529266357422,,1.7807688924078474e-05,203.8567465570004
0.5985748218527316,2520,0.6534096240997315,,1.7790094132136887e-05,204.65398122600072
0.6009501187648456,2530,0.6715844154357911,,1.7772499340195303e-05,205.45642905800014
0.6033254156769596,2540,0.6730878829956055,,1.7754904548253716e-05,206.3384611950005
0.6057007125890737,2550,0.6920234680175781,,1.7737309756312132e-05,207.20189181600017
0.6080760095011877,2560,0.6752294063568115,,1.7719714964370545e-05,207.96070438800052
0.6104513064133017,2570,0.6785409450531006,,1.770212017242896e-05,208.76708321000024
0.6128266033254157,2580,0.6519452095031738,,1.7684525380487378e-05,209.5159121760007
0.6152019002375297,2590,0.68260498046875,,1.766693058854579e-05,210.3095277880002
0.6175771971496437,2600,0.6749327659606934,,1.7649335796604207e-05,211.10951613399993
0.6199524940617577,2610,0.6600185871124268,,1.7631741004662623e-05,211.88800881600037
0.6223277909738717,2620,0.6467089653015137,,1.7614146212721036e-05,212.73045546400044
0.6247030878859857,2630,0.6636457920074463,,1.7596551420779452e-05,213.53910192000058
0.6270783847980997,2640,0.6622720241546631,,1.7578956628837865e-05,214.23932133400012
0.6294536817102138,2650,0.6695015907287598,,1.756136183689628e-05,215.07424539400017
0.6318289786223278,2660,0.6647749900817871,,1.7543767044954694e-05,215.86280341200018
0.6342042755344418,2670,0.6937675476074219,,1.752617225301311e-05,216.72291521200077
0.6365795724465558,2680,0.6778486251831055,,1.7508577461071527e-05,217.6291692270006
0.6389548693586699,2690,0.6713203430175781,,1.749098266912994e-05,218.52780527600044
0.6413301662707839,2700,0.6602054595947265,,1.7473387877188356e-05,219.30552852100027
0.6437054631828979,2710,0.6722023963928223,,1.745579308524677e-05,220.10751806400003
0.6460807600950119,2720,0.6702603340148926,,1.7438198293305185e-05,220.9183343780005
0.6484560570071259,2730,0.675100040435791,,1.7420603501363598e-05,221.7089289430005
0.6508313539192399,2740,0.6714073657989502,,1.7403008709422014e-05,222.47132958900056
0.6532066508313539,2750,0.6734218597412109,,1.7385413917480427e-05,223.28039202200034
0.6555819477434679,2760,0.6689090728759766,,1.7367819125538843e-05,224.12395577999996
0.6579572446555819,2770,0.6664535522460937,,1.7350224333597256e-05,225.01193203100047
0.6603325415676959,2780,0.6688911437988281,,1.7332629541655672e-05,225.91438429100072
0.66270783847981,2790,0.6666597843170166,,1.7315034749714085e-05,226.7063188810007
0.665083135391924,2800,0.6377963066101074,,1.72974399577725e-05,227.58640440700037
0.667458432304038,2810,0.6557086944580078,,1.7279845165830914e-05,228.38790324599995
0.669833729216152,2820,0.6822664737701416,,1.726225037388933e-05,229.21684714799994
0.672209026128266,2830,0.6537663459777832,,1.7244655581947743e-05,229.925063787
0.6745843230403801,2840,0.6640157699584961,,1.722706079000616e-05,230.75011933600035
0.6769596199524941,2850,0.6609731674194336,,1.7209465998064573e-05,231.5636719640006
0.6793349168646081,2860,0.6679962158203125,,1.719187120612299e-05,232.56463039500068
0.6817102137767221,2870,0.6702067375183105,,1.71742764141814e-05,233.29700875300023
0.684085510688836,2880,0.678334379196167,,1.7156681622239818e-05,234.16223393200016
0.6864608076009501,2890,0.6793398380279541,,1.7139086830298234e-05,235.06493239700012
0.6888361045130641,2900,0.6586727142333985,,1.7121492038356647e-05,235.9029028950008
0.6912114014251781,2910,0.648796272277832,,1.7103897246415063e-05,236.64417645600042
0.6935866983372921,2920,0.6898382186889649,,1.708630245447348e-05,237.35158714499994
0.6959619952494062,2930,0.6567982196807861,,1.7068707662531892e-05,238.24697944400032
0.6983372921615202,2940,0.6877425193786622,,1.705111287059031e-05,238.96684704700056
0.7007125890736342,2950,0.6888935089111328,,1.703351807864872e-05,239.81838683000024
0.7030878859857482,2960,0.6538144111633301,,1.7015923286707138e-05,240.7004557680002
0.7054631828978623,2970,0.6751783847808838,,1.699832849476555e-05,241.49182909900082
0.7078384798099763,2980,0.6540009021759033,,1.6980733702823967e-05,242.3886951730001
0.7102137767220903,2990,0.6844782352447509,,1.696313891088238e-05,243.27225928200005
0.7125890736342043,3000,0.6805332660675049,,1.6945544118940796e-05,244.08015238100052
0.7149643705463183,3010,0.6694872856140137,,1.692794932699921e-05,244.89629295900068
0.7173396674584323,3020,0.6618501663208007,,1.6910354535057625e-05,245.70183371700023
0.7197149643705463,3030,0.6643460750579834,,1.6892759743116038e-05,246.45947093500035
0.7220902612826603,3040,0.667964506149292,,1.6875164951174454e-05,247.32415545700042
0.7244655581947743,3050,0.6556854724884034,,1.6857570159232867e-05,248.08550113599995
0.7268408551068883,3060,0.6698728561401367,,1.6839975367291283e-05,248.88985105100073
0.7292161520190024,3070,0.6571525573730469,,1.6822380575349696e-05,249.62060736900003
0.7315914489311164,3080,0.6825523376464844,,1.6804785783408113e-05,250.36106338000081
0.7339667458432304,3090,0.6647393703460693,,1.6787190991466525e-05,251.1909540100005
0.7363420427553444,3100,0.6713174343109131,,1.676959619952494e-05,252.02058245200078
0.7387173396674585,3110,0.6841446876525878,,1.6752001407583355e-05,252.79141413400066
0.7410926365795725,3120,0.6650343894958496,,1.673440661564177e-05,253.58242350599994
0.7434679334916865,3130,0.6715045928955078,,1.6716811823700184e-05,254.36300269799995
0.7458432304038005,3140,0.6468337059020997,,1.66992170317586e-05,255.14216875800048
0.7482185273159145,3150,0.6564702987670898,,1.6681622239817016e-05,255.98742654500074
0.7505938242280285,3160,0.686471700668335,,1.666402744787543e-05,256.8725061950008
0.7529691211401425,3170,0.646944522857666,,1.6646432655933845e-05,257.62317136300044
0.7553444180522565,3180,0.6989738464355468,,1.6628837863992258e-05,258.46007282200026
0.7577197149643705,3190,0.6567256927490235,,1.6611243072050674e-05,259.28810463900027
0.7600950118764845,3200,0.6536877632141114,,1.659364828010909e-05,260.08670860300026
0.7624703087885986,3210,0.6696958065032959,,1.6576053488167504e-05,260.8446390680001
0.7648456057007126,3220,0.6469096183776856,,1.655845869622592e-05,261.58351989400035
0.7672209026128266,3230,0.6584850311279297,,1.6540863904284333e-05,262.5125414570002
0.7695961995249406,3240,0.6716500282287597,,1.652326911234275e-05,263.1775627450006
0.7719714964370546,3250,0.6695446014404297,,1.6505674320401162e-05,263.9666124060004
0.7743467933491687,3260,0.6735332489013672,,1.6488079528459578e-05,264.80469020000055
0.7767220902612827,3270,0.6629078388214111,,1.647048473651799e-05,265.7049223060003
0.7790973871733967,3280,0.6712354183197021,,1.6452889944576407e-05,266.53710158300055
0.7814726840855107,3290,0.6663915634155273,,1.643529515263482e-05,267.46309421300066
0.7838479809976246,3300,0.6500158786773682,,1.6417700360693236e-05,268.17805662200044
0.7862232779097387,3310,0.6734864234924316,,1.6400105568751653e-05,268.98319396900024
0.7885985748218527,3320,0.6894379615783691,,1.6382510776810065e-05,269.69652748000044
0.7909738717339667,3330,0.6616934299468994,,1.6364915984868482e-05,270.5170458550001
0.7933491686460807,3340,0.6575055122375488,,1.6347321192926895e-05,271.33717718700063
0.7957244655581948,3350,0.6874880313873291,,1.632972640098531e-05,272.12244936800016
0.7980997624703088,3360,0.6674628734588623,,1.6312131609043724e-05,272.897348859
0.8004750593824228,3370,0.6663154602050781,,1.629453681710214e-05,273.80428748600025
0.8028503562945368,3380,0.6597862720489502,,1.6276942025160553e-05,274.5689273710004
0.8052256532066508,3390,0.6540164947509766,,1.625934723321897e-05,275.35247794299994
0.8076009501187649,3400,0.672294807434082,,1.6241752441277382e-05,276.14145221200033
0.8099762470308789,3410,0.6631240367889404,,1.6224157649335798e-05,276.90839724800026
0.8123515439429929,3420,0.6837380409240723,,1.620656285739421e-05,277.75024669100003
0.8147268408551069,3430,0.6643478393554687,,1.6188968065452627e-05,278.60777723000047
0.8171021377672208,3440,0.6680889129638672,,1.617137327351104e-05,279.3620067940001
0.8194774346793349,3450,0.6741415023803711,,1.6153778481569456e-05,280.19588800100064
0.8218527315914489,3460,0.6809195518493653,,1.6136183689627873e-05,281.135170605
0.8242280285035629,3470,0.6723666667938233,,1.6118588897686286e-05,281.86344816400015
0.8266033254156769,3480,0.6525358200073242,,1.6100994105744702e-05,282.76681422599995
0.828978622327791,3490,0.6629194736480712,,1.6083399313803115e-05,283.60139452600015
0.831353919239905,3500,0.659697437286377,,1.606580452186153e-05,284.57433868299995
0.833729216152019,3510,0.6625039577484131,,1.6048209729919947e-05,285.46613897500083
0.836104513064133,3520,0.6501243591308594,,1.603061493797836e-05,286.39724687000034
0.838479809976247,3530,0.653499174118042,,1.6013020146036776e-05,287.23621447999994
0.8408551068883611,3540,0.6575745582580567,,1.599542535409519e-05,288.0868102690001
0.8432304038004751,3550,0.669078016281128,,1.5977830562153605e-05,288.8737785400008
0.8456057007125891,3560,0.6361107349395752,,1.596023577021202e-05,289.6134719490001
0.8479809976247031,3570,0.6586240291595459,,1.5942640978270435e-05,290.4315836170008
0.850356294536817,3580,0.6752501487731933,,1.5925046186328847e-05,291.241993054
0.8527315914489311,3590,0.6494111537933349,,1.5907451394387264e-05,292.19615524800065
0.8551068883610451,3600,0.6672536373138428,,1.5889856602445677e-05,293.0704744020004
0.8574821852731591,3610,0.6666396617889404,,1.5872261810504093e-05,293.87083522600005
0.8598574821852731,3620,0.6651615619659423,,1.5854667018562506e-05,294.6747029750004
0.8622327790973872,3630,0.6555782794952393,,1.5837072226620922e-05,295.425279909
0.8646080760095012,3640,0.6524843692779541,,1.5819477434679335e-05,296.25360210000053
0.8669833729216152,3650,0.6747400283813476,,1.580188264273775e-05,297.13948414100014
0.8693586698337292,3660,0.66966233253479,,1.5784287850796164e-05,298.0168248580003
0.8717339667458432,3670,0.6326663017272949,,1.576669305885458e-05,298.79780024900083
0.8741092636579573,3680,0.6664574146270752,,1.5749098266912993e-05,299.67136852100066
0.8764845605700713,3690,0.6421052932739257,,1.573150347497141e-05,300.524860001
0.8788598574821853,3700,0.6838775157928467,,1.5713908683029822e-05,301.34707795600025
0.8812351543942993,3710,0.6646331787109375,,1.569631389108824e-05,302.0970036230001
0.8836104513064132,3720,0.6805009841918945,,1.5678719099146655e-05,302.8436934330002
0.8859857482185273,3730,0.6739010810852051,,1.5661124307205068e-05,303.5913284440003
0.8883610451306413,3740,0.6739940166473388,,1.5643529515263484e-05,304.511954265
0.8907363420427553,3750,0.6645233154296875,,1.5625934723321897e-05,305.2882959000008
0.8931116389548693,3760,0.6446969032287597,,1.5608339931380313e-05,306.17709031600043
0.8954869358669834,3770,0.6679932594299316,,1.559074513943873e-05,306.9661831500007
0.8978622327790974,3780,0.6559249877929687,,1.5573150347497142e-05,307.70547584500036
0.9002375296912114,3790,0.6862225532531738,,1.555555555555556e-05,308.58106339799997
0.9026128266033254,3800,0.6543319702148438,,1.553796076361397e-05,309.42101812800047
0.9049881235154394,3810,0.6611778736114502,,1.5520365971672387e-05,310.20417574600015
0.9073634204275535,3820,0.6433573722839355,,1.55027711797308e-05,310.99918239900035
0.9097387173396675,3830,0.6516807556152344,,1.5485176387789217e-05,311.7470468010006
0.9121140142517815,3840,0.6559422492980957,,1.546758159584763e-05,312.5995789160006
0.9144893111638955,3850,0.6365529537200928,,1.5449986803906046e-05,313.46653850800067
0.9168646080760094,3860,0.6647983074188233,,1.543239201196446e-05,314.2372696680004
0.9192399049881235,3870,0.6465574741363526,,1.5414797220022875e-05,314.9448218860007
0.9216152019002375,3880,0.6566613197326661,,1.5397202428081288e-05,315.7437340330007
0.9239904988123515,3890,0.6523538112640381,,1.5379607636139704e-05,316.55925666000076
0.9263657957244655,3900,0.6645707130432129,,1.5362012844198117e-05,317.32643502500014
0.9287410926365796,3910,0.6484925270080566,,1.5344418052256533e-05,318.1864141270007
0.9311163895486936,3920,0.6695542335510254,,1.5326823260314946e-05,318.9524510200008
0.9334916864608076,3930,0.6428815841674804,,1.5309228468373362e-05,319.79104403400015
0.9358669833729216,3940,0.6776697635650635,,1.529163367643178e-05,320.594330551
0.9382422802850356,3950,0.6364895820617675,,1.527403888449019e-05,321.42254513900025
0.9406175771971497,3960,0.6717486381530762,,1.5256444092548608e-05,322.1474649800002
0.9429928741092637,3970,0.643949317932129,,1.5238849300607022e-05,322.898481018
0.9453681710213777,3980,0.6257143974304199,,1.5221254508665437e-05,323.69543304700073
0.9477434679334917,3990,0.6308453559875489,,1.5203659716723851e-05,324.45848891900005
0.9501187648456056,4000,0.6656734466552734,,1.5186064924782268e-05,325.24850125100056
0.9524940617577197,4010,0.6735780715942383,,1.516847013284068e-05,326.0597431190008
0.9548693586698337,4020,0.6449326515197754,,1.5150875340899097e-05,326.931644794
0.9572446555819477,4030,0.6670401573181153,,1.513328054895751e-05,327.70249108999997
0.9596199524940617,4040,0.6611093521118164,,1.5115685757015926e-05,328.4352171420005
0.9619952494061758,4050,0.6646441459655762,,1.5098090965074339e-05,329.2951873300008
0.9643705463182898,4060,0.6699036121368408,,1.5080496173132755e-05,330.0961447970003
0.9667458432304038,4070,0.6667807102203369,,1.5062901381191168e-05,330.95071281700075
0.9691211401425178,4080,0.6580187320709229,,1.5045306589249584e-05,331.7590253570006
0.9714964370546318,4090,0.6820601463317871,,1.5027711797307999e-05,332.6601512650004
0.9738717339667459,4100,0.6661714553833008,,1.5010117005366413e-05,333.4757637440007
0.9762470308788599,4110,0.6588069915771484,,1.4992522213424828e-05,334.33031212100013
0.9786223277909739,4120,0.6556355953216553,,1.4974927421483242e-05,335.1486324820007
0.9809976247030879,4130,0.6506625652313233,,1.4957332629541657e-05,335.8602688580004
0.9833729216152018,4140,0.6561489582061768,,1.4939737837600073e-05,336.6120910940008
0.9857482185273159,4150,0.666097354888916,,1.4922143045658486e-05,337.376516669
0.9881235154394299,4160,0.6556814670562744,,1.4904548253716902e-05,338.17865836800047
0.9904988123515439,4170,0.6533447265625,,1.4886953461775315e-05,338.8919457810007
0.9928741092636579,4180,0.6544266223907471,,1.4869358669833731e-05,339.7522915130003
0.995249406175772,4190,0.6541862487792969,,1.4851763877892144e-05,340.59081175400024
0.997624703087886,4200,0.6605605602264404,,1.483416908595056e-05,341.44933727600073
1.0,4210,0.663566780090332,,1.4816574294008973e-05,342.19836857300015
1.0,4210,,0.6605938076972961,,344.63446146300066
1.002375296912114,4220,0.6516875743865966,,1.479897950206739e-05,346.1218687320006
1.004750593824228,4230,0.6603949546813965,,1.4781384710125804e-05,346.88488176900046
1.007125890736342,4240,0.6709568977355957,,1.4763789918184219e-05,347.8478574810006
1.009501187648456,4250,0.6640392780303955,,1.4746195126242633e-05,348.5545430070006
1.01187648456057,4260,0.6648551940917968,,1.4728600334301048e-05,349.3572256080006
1.0142517814726841,4270,0.6406744956970215,,1.4711005542359462e-05,350.2324286140001
1.0166270783847982,4280,0.6596357822418213,,1.4693410750417879e-05,351.00205524800003
1.0190023752969122,4290,0.6614840507507325,,1.4675815958476292e-05,351.66893136199997
1.0213776722090262,4300,0.6521042346954345,,1.4658221166534708e-05,352.41995378200045
1.0237529691211402,4310,0.6667621612548829,,1.464062637459312e-05,353.2978668170008
1.0261282660332542,4320,0.6656282424926758,,1.4623031582651537e-05,354.0857746440006
1.0285035629453683,4330,0.6732902526855469,,1.460543679070995e-05,354.83833609700014
1.0308788598574823,4340,0.6436083793640137,,1.4587841998768366e-05,355.6317645320005
1.0332541567695963,4350,0.658315372467041,,1.4570247206826779e-05,356.40872695800044
1.03562945368171,4360,0.6799304962158204,,1.4552652414885195e-05,357.26512325800013
1.0380047505938241,4370,0.6655144691467285,,1.453505762294361e-05,358.06921241800046
1.0403800475059382,4380,0.6611040592193603,,1.4517462831002024e-05,358.80461207700046
1.0427553444180522,4390,0.6532201766967773,,1.4499868039060439e-05,359.6048264000001
1.0451306413301662,4400,0.654279088973999,,1.4482273247118855e-05,360.440703063
1.0475059382422802,4410,0.6408614635467529,,1.4464678455177268e-05,361.22155802199995
1.0498812351543942,4420,0.6539371490478516,,1.4447083663235684e-05,362.1750472140002
1.0522565320665083,4430,0.6488372325897217,,1.4429488871294097e-05,363.02065899900026
1.0546318289786223,4440,0.6514577388763427,,1.4411894079352513e-05,363.71643842400044
1.0570071258907363,4450,0.6594555854797364,,1.4394299287410926e-05,364.5000904490007
1.0593824228028503,4460,0.6549793243408203,,1.4376704495469342e-05,365.3862437350008
1.0617577197149644,4470,0.6591836452484131,,1.4359109703527755e-05,366.24048599400066
1.0641330166270784,4480,0.6470215320587158,,1.4341514911586172e-05,367.03456564499993
1.0665083135391924,4490,0.661518669128418,,1.4323920119644586e-05,367.9012662390005
1.0688836104513064,4500,0.6646323204040527,,1.4306325327703e-05,368.8867500290007
1.0712589073634204,4510,0.6757168292999267,,1.4288730535761415e-05,369.7366229190002
1.0736342042755345,4520,0.6593925476074218,,1.427113574381983e-05,370.5468689240006
1.0760095011876485,4530,0.6529406547546387,,1.4253540951878244e-05,371.3667778700001
1.0783847980997625,4540,0.6405116558074951,,1.423594615993666e-05,372.21197166
1.0807600950118765,4550,0.6552827835083008,,1.4218351367995074e-05,373.0495544250007
1.0831353919239906,4560,0.6523367881774902,,1.420075657605349e-05,373.8567974000007
1.0855106888361046,4570,0.6457974433898925,,1.4183161784111904e-05,374.7149442730006
1.0878859857482186,4580,0.662237024307251,,1.4165566992170319e-05,375.60986104900076
1.0902612826603326,4590,0.6604503631591797,,1.4147972200228735e-05,376.4474467220007
1.0926365795724466,4600,0.6685217380523681,,1.4130377408287148e-05,377.2445229170007
1.0950118764845607,4610,0.6482389450073243,,1.4112782616345564e-05,378.0814245220008
1.0973871733966747,4620,0.6496606349945069,,1.4095187824403977e-05,378.86536574799993
1.0997624703087885,4630,0.6815488815307618,,1.4077593032462393e-05,379.7736620230007
1.1021377672209025,4640,0.6555493831634521,,1.4059998240520806e-05,380.5546457950004
1.1045130641330165,4650,0.6366375923156739,,1.4042403448579223e-05,381.3256469570006
1.1068883610451306,4660,0.6553887367248535,,1.4024808656637635e-05,382.04200575699997
1.1092636579572446,4670,0.6621129512786865,,1.4007213864696052e-05,382.7820404210006
1.1116389548693586,4680,0.6424260616302491,,1.3989619072754466e-05,383.6879375390008
1.1140142517814726,4690,0.635463809967041,,1.397202428081288e-05,384.5324540600004
1.1163895486935866,4700,0.6644447803497314,,1.3954429488871295e-05,385.3147864900002
1.1187648456057007,4710,0.654660701751709,,1.3936834696929712e-05,386.122748023
1.1211401425178147,4720,0.6707559585571289,,1.3919239904988124e-05,387.01098295200063
1.1235154394299287,4730,0.6281247138977051,,1.390164511304654e-05,387.8527763680004
1.1258907363420427,4740,0.6414370059967041,,1.3884050321104954e-05,388.619679634
1.1282660332541568,4750,0.6632250785827637,,1.386645552916337e-05,389.39686941000036
1.1306413301662708,4760,0.6445239543914795,,1.3848860737221783e-05,390.16556799000045
1.1330166270783848,4770,0.6578713417053222,,1.3831265945280199e-05,391.045478473
1.1353919239904988,4780,0.6517776012420654,,1.3813671153338612e-05,391.96059961800074
1.1377672209026128,4790,0.6315475940704346,,1.3796076361397028e-05,392.8154055260002
1.1401425178147269,4800,0.6632654190063476,,1.3778481569455443e-05,393.6055004810005
1.1425178147268409,4810,0.6596180438995362,,1.3760886777513857e-05,394.4242750350004
1.144893111638955,4820,0.6548507213592529,,1.3743291985572272e-05,395.3014670400007
1.147268408551069,4830,0.6571345329284668,,1.3725697193630686e-05,396.19613543300056
1.149643705463183,4840,0.6380368232727051,,1.3708102401689101e-05,397.08202070100015
1.152019002375297,4850,0.6296441078186035,,1.3690507609747517e-05,397.8560350910002
1.154394299287411,4860,0.6796752452850342,,1.367291281780593e-05,398.70667523200063
1.156769596199525,4870,0.6511226177215577,,1.3655318025864346e-05,399.53053649899994
1.159144893111639,4880,0.6216707706451416,,1.363772323392276e-05,400.38593932500044
1.161520190023753,4890,0.6495762825012207,,1.3620128441981175e-05,401.1358368150004
1.1638954869358669,4900,0.6394493103027343,,1.3602533650039588e-05,401.92719591200057
1.166270783847981,4910,0.6679944038391114,,1.3584938858098005e-05,402.7720396620007
1.168646080760095,4920,0.6622461795806884,,1.3567344066156417e-05,403.57392691600035
1.171021377672209,4930,0.6633966445922852,,1.3549749274214834e-05,404.4005243210004
1.173396674584323,4940,0.6664145469665528,,1.3532154482273248e-05,405.2936552580004
1.175771971496437,4950,0.6414307594299317,,1.3514559690331663e-05,406.18116011300026
1.178147268408551,4960,0.6645016670227051,,1.3496964898390077e-05,406.98311861599996
1.180522565320665,4970,0.6686216354370117,,1.3479370106448492e-05,407.8307873270005
1.182897862232779,4980,0.6435298919677734,,1.3461775314506906e-05,408.6612099370004
1.185273159144893,4990,0.6539699554443359,,1.3444180522565323e-05,409.43026027500036
1.187648456057007,5000,0.6358983516693115,,1.3426585730623736e-05,410.36574225500044
1.190023752969121,5010,0.6482134342193604,,1.3408990938682152e-05,411.161701129
1.1923990498812351,5020,0.6531532764434814,,1.3391396146740565e-05,411.9490006900005
1.1947743467933492,5030,0.6627779006958008,,1.3373801354798981e-05,412.7013970580001
1.1971496437054632,5040,0.6616457939147949,,1.3356206562857394e-05,413.5653465970008
1.1995249406175772,5050,0.6408650875091553,,1.333861177091581e-05,414.39001172900043
1.2019002375296912,5060,0.6435604095458984,,1.3321016978974225e-05,415.2031943770007
1.2042755344418052,5070,0.6534776210784912,,1.330342218703264e-05,416.02024935900045
1.2066508313539193,5080,0.6690568923950195,,1.3285827395091054e-05,416.8450239920003
1.2090261282660333,5090,0.6470095634460449,,1.3268232603149468e-05,417.71054592700057
1.2114014251781473,5100,0.6440214157104492,,1.3250637811207883e-05,418.46686409800077
1.2137767220902613,5110,0.6444505214691162,,1.32330430192663e-05,419.3796208210006
1.2161520190023754,5120,0.6395108699798584,,1.3215448227324712e-05,420.17217926100057
1.2185273159144894,5130,0.6457198619842529,,1.3197853435383128e-05,420.9715544610008
1.2209026128266034,5140,0.6327759265899658,,1.3180258643441541e-05,421.78953200400065
1.2232779097387174,5150,0.6596177577972412,,1.3162663851499957e-05,422.5860677290002
1.2256532066508314,5160,0.6676177978515625,,1.314506905955837e-05,423.43336381800054
1.2280285035629455,5170,0.6649321556091309,,1.3127474267616787e-05,424.19054301600045
1.2304038004750595,5180,0.6401463508605957,,1.31098794756752e-05,424.9400156840002
1.2327790973871733,5190,0.6303273200988769,,1.3092284683733616e-05,425.7074922310003
1.2351543942992875,5200,0.651487922668457,,1.307468989179203e-05,426.5759720690003
1.2375296912114013,5210,0.6679067134857177,,1.3057095099850445e-05,427.3689029850002
1.2399049881235154,5220,0.6598796367645263,,1.3039500307908861e-05,428.14112721900074
1.2422802850356294,5230,0.6349937438964843,,1.3021905515967274e-05,428.97607517100005
1.2446555819477434,5240,0.6532460212707519,,1.300431072402569e-05,429.84183137500077
1.2470308788598574,5250,0.6506457328796387,,1.2986715932084105e-05,430.64896345300076
1.2494061757719714,5260,0.6287166118621826,,1.296912114014252e-05,431.51152322600046
1.2517814726840855,5270,0.6418097496032715,,1.2951526348200934e-05,432.2355057190007
1.2541567695961995,5280,0.6597407817840576,,1.2933931556259348e-05,432.9817159530003
1.2565320665083135,5290,0.6581193923950195,,1.2916336764317763e-05,433.83059464600046
1.2589073634204275,5300,0.6633690357208252,,1.289874197237618e-05,434.682356581
1.2612826603325415,5310,0.632805585861206,,1.2881147180434592e-05,435.43388528500054
1.2636579572446556,5320,0.6362031936645508,,1.2863552388493008e-05,436.2473863690002
1.2660332541567696,5330,0.6468984603881835,,1.2845957596551421e-05,437.07670437100023
1.2684085510688836,5340,0.6610952377319336,,1.2828362804609837e-05,437.864399479
1.2707838479809976,5350,0.6733311653137207,,1.281076801266825e-05,438.6442313510006
1.2731591448931117,5360,0.659304141998291,,1.2793173220726667e-05,439.4917366950003
1.2755344418052257,5370,0.6526363849639892,,1.2775578428785081e-05,440.2893300040005
1.2779097387173397,5380,0.6331578254699707,,1.2757983636843496e-05,441.03157552500033
1.2802850356294537,5390,0.6284338951110839,,1.274038884490191e-05,441.8085050010004
1.2826603325415677,5400,0.6650019645690918,,1.2722794052960325e-05,442.61965342000076
1.2850356294536818,5410,0.649239444732666,,1.270519926101874e-05,443.4367810170006
1.2874109263657958,5420,0.6518360137939453,,1.2687604469077156e-05,444.2120894870004
1.2897862232779098,5430,0.6727811813354492,,1.2670009677135569e-05,445.0735123510003
1.2921615201900236,5440,0.6529314994812012,,1.2652414885193985e-05,445.8533493930008
1.2945368171021379,5450,0.6354635715484619,,1.2634820093252398e-05,446.7078819170001
1.2969121140142517,5460,0.6590403556823731,,1.2617225301310814e-05,447.57580034200055
1.299287410926366,5470,0.6597246646881103,,1.2599630509369227e-05,448.4311421830007
1.3016627078384797,5480,0.6543596267700196,,1.2582035717427643e-05,449.18103027300003
1.304038004750594,5490,0.6419126033782959,,1.2564440925486056e-05,450.06308583200007
1.3064133016627077,5500,0.6628407955169677,,1.2546846133544472e-05,450.92099061499994
1.3087885985748218,5510,0.6458055019378662,,1.2529251341602887e-05,451.7799446430008
1.3111638954869358,5520,0.6310982704162598,,1.2511656549661301e-05,452.6129750280006
1.3135391923990498,5530,0.6478090286254883,,1.2494061757719716e-05,453.4597180740002
1.3159144893111638,5540,0.6484304904937744,,1.247646696577813e-05,454.27884415100016
1.3182897862232779,5550,0.6570733070373536,,1.2458872173836545e-05,455.1067927740005
1.3206650831353919,5560,0.6402311325073242,,1.2441277381894961e-05,455.93786636500045
1.323040380047506,5570,0.638206958770752,,1.2423682589953374e-05,456.78261603900046
1.32541567695962,5580,0.6368590831756592,,1.240608779801179e-05,457.6747622390003
1.327790973871734,5590,0.645379114151001,,1.2388493006070203e-05,458.47687784000027
1.330166270783848,5600,0.6567169189453125,,1.237089821412862e-05,459.3214669460003
1.332541567695962,5610,0.6348724842071534,,1.2353303422187032e-05,460.1018260630008
1.334916864608076,5620,0.6410996913909912,,1.2335708630245449e-05,460.95227266300026
1.33729216152019,5630,0.6548185348510742,,1.2318113838303861e-05,461.85093944800064
1.339667458432304,5640,0.6516257286071777,,1.2300519046362278e-05,462.68773330300064
1.342042755344418,5650,0.6540120124816895,,1.2282924254420692e-05,463.55438102600056
1.344418052256532,5660,0.649242639541626,,1.2265329462479107e-05,464.3754597770003
1.3467933491686461,5670,0.6604301929473877,,1.2247734670537521e-05,465.30948440500015
1.3491686460807601,5680,0.6258210182189942,,1.2230139878595938e-05,466.14867920800043
1.3515439429928742,5690,0.6660599708557129,,1.221254508665435e-05,466.9915798920001
1.3539192399049882,5700,0.6598896980285645,,1.2194950294712767e-05,467.78699065800083
1.3562945368171022,5710,0.6161611080169678,,1.217735550277118e-05,468.5607099680001
1.3586698337292162,5720,0.6516972064971924,,1.2159760710829596e-05,469.39227686400045
1.36104513064133,5730,0.6869385719299317,,1.2142165918888009e-05,470.21307502200034
1.3634204275534443,5740,0.6551106452941895,,1.2124571126946425e-05,471.0824156970002
1.365795724465558,5750,0.6479717254638672,,1.2106976335004838e-05,471.82123275400045
1.3681710213776723,5760,0.6261989593505859,,1.2089381543063254e-05,472.58136001599996
1.3705463182897861,5770,0.6522147178649902,,1.2071786751121669e-05,473.45317625900043
1.3729216152019004,5780,0.6604886054992676,,1.2054191959180083e-05,474.241732212
1.3752969121140142,5790,0.6358971118927002,,1.2036597167238498e-05,475.0381574740004
1.3776722090261282,5800,0.6118762969970704,,1.2019002375296912e-05,475.8796899460003
1.3800475059382422,5810,0.6516890048980712,,1.2001407583355327e-05,476.6801889410008
1.3824228028503562,5820,0.6383915901184082,,1.1983812791413743e-05,477.5093089910006
1.3847980997624703,5830,0.637059497833252,,1.1966217999472156e-05,478.2797012730007
1.3871733966745843,5840,0.6557712554931641,,1.1948623207530572e-05,479.0723299090005
1.3895486935866983,5850,0.6785465717315674,,1.1931028415588987e-05,479.8223770370005
1.3919239904988123,5860,0.6431446552276612,,1.1913433623647402e-05,480.65210112800014
1.3942992874109263,5870,0.6175963878631592,,1.1895838831705818e-05,481.4048439620001
1.3966745843230404,5880,0.671317195892334,,1.187824403976423e-05,482.2313470230001
1.3990498812351544,5890,0.64544677734375,,1.1860649247822647e-05,482.9401592960003
1.4014251781472684,5900,0.6354910850524902,,1.184305445588106e-05,483.7322162750006
1.4038004750593824,5910,0.6514485359191895,,1.1825459663939476e-05,484.57001275700077
1.4061757719714965,5920,0.6507675647735596,,1.1807864871997889e-05,485.3704612420006
1.4085510688836105,5930,0.6454880237579346,,1.1790270080056305e-05,486.09503282600053
1.4109263657957245,5940,0.6516602039337158,,1.1772675288114718e-05,486.88199943700056
1.4133016627078385,5950,0.6541476249694824,,1.1755080496173134e-05,487.6633241040008
1.4156769596199525,5960,0.6359673976898194,,1.1737485704231549e-05,488.4842860630006
1.4180522565320666,5970,0.6293871402740479,,1.1719890912289963e-05,489.2392529810004
1.4204275534441806,5980,0.6336313724517822,,1.1702296120348378e-05,489.981616649
1.4228028503562946,5990,0.6474901676177979,,1.1684701328406794e-05,490.72092297900053
1.4251781472684084,6000,0.6716316223144532,,1.1667106536465207e-05,491.43771378600013
1.4275534441805227,6010,0.6657554149627686,,1.1649511744523623e-05,492.12732383
1.4299287410926365,6020,0.6492354869842529,,1.1631916952582036e-05,492.91387590200065
1.4323040380047507,6030,0.6378262519836426,,1.1614322160640452e-05,493.68077131100017
1.4346793349168645,6040,0.6643951416015625,,1.1596727368698865e-05,494.4423625160007
1.4370546318289787,6050,0.6315207481384277,,1.1579132576757282e-05,495.3056748320005
1.4394299287410925,6060,0.6585533618927002,,1.1561537784815694e-05,496.1689874600006
1.4418052256532066,6070,0.665140962600708,,1.154394299287411e-05,496.9551039280004
1.4441805225653206,6080,0.665735912322998,,1.1526348200932525e-05,497.7707669070005
1.4465558194774346,6090,0.660268497467041,,1.150875340899094e-05,498.6047339610004
1.4489311163895486,6100,0.6382242202758789,,1.1491158617049354e-05,499.3289225610006
1.4513064133016627,6110,0.660090160369873,,1.1473563825107769e-05,500.175906769
1.4536817102137767,6120,0.6628817558288574,,1.1455969033166184e-05,500.9807936700008
1.4560570071258907,6130,0.6455858230590821,,1.14383742412246e-05,501.8486467700004
1.4584323040380047,6140,0.6493089675903321,,1.1420779449283013e-05,502.7054363370007
1.4608076009501187,6150,0.6347723007202148,,1.1403184657341429e-05,503.5407571860005
1.4631828978622328,6160,0.6440718173980713,,1.1385589865399842e-05,504.3779430350005
1.4655581947743468,6170,0.6462944507598877,,1.1367995073458258e-05,505.1889447040003
1.4679334916864608,6180,0.6422732830047607,,1.1350400281516671e-05,505.9263659570006
1.4703087885985748,6190,0.6508398532867432,,1.1332805489575087e-05,506.658712251
1.4726840855106889,6200,0.6433765411376953,,1.13152106976335e-05,507.46303092200014
1.4750593824228029,6210,0.6477338790893554,,1.1297615905691916e-05,508.2336241290004
1.477434679334917,6220,0.6662922382354737,,1.128002111375033e-05,509.05704051200064
1.479809976247031,6230,0.6480610370635986,,1.1262426321808745e-05,509.86554611000065
1.482185273159145,6240,0.6370506763458252,,1.124483152986716e-05,510.6169148830004
1.484560570071259,6250,0.6627865791320801,,1.1227236737925575e-05,511.49356606700076
1.486935866983373,6260,0.6438463211059571,,1.1209641945983989e-05,512.3008761220008
1.489311163895487,6270,0.6585297584533691,,1.1192047154042405e-05,513.2000714410005
1.491686460807601,6280,0.6385229110717774,,1.1174452362100818e-05,513.9455696790001
1.4940617577197148,6290,0.6376272201538086,,1.1156857570159234e-05,514.8670670930005
1.496437054631829,6300,0.6645862579345703,,1.1139262778217647e-05,515.7119962900006
1.4988123515439429,6310,0.6383906841278076,,1.1121667986276064e-05,516.5557351800007
1.5011876484560571,6320,0.6613488674163819,,1.1104073194334476e-05,517.3524905920003
1.503562945368171,6330,0.6445884704589844,,1.1086478402392893e-05,518.1883795970007
1.5059382422802852,6340,0.6429872512817383,,1.1068883610451307e-05,518.9578087200007
1.508313539192399,6350,0.6413783550262451,,1.1051288818509722e-05,519.8930001680001
1.5106888361045132,6360,0.6454900741577149,,1.1033694026568136e-05,520.6804947740002
1.513064133016627,6370,0.6376511573791503,,1.1016099234626551e-05,521.3778551170008
1.5154394299287413,6380,0.6330241203308106,,1.0998504442684966e-05,522.1757497680001
1.517814726840855,6390,0.664923620223999,,1.0980909650743382e-05,522.9095960290006
1.520190023752969,6400,0.6662284374237061,,1.0963314858801795e-05,523.7408915670003
1.522565320665083,6410,0.6476531028747559,,1.0945720066860211e-05,524.648324754
1.5249406175771971,6420,0.6320208549499512,,1.0928125274918624e-05,525.5228097550007
1.5273159144893111,6430,0.627970027923584,,1.091053048297704e-05,526.3371361700001
1.5296912114014252,6440,0.6735279083251953,,1.0892935691035453e-05,527.1068561710008
1.5320665083135392,6450,0.6465482234954834,,1.0875340899093869e-05,527.9006578340004
1.5344418052256532,6460,0.6380659580230713,,1.0857746107152282e-05,528.7151060940005
1.5368171021377672,6470,0.6498149871826172,,1.0840151315210698e-05,529.4797664520001
1.5391923990498813,6480,0.6576196193695069,,1.0822556523269115e-05,530.311833578
1.5415676959619953,6490,0.6418682098388672,,1.0804961731327527e-05,531.1825494650002
1.5439429928741093,6500,0.6590835571289062,,1.0787366939385944e-05,532.0552370140003
1.5463182897862233,6510,0.6194513320922852,,1.0769772147444357e-05,532.865324675
1.5486935866983373,6520,0.6604968547821045,,1.0752177355502773e-05,533.6442702630002
1.5510688836104514,6530,0.6378450393676758,,1.0734582563561187e-05,534.4200845980004
1.5534441805225652,6540,0.6510251998901367,,1.0716987771619602e-05,535.2511766130001
1.5558194774346794,6550,0.642389965057373,,1.0699392979678016e-05,536.0060615550001
1.5581947743467932,6560,0.6312543869018554,,1.0681798187736431e-05,536.7001497040001
1.5605700712589075,6570,0.6489169120788574,,1.0664203395794846e-05,537.4750812120001
1.5629453681710213,6580,0.634533166885376,,1.0646608603853262e-05,538.2180309860005
1.5653206650831355,6590,0.6452246189117432,,1.0629013811911675e-05,539.0537019930007
1.5676959619952493,6600,0.6322389602661133,,1.0611419019970091e-05,539.8986942110005
1.5700712589073635,6610,0.6618444442749023,,1.0593824228028504e-05,540.6962992110002
1.5724465558194773,6620,0.6385012626647949,,1.057622943608692e-05,541.602429046
1.5748218527315916,6630,0.6436864376068115,,1.0558634644145333e-05,542.3787834990007
1.5771971496437054,6640,0.6222970962524415,,1.054103985220375e-05,543.1861508390002
1.5795724465558196,6650,0.6609900951385498,,1.0523445060262164e-05,544.0139384370004
1.5819477434679334,6660,0.6320833206176758,,1.0505850268320578e-05,544.8644636680001
1.5843230403800475,6670,0.6142210006713867,,1.0488255476378993e-05,545.6113313800006
1.5866983372921615,6680,0.662018871307373,,1.0470660684437407e-05,546.3640413460007
1.5890736342042755,6690,0.6502649784088135,,1.0453065892495822e-05,547.2196884860005
1.5914489311163895,6700,0.65547194480896,,1.0435471100554238e-05,547.9923529440002
1.5938242280285035,6710,0.6416244029998779,,1.0417876308612651e-05,548.825613985
1.5961995249406176,6720,0.6522664546966552,,1.0400281516671067e-05,549.673683682
1.5985748218527316,6730,0.6522060394287109,,1.038268672472948e-05,550.4645225930008
1.6009501187648456,6740,0.6533956050872802,,1.0365091932787897e-05,551.2842289890004
1.6033254156769596,6750,0.6452436447143555,,1.034749714084631e-05,552.0772505500008
1.6057007125890737,6760,0.6667624473571777,,1.0329902348904726e-05,552.9084697090002
1.6080760095011877,6770,0.6378786087036132,,1.0312307556963139e-05,553.7219771510008
1.6104513064133017,6780,0.6432353973388671,,1.0294712765021555e-05,554.4790568360004
1.6128266033254157,6790,0.6452820301055908,,1.027711797307997e-05,555.2795748180006
1.6152019002375297,6800,0.6434929847717286,,1.0259523181138384e-05,556.0969373150001
1.6175771971496435,6810,0.6408511638641358,,1.0241928389196798e-05,556.8276839330001
1.6199524940617578,6820,0.6333124160766601,,1.0224333597255213e-05,557.6843075330007
1.6223277909738716,6830,0.6495052337646484,,1.0206738805313628e-05,558.4339840340008
1.6247030878859858,6840,0.6366190433502197,,1.0189144013372044e-05,559.1689391090003
1.6270783847980996,6850,0.6576309680938721,,1.0171549221430457e-05,559.9920160990005
1.6294536817102139,6860,0.6448031902313233,,1.0153954429488873e-05,560.8734761340002
1.6318289786223277,6870,0.6430342197418213,,1.0136359637547286e-05,561.796270113
1.634204275534442,6880,0.6424407482147216,,1.0118764845605702e-05,562.7242546540001
1.6365795724465557,6890,0.6627330303192138,,1.0101170053664115e-05,563.6193698690004
1.63895486935867,6900,0.6454902648925781,,1.0083575261722531e-05,564.4628283730008
1.6413301662707838,6910,0.6569255352020263,,1.0065980469780944e-05,565.2765649800003
1.643705463182898,6920,0.639912223815918,,1.004838567783936e-05,565.968051973
1.6460807600950118,6930,0.645533275604248,,1.0030790885897775e-05,566.7237197290005
1.648456057007126,6940,0.6566880702972412,,1.001319609395619e-05,567.5585123680003
1.6508313539192399,6950,0.6507712364196777,,9.995601302014604e-06,568.3769052150001
1.6532066508313539,6960,0.6387080192565918,,9.97800651007302e-06,569.339631416
1.655581947743468,6970,0.641634750366211,,9.960411718131435e-06,570.1593267810003
1.657957244655582,6980,0.6335253238677978,,9.94281692618985e-06,570.9531591300001
1.660332541567696,6990,0.6520817756652832,,9.925222134248264e-06,571.6573298040003
1.66270783847981,7000,0.6339548587799072,,9.907627342306679e-06,572.4657097260006
1.665083135391924,7010,0.6409515857696533,,9.890032550365093e-06,573.2567464250005
1.667458432304038,7020,0.6424897670745849,,9.872437758423508e-06,573.9765798480003
1.669833729216152,7030,0.6477349758148193,,9.854842966481922e-06,574.8522546250006
1.672209026128266,7040,0.629047155380249,,9.837248174540337e-06,575.707297375
1.67458432304038,7050,0.6285067558288574,,9.819653382598751e-06,576.4446954120003
1.676959619952494,7060,0.638697624206543,,9.802058590657166e-06,577.2061791240003
1.6793349168646081,7070,0.6519382476806641,,9.78446379871558e-06,577.9715251940006
1.6817102137767221,7080,0.6370169639587402,,9.766869006773995e-06,578.7850913370003
1.6840855106888362,7090,0.6339878082275391,,9.74927421483241e-06,579.6604994660001
1.68646080760095,7100,0.6350808620452881,,9.731679422890826e-06,580.4621021560006
1.6888361045130642,7110,0.637081241607666,,9.71408463094924e-06,581.2876932490008
1.691211401425178,7120,0.6389979362487793,,9.696489839007655e-06,582.0644186900008
1.6935866983372923,7130,0.6237106323242188,,9.67889504706607e-06,582.9821998500001
1.695961995249406,7140,0.6325766563415527,,9.661300255124484e-06,585.3547088080004
1.6983372921615203,7150,0.674476957321167,,9.643705463182899e-06,586.6835486230002
1.700712589073634,7160,0.6358020782470704,,9.626110671241313e-06,591.4754041210008
1.7030878859857483,7170,0.6527696132659913,,9.608515879299728e-06,594.6095398330008
1.7054631828978621,7180,0.6445363521575928,,9.590921087358142e-06,595.8416216550004
1.7078384798099764,7190,0.622863483428955,,9.573326295416557e-06,597.1042367380005
1.7102137767220902,7200,0.6460968971252441,,9.555731503474971e-06,598.3865902650005
1.7125890736342044,7210,0.6476587295532227,,9.538136711533386e-06,599.689129974
1.7149643705463182,7220,0.6183215618133545,,9.5205419195918e-06,603.2399488290002
1.7173396674584323,7230,0.6384954452514648,,9.502947127650217e-06,605.2219525630007
1.7197149643705463,7240,0.6505977153778076,,9.485352335708631e-06,606.5324538020004
1.7220902612826603,7250,0.6334394454956055,,9.467757543767046e-06,607.7741048550006
1.7244655581947743,7260,0.6315689086914062,,9.45016275182546e-06,609.0960040710006
1.7268408551068883,7270,0.6158467769622803,,9.432567959883875e-06,610.2170141010001
1.7292161520190024,7280,0.6247302055358886,,9.41497316794229e-06,613.699714679
1.7315914489311164,7290,0.6400390148162842,,9.397378376000704e-06,615.8103708150002
1.7339667458432304,7300,0.6251303195953369,,9.379783584059119e-06,618.2762468790006
1.7363420427553444,7310,0.6432273864746094,,9.362188792117533e-06,619.5787416580006
1.7387173396674585,7320,0.652813196182251,,9.344594000175948e-06,620.8783320070006
1.7410926365795725,7330,0.6052897453308106,,9.326999208234362e-06,622.1557359520002
1.7434679334916865,7340,0.643917179107666,,9.309404416292777e-06,625.5986277360007
1.7458432304038005,7350,0.6266353607177735,,9.291809624351192e-06,627.3824115950001
1.7482185273159145,7360,0.6306806087493897,,9.274214832409608e-06,628.8601749480003
1.7505938242280283,7370,0.6213554382324219,,9.256620040468022e-06,630.0623664780005
1.7529691211401426,7380,0.6355997085571289,,9.239025248526437e-06,631.1468236340006
1.7553444180522564,7390,0.6132922172546387,,9.221430456584852e-06,632.3094128980001
1.7577197149643706,7400,0.6403111934661865,,9.203835664643266e-06,635.9699990280005
1.7600950118764844,7410,0.6073122024536133,,9.18624087270168e-06,638.5575192490005
1.7624703087885987,7420,0.6430977344512939,,9.168646080760095e-06,641.0003489430001
1.7648456057007125,7430,0.649094533920288,,9.151051288818511e-06,642.1861033640007
1.7672209026128267,7440,0.6487585544586182,,9.133456496876926e-06,643.3449411210004
1.7695961995249405,7450,0.6646773338317871,,9.11586170493534e-06,644.4519594650001
1.7719714964370548,7460,0.6436336994171142,,9.098266912993755e-06,645.5533595830002
1.7743467933491686,7470,0.6637802124023438,,9.08067212105217e-06,648.5232628420008
1.7767220902612828,7480,0.6285332202911377,,9.063077329110584e-06,651.7664660630007
1.7790973871733966,7490,0.6428492069244385,,9.045482537168999e-06,652.9685466840001
1.7814726840855108,7500,0.6289530277252198,,9.027887745227413e-06,654.1520539170006
1.7838479809976246,7510,0.6041727066040039,,9.010292953285828e-06,655.4262628730003
1.7862232779097387,7520,0.6703142642974853,,8.992698161344243e-06,656.6306502500001
1.7885985748218527,7530,0.6311157703399658,,8.975103369402657e-06,658.6746164870001
1.7909738717339667,7540,0.6638846874237061,,8.957508577461073e-06,662.6721135880007
1.7933491686460807,7550,0.6436808586120606,,8.939913785519488e-06,663.9108328720004
1.7957244655581948,7560,0.6353316307067871,,8.922318993577902e-06,665.0127417330004
1.7980997624703088,7570,0.6319756984710694,,8.904724201636317e-06,666.2884517210005
1.8004750593824228,7580,0.6364398956298828,,8.887129409694732e-06,667.4600349130005
1.8028503562945368,7590,0.639557933807373,,8.869534617753146e-06,668.6479491070004
1.8052256532066508,7600,0.6814875602722168,,8.85193982581156e-06,672.2199184420006
1.8076009501187649,7610,0.6319021224975586,,8.834345033869975e-06,675.6020650600003
1.809976247030879,7620,0.6532617092132569,,8.81675024192839e-06,677.0232525870006
1.812351543942993,7630,0.6268876075744629,,8.799155449986804e-06,678.1891346259999
1.814726840855107,7640,0.6328294277191162,,8.781560658045219e-06,679.316688891
1.817102137767221,7650,0.6273811817169189,,8.763965866103634e-06,680.6504337820006
1.8194774346793348,7660,0.6407493114471435,,8.746371074162048e-06,684.4755280020008
1.821852731591449,7670,0.6356101036071777,,8.728776282220464e-06,686.8833828570005
1.8242280285035628,7680,0.6222933769226074,,8.711181490278879e-06,688.0130654070008
1.826603325415677,7690,0.6264309406280517,,8.693586698337293e-06,689.2687968340006
1.8289786223277908,7700,0.6226693153381347,,8.675991906395708e-06,690.5681349490005
1.831353919239905,7710,0.6289829254150391,,8.658397114454123e-06,691.8859675470003
1.833729216152019,7720,0.6563270568847657,,8.640802322512537e-06,695.396578422
1.8361045130641331,7730,0.6538352966308594,,8.623207530570952e-06,697.4655262040005
1.838479809976247,7740,0.6383886337280273,,8.605612738629366e-06,698.8814130070004
1.8408551068883612,7750,0.6311521053314209,,8.588017946687781e-06,700.1414943960008
1.843230403800475,7760,0.6240246772766114,,8.570423154746195e-06,701.2835073870001
1.8456057007125892,7770,0.6432912826538086,,8.55282836280461e-06,702.7957675120006
1.847980997624703,7780,0.6269914627075195,,8.535233570863025e-06,707.5179337570007
1.850356294536817,7790,0.6348131179809571,,8.517638778921439e-06,708.8921156800006
1.852731591448931,7800,0.6442512512207031,,8.500043986979855e-06,710.1741757220007
1.855106888361045,7810,0.6429660320281982,,8.48244919503827e-06,711.4683972910007
1.8574821852731591,7820,0.637830114364624,,8.464854403096684e-06,712.8263761950002
1.8598574821852731,7830,0.6414366722106933,,8.447259611155099e-06,714.7686602350004
1.8622327790973872,7840,0.6196717262268067,,8.429664819213514e-06,719.0940937240002
1.8646080760095012,7850,0.642605209350586,,8.412070027271928e-06,720.2068906980003
1.8669833729216152,7860,0.6252532005310059,,8.394475235330343e-06,721.3844529910002
1.8693586698337292,7870,0.6222073078155518,,8.376880443388757e-06,722.5120656890003
1.8717339667458432,7880,0.6487210273742676,,8.359285651447172e-06,723.7221863680006
1.8741092636579573,7890,0.6278408527374267,,8.341690859505586e-06,725.0735282740006
1.8764845605700713,7900,0.6098742485046387,,8.324096067564001e-06,728.4347860739999
1.8788598574821853,7910,0.6323514938354492,,8.306501275622416e-06,731.5867095160002
1.8812351543942993,7920,0.6346032619476318,,8.28890648368083e-06,733.2609946300008
1.8836104513064131,7930,0.6178011417388916,,8.271311691739245e-06,734.3895357450001
1.8859857482185274,7940,0.6020218849182128,,8.253716899797661e-06,735.6084281930007
1.8883610451306412,7950,0.6270731925964356,,8.236122107856076e-06,736.6151677200005
1.8907363420427554,7960,0.6555912494659424,,8.21852731591449e-06,739.9900555880004
1.8931116389548692,7970,0.6265685558319092,,8.200932523972905e-06,740.8338395970004
1.8954869358669835,7980,0.6335275650024415,,8.18333773203132e-06,741.6372083000006
1.8978622327790973,7990,0.6625208377838134,,8.165742940089734e-06,742.4393577170003
1.9002375296912115,8000,0.6496045589447021,,8.148148148148148e-06,743.2350260470002
1.9026128266033253,8010,0.632194709777832,,8.130553356206563e-06,744.0044132400008
1.9049881235154396,8020,0.6255961894989014,,8.112958564264977e-06,744.8002950850005
1.9073634204275534,8030,0.6174441814422608,,8.095363772323392e-06,745.5527649430005
1.9097387173396676,8040,0.6609219074249267,,8.077768980381807e-06,746.319878499
1.9121140142517814,8050,0.6321290016174317,,8.060174188440221e-06,747.1101556010008
1.9144893111638956,8060,0.6431086540222168,,8.042579396498637e-06,747.9032711180007
1.9168646080760094,8070,0.6186012744903564,,8.024984604557052e-06,748.8513218650005
1.9192399049881235,8080,0.6600334167480468,,8.007389812615467e-06,749.7078848860001
1.9216152019002375,8090,0.6289809226989747,,7.989795020673881e-06,750.5409827400008
1.9239904988123515,8100,0.6343422889709472,,7.972200228732296e-06,751.3937082340008
1.9263657957244655,8110,0.6384807109832764,,7.954605436790712e-06,752.2168609350001
1.9287410926365796,8120,0.6557669162750244,,7.937010644849126e-06,752.9906512290008
1.9311163895486936,8130,0.618275260925293,,7.919415852907541e-06,753.8731983750004
1.9334916864608076,8140,0.6481829643249511,,7.901821060965956e-06,754.7910686900004
1.9358669833729216,8150,0.6271775245666504,,7.88422626902437e-06,755.5614032820004
1.9382422802850356,8160,0.6438632011413574,,7.866631477082785e-06,756.3687542100006
1.9406175771971497,8170,0.6257206916809082,,7.8490366851412e-06,757.226252505
1.9429928741092637,8180,0.6464929103851318,,7.831441893199614e-06,758.0580958410001
1.9453681710213777,8190,0.6204065799713134,,7.813847101258028e-06,758.8540561100008
1.9477434679334917,8200,0.6295453548431397,,7.796252309316443e-06,759.6370653260001
1.9501187648456058,8210,0.6361554145812989,,7.778657517374858e-06,760.4182245520005
1.9524940617577196,8220,0.6419981956481934,,7.761062725433272e-06,761.2197037960004
1.9548693586698338,8230,0.6365668296813964,,7.743467933491687e-06,761.9909539620003
1.9572446555819476,8240,0.6456277370452881,,7.725873141550101e-06,762.8318524510005
1.9596199524940618,8250,0.6174062252044678,,7.708278349608517e-06,763.6634388870007
1.9619952494061756,8260,0.6404910564422608,,7.690683557666932e-06,764.5207398600005
1.96437054631829,8270,0.6344475269317627,,7.673088765725347e-06,765.3187157560005
1.9667458432304037,8280,0.6385406494140625,,7.655493973783761e-06,766.1527665070007
1.969121140142518,8290,0.6516942501068115,,7.637899181842176e-06,766.9617621269999
1.9714964370546317,8300,0.6356185913085938,,7.62030438990059e-06,767.8073623420005
1.973871733966746,8310,0.6373748302459716,,7.602709597959005e-06,768.5344063060002
1.9762470308788598,8320,0.6244146823883057,,7.585114806017419e-06,769.3788432670008
1.978622327790974,8330,0.6643667697906495,,7.567520014075834e-06,770.198441083
1.9809976247030878,8340,0.623133373260498,,7.549925222134249e-06,770.95453516
1.9833729216152018,8350,0.6370202541351319,,7.532330430192664e-06,771.7561921640008
1.9857482185273159,8360,0.6669835090637207,,7.5147356382510785e-06,772.5891870100004
1.98812351543943,8370,0.6362409114837646,,7.497140846309493e-06,773.3524581330003
1.990498812351544,8380,0.6518785953521729,,7.479546054367908e-06,774.2427159230001
1.992874109263658,8390,0.6341594219207763,,7.461951262426322e-06,775.0440878940008
1.995249406175772,8400,0.6371084213256836,,7.444356470484737e-06,775.7641970280001
1.997624703087886,8410,0.6365905284881592,,7.426761678543152e-06,776.5892913500002
2.0,8420,0.6219827175140381,,7.409166886601567e-06,777.279597703
2.0,8420,,0.6312906742095947,,779.6898910140008
2.002375296912114,8430,0.6393893241882325,,7.391572094659981e-06,781.201812499
2.004750593824228,8440,0.6350228786468506,,7.373977302718396e-06,782.0548995550007
2.007125890736342,8450,0.6331893920898437,,7.35638251077681e-06,782.7967746450004
2.009501187648456,8460,0.6422762393951416,,7.338787718835225e-06,783.5333351230001
2.01187648456057,8470,0.6129727840423584,,7.3211929268936395e-06,784.3179162690003
2.014251781472684,8480,0.6104445457458496,,7.303598134952055e-06,785.1316832660004
2.016627078384798,8490,0.6336206436157227,,7.2860033430104695e-06,785.9583758450008
2.019002375296912,8500,0.642366886138916,,7.268408551068884e-06,786.7964085850008
2.021377672209026,8510,0.6569511890411377,,7.250813759127299e-06,787.6988770880007
2.02375296912114,8520,0.6412517070770264,,7.233218967185713e-06,788.4901070140004
2.026128266033254,8530,0.6357385158538819,,7.215624175244128e-06,789.2509329840004
2.0285035629453683,8540,0.6276630878448486,,7.198029383302543e-06,790.0253048029999
2.030878859857482,8550,0.6057929039001465,,7.180434591360958e-06,790.8063422520008
2.0332541567695963,8560,0.6448496818542481,,7.162839799419372e-06,791.6590770150005
2.03562945368171,8570,0.6254321098327636,,7.145245007477787e-06,792.4738996700007
2.0380047505938244,8580,0.6403944969177247,,7.127650215536201e-06,793.1556417480006
2.040380047505938,8590,0.628218698501587,,7.110055423594616e-06,793.9215709980008
2.0427553444180524,8600,0.6174407482147217,,7.0924606316530305e-06,794.7250228940002
2.045130641330166,8610,0.6210190773010253,,7.074865839711446e-06,795.4626533840001
2.0475059382422804,8620,0.6327569961547852,,7.0572710477698605e-06,796.251978841
2.0498812351543942,8630,0.6424973011016846,,7.039676255828275e-06,797.0228055820007
2.0522565320665085,8640,0.6193429946899414,,7.02208146388669e-06,797.8326743100006
2.0546318289786223,8650,0.6483165740966796,,7.004486671945104e-06,798.7091418580003
2.0570071258907365,8660,0.6464072704315186,,6.986891880003519e-06,799.4773190640008
2.0593824228028503,8670,0.6411601543426514,,6.969297088061934e-06,800.2680960110001
2.0617577197149646,8680,0.6188499450683593,,6.951702296120349e-06,801.02997332
2.0641330166270784,8690,0.6452163696289063,,6.934107504178763e-06,801.8793694080005
2.0665083135391926,8700,0.6368197917938232,,6.916512712237179e-06,802.740362005
2.0688836104513064,8710,0.6394682407379151,,6.898917920295593e-06,803.5006939080004
2.07125890736342,8720,0.622214937210083,,6.881323128354009e-06,804.2565147730002
2.0736342042755345,8730,0.6218565940856934,,6.863728336412423e-06,804.9827392710004
2.0760095011876483,8740,0.6252788543701172,,6.846133544470838e-06,805.8992471440006
2.0783847980997625,8750,0.6316677570343018,,6.828538752529252e-06,806.7097815950001
2.0807600950118763,8760,0.6376595020294189,,6.810943960587667e-06,807.5987370090006
2.0831353919239906,8770,0.6558748245239258,,6.7933491686460815e-06,808.4928727370007
2.0855106888361044,8780,0.6299220085144043,,6.775754376704496e-06,809.3208566210005
2.0878859857482186,8790,0.6475479125976562,,6.7581595847629114e-06,810.0847446780008
2.0902612826603324,8800,0.603832483291626,,6.740564792821326e-06,810.8724097660006
2.0926365795724466,8810,0.6240004062652588,,6.7229700008797406e-06,811.7285018340008
2.0950118764845604,8820,0.6338789939880372,,6.705375208938155e-06,812.6082750420001
2.0973871733966747,8830,0.645220136642456,,6.68778041699657e-06,813.3719344690007
2.0997624703087885,8840,0.6344943046569824,,6.670185625054984e-06,814.2105208160001
2.1021377672209027,8850,0.6330236434936524,,6.6525908331134e-06,815.1210873280006
2.1045130641330165,8860,0.6375422954559327,,6.634996041171814e-06,815.8980844080006
2.1068883610451308,8870,0.6269048690795899,,6.617401249230229e-06,816.7106788890005
2.1092636579572446,8880,0.6538371562957763,,6.599806457288643e-06,817.6066540540005
2.111638954869359,8890,0.633234167098999,,6.582211665347058e-06,818.4806125470004
2.1140142517814726,8900,0.6418535232543945,,6.5646168734054725e-06,819.3041185980001
2.116389548693587,8910,0.6425827026367188,,6.547022081463887e-06,820.0909183260001
2.1187648456057007,8920,0.6275382518768311,,6.5294272895223024e-06,820.8915159350008
2.121140142517815,8930,0.6185481548309326,,6.511832497580717e-06,821.6843840820002
2.1235154394299287,8940,0.6350194931030273,,6.4942377056391316e-06,822.4279254780004
2.125890736342043,8950,0.6357238292694092,,6.476642913697546e-06,823.1999359630008
2.1282660332541568,8960,0.6187214851379395,,6.459048121755961e-06,823.9744793310001
2.130641330166271,8970,0.6406462669372559,,6.441453329814375e-06,824.714086854
2.133016627078385,8980,0.6367860794067383,,6.423858537872791e-06,825.4669186680003
2.1353919239904986,8990,0.6357797145843506,,6.406263745931205e-06,826.3309622160004
2.137767220902613,9000,0.6380450248718261,,6.38866895398962e-06,827.0651027630001
2.1401425178147266,9010,0.6439732551574707,,6.371074162048034e-06,827.8780060540003
2.142517814726841,9020,0.6444391727447509,,6.353479370106449e-06,828.720411063
2.1448931116389547,9030,0.6256356716156006,,6.3358845781648635e-06,829.5109221440007
2.147268408551069,9040,0.6249859809875489,,6.318289786223278e-06,830.2767169640001
2.1496437054631827,9050,0.6251202583312988,,6.3006949942816934e-06,831.1141682770003
2.152019002375297,9060,0.6211628913879395,,6.283100202340108e-06,831.8712070410002
2.1543942992874108,9070,0.6332969188690185,,6.2655054103985226e-06,832.6219425830004
2.156769596199525,9080,0.6139823436737061,,6.247910618456937e-06,833.4676813260003
2.159144893111639,9090,0.6032066345214844,,6.230315826515352e-06,834.3314171669999
2.161520190023753,9100,0.6358106136322021,,6.212721034573766e-06,835.1747446420004
2.163895486935867,9110,0.6497626304626465,,6.195126242632181e-06,836.067674424
2.166270783847981,9120,0.6252037048339844,,6.177531450690596e-06,836.8616279620001
2.168646080760095,9130,0.6294904232025147,,6.159936658749011e-06,837.5878420220006
2.171021377672209,9140,0.5941572666168213,,6.142341866807425e-06,838.4604407940005
2.173396674584323,9150,0.6220588684082031,,6.12474707486584e-06,839.2763513950003
2.175771971496437,9160,0.6240611553192139,,6.1071522829242545e-06,840.0479743640008
2.178147268408551,9170,0.6351839542388916,,6.089557490982669e-06,840.9036762760006
2.1805225653206652,9180,0.6479338645935059,,6.0719626990410844e-06,841.7420935120008
2.182897862232779,9190,0.6010553359985351,,6.054367907099499e-06,842.5948702960004
2.1852731591448933,9200,0.6453097820281982,,6.0367731151579136e-06,843.3980898690006
2.187648456057007,9210,0.6107621192932129,,6.019178323216328e-06,844.1642956580008
2.1900237529691213,9220,0.6251481533050537,,6.001583531274743e-06,844.9452665960007
2.192399049881235,9230,0.6363248348236084,,5.983988739333157e-06,845.7506226260002
2.1947743467933494,9240,0.6316558837890625,,5.966393947391572e-06,846.65466285
2.197149643705463,9250,0.6270630836486817,,5.948799155449987e-06,847.4866570840004
2.199524940617577,9260,0.6385144233703614,,5.931204363508402e-06,848.335176261
2.201900237529691,9270,0.6030271053314209,,5.913609571566816e-06,849.1257406070008
2.204275534441805,9280,0.6070448875427246,,5.896014779625231e-06,849.8117202220001
2.2066508313539193,9290,0.641022777557373,,5.8784199876836455e-06,850.6552651210004
2.209026128266033,9300,0.6154902458190918,,5.86082519574206e-06,851.5341232660003
2.2114014251781473,9310,0.6198894023895264,,5.843230403800475e-06,852.4028458980001
2.213776722090261,9320,0.6135802268981934,,5.82563561185889e-06,853.26396423
2.2161520190023754,9330,0.649653434753418,,5.808040819917305e-06,854.1236677270008
2.218527315914489,9340,0.6485178947448731,,5.79044602797572e-06,854.9491259270008
2.2209026128266034,9350,0.6363502502441406,,5.7728512360341345e-06,855.8087428420004
2.223277909738717,9360,0.6178396224975586,,5.75525644409255e-06,856.6988259940008
2.2256532066508314,9370,0.6516977787017822,,5.7376616521509645e-06,857.4501217260004
2.2280285035629452,9380,0.6229080200195313,,5.720066860209379e-06,858.2177102700007
2.2304038004750595,9390,0.5979300022125245,,5.702472068267794e-06,859.0014666960005
2.2327790973871733,9400,0.6152167320251465,,5.684877276326208e-06,859.8677225179999
2.2351543942992875,9410,0.6451045036315918,,5.667282484384623e-06,860.6949500200008
2.2375296912114013,9420,0.6238649368286133,,5.649687692443037e-06,861.5963954280005
2.2399049881235156,9430,0.6505167007446289,,5.632092900501453e-06,862.4120789920007
2.2422802850356294,9440,0.6352122783660888,,5.614498108559867e-06,863.2071747890004
2.2446555819477436,9450,0.6361981391906738,,5.596903316618282e-06,863.9770575170005
2.2470308788598574,9460,0.6324820995330811,,5.579308524676696e-06,864.8914271240001
2.2494061757719717,9470,0.6293148040771485,,5.561713732735111e-06,865.7650135460008
2.2517814726840855,9480,0.6319331645965576,,5.5441189407935255e-06,866.5645014370002
2.2541567695961997,9490,0.6191864967346191,,5.526524148851941e-06,867.392962981
2.2565320665083135,9500,0.620411729812622,,5.5089293569103555e-06,868.2209388090005
2.2589073634204277,9510,0.6560239791870117,,5.49133456496877e-06,869.04174152
2.2612826603325415,9520,0.6128454208374023,,5.473739773027185e-06,869.9192505790006
2.2636579572446553,9530,0.6146655559539795,,5.456144981085599e-06,870.7569746470008
2.2660332541567696,9540,0.6331617355346679,,5.438550189144014e-06,871.5538809469999
2.268408551068884,9550,0.6318927764892578,,5.420955397202428e-06,872.3119860410006
2.2707838479809976,9560,0.6580261707305908,,5.403360605260844e-06,873.0751216530007
2.2731591448931114,9570,0.6295239448547363,,5.385765813319258e-06,873.9119893220004
2.2755344418052257,9580,0.6229490280151367,,5.368171021377673e-06,874.6916977870005
2.2779097387173395,9590,0.6262843132019043,,5.350576229436087e-06,875.439563932
2.2802850356294537,9600,0.6350244522094727,,5.332981437494502e-06,876.2367323160006
2.2826603325415675,9610,0.6177933692932129,,5.3153866455529165e-06,877.0008530170007
2.2850356294536818,9620,0.623230266571045,,5.297791853611331e-06,877.7506641770005
2.2874109263657956,9630,0.620047664642334,,5.2801970616697465e-06,878.608647387
2.28978622327791,9640,0.6263811111450195,,5.262602269728161e-06,879.4453585690007
2.2921615201900236,9650,0.6094251155853272,,5.245007477786576e-06,880.2061976570003
2.294536817102138,9660,0.6194578647613526,,5.22741268584499e-06,881.0399037810002
2.2969121140142517,9670,0.621065616607666,,5.209817893903405e-06,881.8289891710001
2.299287410926366,9680,0.629524040222168,,5.192223101961819e-06,882.5114977720004
2.3016627078384797,9690,0.6302250862121582,,5.174628310020235e-06,883.2829071790002
2.304038004750594,9700,0.650576114654541,,5.157033518078649e-06,884.2195011820004
2.3064133016627077,9710,0.624212646484375,,5.139438726137064e-06,884.9713822470003
2.308788598574822,9720,0.6449373722076416,,5.121843934195478e-06,885.7311209120007
2.311163895486936,9730,0.6531313419342041,,5.104249142253893e-06,886.5227232350007
2.31353919239905,9740,0.6284128665924072,,5.0866543503123075e-06,887.2661710790007
2.315914489311164,9750,0.6270814418792725,,5.069059558370722e-06,888.0725048310005
2.318289786223278,9760,0.6059404850006104,,5.0514647664291375e-06,888.9223555000008
2.320665083135392,9770,0.6341040134429932,,5.033869974487552e-06,889.7835262850003
2.323040380047506,9780,0.6321735858917237,,5.016275182545967e-06,890.6763876140003
2.32541567695962,9790,0.6322144508361817,,4.998680390604381e-06,891.5150347440003
2.3277909738717337,9800,0.6203157424926757,,4.981085598662796e-06,892.3288310930002
2.330166270783848,9810,0.664597749710083,,4.963490806721211e-06,893.0822004450001
2.332541567695962,9820,0.6343703746795655,,4.945896014779626e-06,894.0030971440001
2.334916864608076,9830,0.6555078029632568,,4.92830122283804e-06,894.8383043860003
2.33729216152019,9840,0.6318359375,,4.910706430896455e-06,895.6740921220007
2.339667458432304,9850,0.6545814514160156,,4.89311163895487e-06,896.4119635090001
2.342042755344418,9860,0.6133274555206298,,4.875516847013285e-06,897.2771129270004
2.344418052256532,9870,0.6404492378234863,,4.857922055071699e-06,898.0543738220003
2.346793349168646,9880,0.6191743850708008,,4.840327263130114e-06,898.8954145940006
2.34916864608076,9890,0.6249312400817871,,4.8227324711885285e-06,899.743981011
2.351543942992874,9900,0.6378288269042969,,4.805137679246943e-06,900.5297548060007
2.353919239904988,9910,0.6314159393310547,,4.7875428873053585e-06,901.3156064120003
2.356294536817102,9920,0.6302231311798095,,4.769948095363773e-06,902.186364921
2.3586698337292162,9930,0.6155988693237304,,4.752353303422188e-06,903.0408760200007
2.36104513064133,9940,0.5983448505401612,,4.734758511480602e-06,903.8312709440006
2.3634204275534443,9950,0.6059488773345947,,4.717163719539017e-06,904.5876303040004
2.365795724465558,9960,0.6216706752777099,,4.699568927597431e-06,905.394312417
2.3681710213776723,9970,0.6366916179656983,,4.681974135655846e-06,906.2183480680005
2.370546318289786,9980,0.6429612636566162,,4.664379343714261e-06,906.9938414500002
2.3729216152019004,9990,0.6355317115783692,,4.646784551772676e-06,907.8591795440007
2.375296912114014,10000,0.6233428955078125,,4.62918975983109e-06,908.6039136590007
2.3776722090261284,10010,0.6177819728851318,,4.611594967889505e-06,909.5197327170008
2.380047505938242,10020,0.6509036064147949,,4.5940001759479195e-06,910.2874607460008
2.3824228028503565,10030,0.6379807949066162,,4.576405384006334e-06,911.0377382340002
2.3847980997624703,10040,0.6385799407958984,,4.5588105920647495e-06,911.770345942
2.3871733966745845,10050,0.6346192359924316,,4.541215800123164e-06,912.5878898590008
2.3895486935866983,10060,0.621046781539917,,4.523621008181579e-06,913.4659462210002
2.391923990498812,10070,0.6537906169891358,,4.506026216239993e-06,914.2042556860006
2.3942992874109263,10080,0.6324233055114746,,4.488431424298408e-06,915.0420754209999
2.3966745843230406,10090,0.6117510795593262,,4.470836632356822e-06,915.7355474290007
2.3990498812351544,10100,0.6223156929016114,,4.453241840415237e-06,916.5532309230002
2.401425178147268,10110,0.6377159118652344,,4.435647048473652e-06,917.3016317910005
2.4038004750593824,10120,0.640422773361206,,4.418052256532067e-06,918.1212205310003
2.4061757719714967,10130,0.6183520317077636,,4.400457464590482e-06,918.9796233960005
2.4085510688836105,10140,0.6146379470825195,,4.382862672648897e-06,919.8795991060006
2.4109263657957243,10150,0.6298362731933593,,4.365267880707311e-06,920.6911682950004
2.4133016627078385,10160,0.6304026126861573,,4.347673088765726e-06,921.5781714270006
2.4156769596199523,10170,0.6437571048736572,,4.3300782968241405e-06,922.3608627809999
2.4180522565320666,10180,0.6396613121032715,,4.312483504882555e-06,923.1256695010006
2.4204275534441804,10190,0.6118484020233155,,4.29488871294097e-06,924.0618462620005
2.4228028503562946,10200,0.6333537578582764,,4.277293920999385e-06,924.8874676700007
2.4251781472684084,10210,0.6308284759521484,,4.2596991290578e-06,925.7378223190008
2.4275534441805227,10220,0.6483082294464111,,4.242104337116214e-06,926.5731259930008
2.4299287410926365,10230,0.5959347724914551,,4.224509545174629e-06,927.3873309790006
2.4323040380047507,10240,0.6257166862487793,,4.206914753233043e-06,928.2431058310003
2.4346793349168645,10250,0.631260347366333,,4.189319961291458e-06,929.119357394
2.4370546318289787,10260,0.6138675212860107,,4.171725169349872e-06,929.9470490040003
2.4394299287410925,10270,0.6244830131530762,,4.154130377408288e-06,930.7219626640008
2.441805225653207,10280,0.6244312763214112,,4.136535585466702e-06,931.4752956990005
2.4441805225653206,10290,0.6243880271911622,,4.118940793525117e-06,932.4501518070001
2.446555819477435,10300,0.651654577255249,,4.1013460015835315e-06,933.3832137210002
2.4489311163895486,10310,0.6281259536743165,,4.083751209641946e-06,934.2684279450004
2.451306413301663,10320,0.6212373733520508,,4.066156417700361e-06,935.155186645
2.4536817102137767,10330,0.6375806331634521,,4.048561625758776e-06,935.9994057200001
2.456057007125891,10340,0.6134346008300782,,4.030966833817191e-06,936.7723410070003
2.4584323040380047,10350,0.6286093711853027,,4.013372041875605e-06,937.5827348510002
2.460807600950119,10360,0.6120814323425293,,3.99577724993402e-06,938.3448144910008
2.4631828978622328,10370,0.6465779304504394,,3.978182457992434e-06,939.1004267390008
2.4655581947743466,10380,0.6335858345031739,,3.960587666050849e-06,939.9416412620003
2.467933491686461,10390,0.626951026916504,,3.942992874109263e-06,940.7720948670003
2.470308788598575,10400,0.6133801937103271,,3.925398082167679e-06,941.5092757570001
2.472684085510689,10410,0.6239134788513183,,3.907803290226093e-06,942.2565762130007
2.4750593824228027,10420,0.6285259246826171,,3.890208498284508e-06,943.1059209150008
2.477434679334917,10430,0.6357938289642334,,3.8726137063429225e-06,943.8921744130002
2.4798099762470307,10440,0.6554605007171631,,3.855018914401337e-06,944.620435414
2.482185273159145,10450,0.6358955383300782,,3.8374241224597525e-06,945.4405141010002
2.4845605700712587,10460,0.5968543529510498,,3.819829330518167e-06,946.3348908900007
2.486935866983373,10470,0.6506105422973633,,3.802234538576582e-06,947.2497142130005
2.489311163895487,10480,0.6211416721343994,,3.7846397466349966e-06,948.0319123130002
2.491686460807601,10490,0.6142557621002197,,3.767044954693411e-06,948.9347113660006
2.494061757719715,10500,0.6312545776367188,,3.749450162751826e-06,949.82240267
2.496437054631829,10510,0.6416522026062011,,3.7318553708102407e-06,950.6448217330008
2.498812351543943,10520,0.6192052364349365,,3.7142605788686553e-06,951.4667681870005
2.501187648456057,10530,0.6459201335906982,,3.69666578692707e-06,952.200946897
2.503562945368171,10540,0.620583963394165,,3.679070994985485e-06,953.077971191
2.505938242280285,10550,0.6265240669250488,,3.6614762030438994e-06,953.7870947210004
2.508313539192399,10560,0.6128128051757813,,3.643881411102314e-06,954.6189065260005
2.510688836104513,10570,0.6207534313201905,,3.626286619160729e-06,955.4363692280003
2.513064133016627,10580,0.6311497688293457,,3.6086918272191435e-06,956.270134931
2.5154394299287413,10590,0.6160767555236817,,3.591097035277558e-06,956.8744001370005
2.517814726840855,10600,0.649748420715332,,3.573502243335973e-06,957.6797426460007
2.520190023752969,10610,0.6035825729370117,,3.5559074513943876e-06,958.4828975290002
2.522565320665083,10620,0.6215407371520996,,3.538312659452802e-06,959.258420962
2.5249406175771973,10630,0.6369736194610596,,3.5207178675112167e-06,960.0137791530005
2.527315914489311,10640,0.6239482879638671,,3.5031230755696317e-06,960.8425224810007
2.529691211401425,10650,0.6067314147949219,,3.4855282836280463e-06,961.6281499050001
2.532066508313539,10660,0.616835069656372,,3.467933491686461e-06,962.4517028330001
2.5344418052256534,10670,0.6228235244750977,,3.450338699744876e-06,963.3113427200005
2.5368171021377672,10680,0.6101222515106202,,3.4327439078032904e-06,964.040604072
2.539192399049881,10690,0.6292583465576171,,3.415149115861705e-06,964.8183600270004
2.5415676959619953,10700,0.596793270111084,,3.39755432392012e-06,965.6914002200001
2.5439429928741095,10710,0.6180028915405273,,3.3799595319785345e-06,966.5364882960002
2.5463182897862233,10720,0.5974096298217774,,3.362364740036949e-06,967.469160744
2.548693586698337,10730,0.6376673698425293,,3.344769948095364e-06,968.2670337700001
2.5510688836104514,10740,0.6315493583679199,,3.3271751561537786e-06,969.0920920490007
2.553444180522565,10750,0.6250443458557129,,3.309580364212193e-06,969.8727444149999
2.5558194774346794,10760,0.6249077796936036,,3.2919855722706086e-06,970.697327809
2.558194774346793,10770,0.6321125984191894,,3.274390780329023e-06,971.5227330830003
2.5605700712589075,10780,0.6482244491577148,,3.2567959883874377e-06,972.3250066950004
2.5629453681710213,10790,0.6333751201629638,,3.2392011964458527e-06,973.084386132
2.5653206650831355,10800,0.6138350486755371,,3.2216064045042672e-06,973.9444136070006
2.5676959619952493,10810,0.6203597068786622,,3.204011612562682e-06,974.7048296160001
2.5700712589073635,10820,0.6212970733642578,,3.1864168206210968e-06,975.4859186880003
2.5724465558194773,10830,0.6123146533966064,,3.1688220286795113e-06,976.2785338370004
2.5748218527315916,10840,0.6257545948028564,,3.151227236737926e-06,976.9770412590005
2.5771971496437054,10850,0.6395004749298095,,3.1336324447963405e-06,977.7938739070005
2.5795724465558196,10860,0.6082759380340577,,3.1160376528547555e-06,978.5485075570004
2.5819477434679334,10870,0.6271980762481689,,3.09844286091317e-06,979.3177163250002
2.5843230403800472,10880,0.6403031826019288,,3.0808480689715846e-06,980.1867699230006
2.5866983372921615,10890,0.624827766418457,,3.0632532770299996e-06,981.0557990790003
2.5890736342042757,10900,0.6392235279083252,,3.045658485088414e-06,981.820743923
2.5914489311163895,10910,0.611638069152832,,3.0280636931468287e-06,982.5737061070004
2.5938242280285033,10920,0.6367446899414062,,3.0104689012052437e-06,983.378860064
2.5961995249406176,10930,0.5973341464996338,,2.9928741092636582e-06,984.1931077859999
2.598574821852732,10940,0.6170036315917968,,2.975279317322073e-06,984.958211911
2.6009501187648456,10950,0.6106902122497558,,2.9576845253804874e-06,985.8205498120005
2.6033254156769594,10960,0.6177310943603516,,2.9400897334389023e-06,986.6065346110008
2.6057007125890737,10970,0.6418575286865235,,2.922494941497317e-06,987.3595092530004
2.608076009501188,10980,0.5948407649993896,,2.9049001495557315e-06,988.167221576
2.6104513064133017,10990,0.6017649650573731,,2.8873053576141465e-06,988.9987099250002
2.6128266033254155,11000,0.6169106483459472,,2.869710565672561e-06,989.7885687730004
2.6152019002375297,11010,0.6172614097595215,,2.8521157737309756e-06,990.5260644360005
2.6175771971496435,11020,0.6467360019683838,,2.8345209817893906e-06,991.378452811
2.619952494061758,11030,0.635334825515747,,2.816926189847805e-06,992.1628275550001
2.6223277909738716,11040,0.6562112331390381,,2.7993313979062197e-06,993.0332237320008
2.624703087885986,11050,0.6175611972808838,,2.7817366059646343e-06,993.7799422100006
2.6270783847980996,11060,0.6482133865356445,,2.7641418140230492e-06,994.6842412610004
2.629453681710214,11070,0.6349237442016602,,2.746547022081464e-06,995.5100942320005
2.6318289786223277,11080,0.6018927574157715,,2.728952230139879e-06,996.290690201
2.634204275534442,11090,0.6227632522583008,,2.7113574381982938e-06,997.0552464740003
2.6365795724465557,11100,0.5982644081115722,,2.6937626462567083e-06,997.8697479520006
2.63895486935867,11110,0.5914719581604004,,2.6761678543151233e-06,998.602440746
2.6413301662707838,11120,0.6356417655944824,,2.658573062373538e-06,999.3631049330006
2.643705463182898,11130,0.6312890529632569,,2.6409782704319524e-06,1000.2620385440005
2.646080760095012,11140,0.622163200378418,,2.6233834784903674e-06,1001.0998806960006
2.648456057007126,11150,0.6071049690246582,,2.605788686548782e-06,1001.9085725530003
2.65083135391924,11160,0.5871713161468506,,2.5881938946071966e-06,1002.6876283420006
2.653206650831354,11170,0.6281829833984375,,2.570599102665611e-06,1003.5227137600004
2.655581947743468,11180,0.6470338344573975,,2.553004310724026e-06,1004.4346941400008
2.6579572446555817,11190,0.6319808006286621,,2.5354095187824407e-06,1005.2607180670002
2.660332541567696,11200,0.635897159576416,,2.5178147268408552e-06,1006.0274766060002
2.66270783847981,11210,0.5961568355560303,,2.5002199348992702e-06,1006.8495156000008
2.665083135391924,11220,0.6471512794494629,,2.4826251429576848e-06,1007.7112928080005
2.667458432304038,11230,0.6100778579711914,,2.4650303510160993e-06,1008.4766008750003
2.669833729216152,11240,0.6383219718933105,,2.4474355590745143e-06,1009.3130938190006
2.6722090261282663,11250,0.6343552112579346,,2.429840767132929e-06,1010.1277480880008
2.67458432304038,11260,0.6504020690917969,,2.4122459751913434e-06,1010.9044364910005
2.676959619952494,11270,0.6334308624267578,,2.394651183249758e-06,1011.7273841980004
2.679334916864608,11280,0.6278461456298828,,2.377056391308173e-06,1012.610400394
2.6817102137767224,11290,0.616762924194336,,2.3594615993665876e-06,1013.4906832410006
2.684085510688836,11300,0.6192276000976562,,2.341866807425002e-06,1014.3142187500007
2.68646080760095,11310,0.6122292041778564,,2.324272015483417e-06,1015.17315117
2.688836104513064,11320,0.6113670349121094,,2.306677223541832e-06,1015.9223887530006
2.691211401425178,11330,0.634490966796875,,2.2890824316002467e-06,1016.7178534100003
2.6935866983372923,11340,0.6498543739318847,,2.2714876396586612e-06,1017.5304835510005
2.695961995249406,11350,0.6143672943115235,,2.253892847717076e-06,1018.2898501850004
2.6983372921615203,11360,0.6281717777252197,,2.2362980557754908e-06,1019.1106858720004
2.700712589073634,11370,0.6110189914703369,,2.2187032638339053e-06,1019.9787282750003
2.7030878859857483,11380,0.6236044883728027,,2.20110847189232e-06,1020.73971712
2.705463182897862,11390,0.5953773975372314,,2.183513679950735e-06,1021.59149024
2.7078384798099764,11400,0.5975443363189697,,2.1659188880091494e-06,1022.3504507560001
2.71021377672209,11410,0.6136578559875489,,2.148324096067564e-06,1023.1547575660006
2.7125890736342044,11420,0.6243629455566406,,2.130729304125979e-06,1023.8875840660003
2.7149643705463182,11430,0.641066026687622,,2.1131345121843935e-06,1024.6578648820005
2.7173396674584325,11440,0.6477156639099121,,2.095539720242808e-06,1025.4971498120003
2.7197149643705463,11450,0.6387241363525391,,2.077944928301223e-06,1026.382495025
2.72209026128266,11460,0.6164057731628418,,2.0603501363596377e-06,1027.1985312790002
2.7244655581947743,11470,0.6046402454376221,,2.0427553444180522e-06,1027.9944259930007
2.7268408551068886,11480,0.6231720447540283,,2.025160552476467e-06,1028.7931608870003
2.7292161520190024,11490,0.6104100704193115,,2.0075657605348818e-06,1029.5816394520007
2.731591448931116,11500,0.6473776340484619,,1.9899709685932968e-06,1030.3878176390008
2.7339667458432304,11510,0.6186037063598633,,1.9723761766517113e-06,1031.143128269
2.7363420427553447,11520,0.6516355037689209,,1.954781384710126e-06,1031.9486624420006
2.7387173396674585,11530,0.614752197265625,,1.937186592768541e-06,1032.7695222770008
2.7410926365795723,11540,0.6219947814941407,,1.9195918008269554e-06,1033.5512113800005
2.7434679334916865,11550,0.6346377372741699,,1.90199700888537e-06,1034.2685607570002
2.7458432304038007,11560,0.649721097946167,,1.8844022169437848e-06,1035.1008508570003
2.7482185273159145,11570,0.5921189308166503,,1.8668074250021995e-06,1035.9120757140008
2.7505938242280283,11580,0.6146992683410645,,1.849212633060614e-06,1036.6715121300003
2.7529691211401426,11590,0.6212368011474609,,1.8316178411190289e-06,1037.3934600960001
2.7553444180522564,11600,0.592129898071289,,1.8140230491774436e-06,1038.1935976630002
2.7577197149643706,11610,0.6374014854431153,,1.7964282572358582e-06,1039.0246991130007
2.7600950118764844,11620,0.6513492107391358,,1.778833465294273e-06,1039.8095711840006
2.7624703087885987,11630,0.6269952297210694,,1.7612386733526875e-06,1040.5866006830001
2.7648456057007125,11640,0.6035226821899414,,1.7436438814111025e-06,1041.4266441220007
2.7672209026128267,11650,0.6372788906097412,,1.7260490894695173e-06,1042.1565590570008
2.7695961995249405,11660,0.617855167388916,,1.7084542975279319e-06,1043.0612393220008
2.7719714964370548,11670,0.6135107517242432,,1.6908595055863466e-06,1043.923113119
2.7743467933491686,11680,0.6295848846435547,,1.6732647136447614e-06,1044.7237276470005
2.776722090261283,11690,0.6149596214294434,,1.655669921703176e-06,1045.5242290220003
2.7790973871733966,11700,0.6003310203552246,,1.6380751297615907e-06,1046.3859257000004
2.781472684085511,11710,0.6188247680664063,,1.6204803378200053e-06,1047.1888314360003
2.7838479809976246,11720,0.634312629699707,,1.60288554587842e-06,1048.0022435130004
2.7862232779097384,11730,0.6207625389099121,,1.5852907539368349e-06,1048.861469814
2.7885985748218527,11740,0.6389002799987793,,1.5676959619952494e-06,1049.6291757980007
2.790973871733967,11750,0.6142240047454834,,1.5501011700536642e-06,1050.2988804230008
2.7933491686460807,11760,0.6536816120147705,,1.5325063781120788e-06,1051.1281792670006
2.7957244655581945,11770,0.6304948806762696,,1.5149115861704935e-06,1051.9314261160007
2.798099762470309,11780,0.6292337894439697,,1.4973167942289083e-06,1052.7303500020007
2.800475059382423,11790,0.6253052711486816,,1.4797220022873233e-06,1053.5292312780002
2.802850356294537,11800,0.6289436340332031,,1.4621272103457379e-06,1054.3610524320002
2.8052256532066506,11810,0.6210527420043945,,1.4445324184041526e-06,1055.179794793
2.807600950118765,11820,0.6253797054290772,,1.4269376264625672e-06,1055.9071742590004
2.809976247030879,11830,0.6359348297119141,,1.409342834520982e-06,1056.7112710090005
2.812351543942993,11840,0.6127706527709961,,1.3917480425793967e-06,1057.4955478070005
2.8147268408551067,11850,0.6404742240905762,,1.3741532506378113e-06,1058.274698743
2.817102137767221,11860,0.608211612701416,,1.356558458696226e-06,1059.1092436200006
2.8194774346793348,11870,0.5893007278442383,,1.3389636667546406e-06,1059.9235244930005
2.821852731591449,11880,0.6341649532318115,,1.3213688748130554e-06,1060.6959882220008
2.824228028503563,11890,0.6300165176391601,,1.3037740828714702e-06,1061.4267681150004
2.826603325415677,11900,0.6080826759338379,,1.2861792909298847e-06,1062.2711846760003
2.828978622327791,11910,0.6340716361999512,,1.2685844989882995e-06,1063.1207642750005
2.831353919239905,11920,0.6045180320739746,,1.250989707046714e-06,1063.9004063830007
2.833729216152019,11930,0.6122532844543457,,1.233394915105129e-06,1064.6899319220001
2.836104513064133,11940,0.6188156604766846,,1.2158001231635436e-06,1065.5677214040006
2.838479809976247,11950,0.6299674034118652,,1.1982053312219584e-06,1066.4485908800007
2.840855106888361,11960,0.617302942276001,,1.1806105392803732e-06,1067.2160921140003
2.843230403800475,11970,0.6206257343292236,,1.1630157473387877e-06,1067.9590947630004
2.8456057007125892,11980,0.6527314186096191,,1.1454209553972025e-06,1068.7988616350003
2.847980997624703,11990,0.6188407897949219,,1.1278261634556173e-06,1069.610973967
2.850356294536817,12000,0.6267666816711426,,1.110231371514032e-06,1070.3871680660004
2.852731591448931,12010,0.6273928642272949,,1.0926365795724466e-06,1071.2089644320004
2.8551068883610453,12020,0.6121675968170166,,1.0750417876308614e-06,1072.017473252
2.857482185273159,12030,0.6087652206420898,,1.057446995689276e-06,1072.807595659
2.859857482185273,12040,0.632082176208496,,1.0398522037476907e-06,1073.603261833
2.862232779097387,12050,0.6068216323852539,,1.0222574118061055e-06,1074.458042356
2.8646080760095014,12060,0.6290156364440918,,1.00466261986452e-06,1075.2657214160008
2.866983372921615,12070,0.6190036773681641,,9.87067827922935e-07,1076.0922660840006
2.869358669833729,12080,0.6365526199340821,,9.694730359813496e-07,1076.8530791470002
2.8717339667458432,12090,0.6275089740753174,,9.518782440397643e-07,1077.7318627860004
2.8741092636579575,12100,0.6270453453063964,,9.342834520981791e-07,1078.5336617340008
2.8764845605700713,12110,0.6387197971343994,,9.166886601565937e-07,1079.2930810120006
2.878859857482185,12120,0.6195917129516602,,8.990938682150084e-07,1080.1075178780002
2.8812351543942993,12130,0.6233346462249756,,8.814990762734231e-07,1080.9598585290005
2.883610451306413,12140,0.6415539741516113,,8.639042843318378e-07,1081.7835391670005
2.8859857482185274,12150,0.6243021011352539,,8.463094923902526e-07,1082.600162273
2.888361045130641,12160,0.6166287422180176,,8.287147004486673e-07,1083.4532226690008
2.8907363420427554,12170,0.6176205635070801,,8.11119908507082e-07,1084.2989674640003
2.8931116389548692,12180,0.6376182079315186,,7.935251165654967e-07,1085.1220669370005
2.8954869358669835,12190,0.594049072265625,,7.759303246239114e-07,1085.9624950050002
2.8978622327790973,12200,0.6112529754638671,,7.583355326823261e-07,1086.7925614190008
2.9002375296912115,12210,0.6154850959777832,,7.407407407407407e-07,1087.5746967310006
2.9026128266033253,12220,0.6371021747589112,,7.231459487991555e-07,1088.3661525050002
2.9049881235154396,12230,0.6448438167572021,,7.055511568575703e-07,1089.1425399710006
2.9073634204275534,12240,0.6214078903198242,,6.879563649159849e-07,1089.9710664560007
2.9097387173396676,12250,0.607361125946045,,6.703615729743996e-07,1090.822198162
2.9121140142517814,12260,0.6129207611083984,,6.527667810328144e-07,1091.5781354570008
2.9144893111638956,12270,0.5986480236053466,,6.351719890912291e-07,1092.3252712470003
2.9168646080760094,12280,0.6052878379821778,,6.175771971496437e-07,1093.1202329320004
2.9192399049881237,12290,0.6110584735870361,,5.999824052080585e-07,1093.8964681400003
2.9216152019002375,12300,0.6088606834411621,,5.823876132664732e-07,1094.8084547030003
2.9239904988123513,12310,0.611077356338501,,5.647928213248878e-07,1095.6189111990006
2.9263657957244655,12320,0.6352382183074952,,5.471980293833026e-07,1096.4256939820007
2.92874109263658,12330,0.6171844482421875,,5.296032374417173e-07,1097.1930793050005
2.9311163895486936,12340,0.6204535484313964,,5.12008445500132e-07,1097.9809979070005
2.9334916864608074,12350,0.6456608295440673,,4.944136535585467e-07,1098.8124276410008
2.9358669833729216,12360,0.6348432540893555,,4.768188616169614e-07,1099.573297944
2.938242280285036,12370,0.6279901027679443,,4.5922406967537616e-07,1100.3818155870003
2.9406175771971497,12380,0.6211905956268311,,4.416292777337908e-07,1101.1801555400007
2.9429928741092635,12390,0.6177021026611328,,4.2403448579220555e-07,1101.9982306400007
2.9453681710213777,12400,0.6164782524108887,,4.064396938506202e-07,1102.7148038920004
2.947743467933492,12410,0.6213239192962646,,3.88844901909035e-07,1103.5157695890002
2.9501187648456058,12420,0.630744457244873,,3.7125010996744966e-07,1104.3449036050006
2.9524940617577196,12430,0.5975069999694824,,3.536553180258644e-07,1105.1125042720005
2.954869358669834,12440,0.6029443264007568,,3.3606052608427905e-07,1105.992845324
2.9572446555819476,12450,0.6445165157318116,,3.184657341426938e-07,1106.824409549
2.959619952494062,12460,0.6078252792358398,,3.008709422011085e-07,1107.6845077030002
2.9619952494061756,12470,0.5909595012664794,,2.832761502595232e-07,1108.4204604650004
2.96437054631829,12480,0.6078707218170166,,2.6568135831793793e-07,1109.16892232
2.9667458432304037,12490,0.605869722366333,,2.480865663763526e-07,1109.9403903000002
2.969121140142518,12500,0.6302359104156494,,2.3049177443476735e-07,1110.7748864670002
2.9714964370546317,12510,0.6210039138793946,,2.1289698249318201e-07,1111.6229405600006
2.973871733966746,12520,0.6033225059509277,,1.9530219055159676e-07,1112.3792450200008
2.97624703087886,12530,0.6216888904571534,,1.7770739861001143e-07,1113.2066152510006
2.978622327790974,12540,0.6152815341949462,,1.6011260666842618e-07,1114.0390332570005
2.980997624703088,12550,0.6467437744140625,,1.4251781472684087e-07,1114.8341704890008
2.983372921615202,12560,0.602501916885376,,1.249230227852556e-07,1115.617800248
2.985748218527316,12570,0.5961179256439209,,1.0732823084367029e-07,1116.4653051510004
2.9881235154394297,12580,0.6274964809417725,,8.9733438902085e-08,1117.237494893
2.990498812351544,12590,0.6185942649841308,,7.213864696049969e-08,1117.9682179860001
2.992874109263658,12600,0.6230100631713867,,5.45438550189144e-08,1118.6741816830008
2.995249406175772,12610,0.6206309795379639,,3.694906307732912e-08,1119.4807625420008
2.9976247030878858,12620,0.6347695350646972,,1.9354271135743822e-08,1120.2852991560003
3.0,12630,0.6098669528961181,,1.7594791941585293e-09,1121.0891137000008
3.0,12630,,0.618046760559082,,1123.5006548170004
3.0,12630,,,,1124.144638148
