epoch,step,loss,eval_loss,learning_rate,elapsed_seconds
0.0023752969121140144,10,0.6909952163696289,,1.4251781472684087e-07,1.4204237170015404
0.004750593824228029,20,0.6872042655944824,,3.008709422011085e-07,2.246053496000968
0.007125890736342043,30,0.676093864440918,,4.5922406967537616e-07,3.1435348850009177
0.009501187648456057,40,0.6897751808166503,,6.175771971496437e-07,3.960377196000991
0.011876484560570071,50,0.7088481903076171,,7.759303246239114e-07,4.726725915001225
0.014251781472684086,60,0.694291353225708,,9.342834520981791e-07,5.563734135999766
0.0166270783847981,70,0.7209449768066406,,1.0926365795724466e-06,6.403321425001195
0.019002375296912115,80,0.685373592376709,,1.250989707046714e-06,7.281033269000545
0.021377672209026127,90,0.7083042144775391,,1.409342834520982e-06,8.255062643000201
0.023752969121140142,100,0.6695653438568115,,1.5676959619952494e-06,9.14182161500139
0.026128266033254157,110,0.6635828495025635,,1.7260490894695173e-06,9.931355268001425
0.028503562945368172,120,0.6565142631530761,,1.8844022169437848e-06,10.795971812000062
0.030878859857482184,130,0.721525001525879,,2.0427553444180522e-06,11.676349797000512
0.0332541567695962,140,0.7022858142852784,,2.20110847189232e-06,12.462961659000939
0.035629453681710214,150,0.7073082447052002,,2.3594615993665876e-06,13.276305714000046
0.03800475059382423,160,0.7080254554748535,,2.5178147268408552e-06,14.202104944000894
0.040380047505938245,170,0.6758752346038819,,2.6761678543151233e-06,15.052457334000792
0.04275534441805225,180,0.7013209819793701,,2.8345209817893906e-06,15.958102638000128
0.04513064133016627,190,0.6894420623779297,,2.9928741092636582e-06,16.777050481001424
0.047505938242280284,200,0.6999263763427734,,3.151227236737926e-06,17.59921479700097
0.0498812351543943,210,0.6817790031433105,,3.309580364212193e-06,18.437971949000712
0.052256532066508314,220,0.6784059524536132,,3.467933491686461e-06,19.22655744400072
0.05463182897862233,230,0.6669828414916992,,3.626286619160729e-06,20.087022056000933
0.057007125890736345,240,0.6949848651885986,,3.7846397466349966e-06,21.03424719600116
0.05938242280285035,250,0.6885694980621337,,3.942992874109263e-06,21.845568556000217
0.06175771971496437,260,0.6982134819030762,,4.1013460015835315e-06,22.66418843000065
0.06413301662707839,270,0.6854968547821045,,4.2596991290578e-06,23.565486182000313
0.0665083135391924,280,0.7026664733886718,,4.418052256532067e-06,24.420479993999834
0.0688836104513064,290,0.6886507987976074,,4.576405384006334e-06,25.26823894700101
0.07125890736342043,300,0.6836661338806153,,4.734758511480602e-06,26.107141512000453
0.07363420427553444,310,0.6839389801025391,,4.89311163895487e-06,26.94135957600156
0.07600950118764846,320,0.6946102142333984,,5.0514647664291375e-06,28.512503351001214
0.07838479809976247,330,0.7074516296386719,,5.209817893903405e-06,30.56244326900014
0.08076009501187649,340,0.6807295799255371,,5.368171021377673e-06,32.58824737800023
0.0831353919239905,350,0.6998211860656738,,5.526524148851941e-06,34.80203482400066
0.0855106888361045,360,0.6878850936889649,,5.684877276326208e-06,36.97439876300086
0.08788598574821853,370,0.6968381881713868,,5.843230403800475e-06,39.20637215700117
0.09026128266033254,380,0.7038145065307617,,6.001583531274743e-06,40.4945218440007
0.09263657957244656,390,0.670769453048706,,6.159936658749011e-06,41.89185491399985
0.09501187648456057,400,0.6863399505615234,,6.318289786223278e-06,43.26668151100057
0.09738717339667459,410,0.6991937160491943,,6.476642913697546e-06,44.52453931000127
0.0997624703087886,420,0.667822790145874,,6.634996041171814e-06,46.91977303800013
0.1021377672209026,430,0.6774874687194824,,6.7933491686460815e-06,49.04266617900066
0.10451306413301663,440,0.6987863540649414,,6.951702296120349e-06,50.901994700001524
0.10688836104513064,450,0.6818365097045899,,7.110055423594616e-06,52.27458273600132
0.10926365795724466,460,0.6796812057495117,,7.268408551068884e-06,53.72009722199982
0.11163895486935867,470,0.7035833835601807,,7.426761678543152e-06,55.69460312600131
0.11401425178147269,480,0.6804105758666992,,7.585114806017419e-06,57.87911894100034
0.1163895486935867,490,0.6820259094238281,,7.743467933491687e-06,60.061021047000395
0.1187648456057007,500,0.6701354026794434,,7.901821060965956e-06,61.43286958899989
0.12114014251781473,510,0.683693790435791,,8.060174188440221e-06,63.66225847399983
0.12351543942992874,520,0.681255578994751,,8.21852731591449e-06,65.07213339000009
0.12589073634204276,530,0.6741137981414795,,8.376880443388757e-06,66.31331101500109
0.12826603325415678,540,0.6780647277832031,,8.535233570863025e-06,68.39569484500134
0.13064133016627077,550,0.6915422439575195,,8.693586698337293e-06,70.51681025800099
0.1330166270783848,560,0.7027145385742187,,8.85193982581156e-06,72.65650599699984
0.13539192399049882,570,0.680630111694336,,9.010292953285828e-06,74.78713297200011
0.1377672209026128,580,0.6759060382843017,,9.168646080760095e-06,76.21743268099999
0.14014251781472684,590,0.6702172756195068,,9.326999208234362e-06,77.5152590130001
0.14251781472684086,600,0.6707529544830322,,9.485352335708631e-06,78.92082257900074
0.14489311163895488,610,0.693396806716919,,9.643705463182899e-06,80.6148728670014
0.14726840855106887,620,0.6853765487670899,,9.802058590657166e-06,82.7937035490013
0.1496437054631829,630,0.6892770767211914,,9.960411718131435e-06,85.67319800900077
0.15201900237529692,640,0.6615550994873047,,1.0118764845605702e-05,88.46686144300111
0.1543942992874109,650,0.673015022277832,,1.027711797307997e-05,90.68286186099976
0.15676959619952494,660,0.6962064743041992,,1.0435471100554238e-05,92.64404332200138
0.15914489311163896,670,0.6708112239837647,,1.0593824228028504e-05,95.51987513000131
0.16152019002375298,680,0.6669353008270263,,1.0752177355502773e-05,97.53234266100117
0.16389548693586697,690,0.6701550483703613,,1.091053048297704e-05,101.23597328100004
0.166270783847981,700,0.6565978527069092,,1.1068883610451307e-05,102.5871021490002
0.16864608076009502,710,0.6733009338378906,,1.1227236737925575e-05,104.64964810499987
0.171021377672209,720,0.6581817626953125,,1.1385589865399842e-05,106.69932597500156
0.17339667458432304,730,0.6741592884063721,,1.154394299287411e-05,110.42256158500095
0.17577197149643706,740,0.663017988204956,,1.1702296120348378e-05,112.73458392700013
0.17814726840855108,750,0.6441858291625977,,1.1860649247822647e-05,114.01013787800002
0.18052256532066507,760,0.6410859584808349,,1.2019002375296912e-05,115.35291745700124
0.1828978622327791,770,0.6376511573791503,,1.217735550277118e-05,116.65104879400133
0.18527315914489312,780,0.6184743881225586,,1.2335708630245449e-05,118.02038338700004
0.1876484560570071,790,0.6201022148132325,,1.2494061757719716e-05,119.48784459600029
0.19002375296912113,800,0.6082345962524414,,1.2652414885193985e-05,121.5662277270003
0.19239904988123516,810,0.5901290893554687,,1.281076801266825e-05,125.10192124000059
0.19477434679334918,820,0.5917978286743164,,1.296912114014252e-05,126.43671675500082
0.19714964370546317,830,0.504726791381836,,1.3127474267616787e-05,127.72701990000132
0.1995249406175772,840,0.5034101486206055,,1.3285827395091054e-05,129.25382728000113
0.20190023752969122,850,0.5367326736450195,,1.3444180522565323e-05,130.4999113470003
0.2042755344418052,860,0.4425216197967529,,1.3602533650039588e-05,132.7848464480012
0.20665083135391923,870,0.4103429317474365,,1.3760886777513857e-05,135.01048719900064
0.20902612826603326,880,0.42339072227478025,,1.3919239904988124e-05,137.9518424329999
0.21140142517814728,890,0.4862717628479004,,1.4077593032462393e-05,139.9856677050011
0.21377672209026127,900,0.43158135414123533,,1.423594615993666e-05,141.25048481700105
0.2161520190023753,910,0.3546705961227417,,1.4394299287410926e-05,142.58174539600077
0.21852731591448932,920,0.38943090438842776,,1.4552652414885195e-05,143.9876766289999
0.2209026128266033,930,0.4183657169342041,,1.4711005542359462e-05,145.973732501001
0.22327790973871733,940,0.3515237092971802,,1.4869358669833731e-05,148.07962247600153
0.22565320665083136,950,0.36326990127563474,,1.5027711797307999e-05,150.41360236000037
0.22802850356294538,960,0.29164752960205076,,1.5186064924782268e-05,152.51131236900073
0.23040380047505937,970,0.34556472301483154,,1.5344418052256533e-05,153.76071099600085
0.2327790973871734,980,0.3400046586990356,,1.55027711797308e-05,155.03494732000036
0.23515439429928742,990,0.3843698978424072,,1.5661124307205068e-05,156.28159521700036
0.2375296912114014,1000,0.3865539312362671,,1.5819477434679335e-05,158.4599613900009
0.23990498812351543,1010,0.2984916687011719,,1.5977830562153605e-05,160.5937587970002
0.24228028503562946,1020,0.32579522132873534,,1.6136183689627873e-05,162.75429977500062
0.24465558194774348,1030,0.32512242794036866,,1.629453681710214e-05,164.8819982010009
0.24703087885985747,1040,0.35547919273376466,,1.6452889944576407e-05,166.23530567300077
0.2494061757719715,1050,0.39417564868927,,1.6611243072050674e-05,168.30743614200037
0.2517814726840855,1060,0.3492158889770508,,1.676959619952494e-05,170.43108828300137
0.25415676959619954,1070,0.32658920288085935,,1.692794932699921e-05,172.5485463540008
0.25653206650831356,1080,0.3343919515609741,,1.708630245447348e-05,174.66438770400055
0.2589073634204275,1090,0.2964667558670044,,1.7244655581947743e-05,176.7590058400001
0.26128266033254155,1100,0.34863526821136476,,1.7403008709422014e-05,178.0669082430013
0.26365795724465557,1110,0.34005658626556395,,1.756136183689628e-05,179.31061186599982
0.2660332541567696,1120,0.3245765924453735,,1.7719714964370545e-05,180.6088212049999
0.2684085510688836,1130,0.2888014316558838,,1.7878068091844816e-05,182.87778787000025
0.27078384798099764,1140,0.305373215675354,,1.8036421219319083e-05,184.93044876800013
0.27315914489311166,1150,0.38288729190826415,,1.819477434679335e-05,187.07574474000103
0.2755344418052256,1160,0.33783516883850095,,1.8353127474267618e-05,189.20284968899978
0.27790973871733965,1170,0.2612031936645508,,1.8511480601741888e-05,190.36655104400052
0.28028503562945367,1180,0.27687892913818357,,1.8669833729216152e-05,191.55365341200013
0.2826603325415677,1190,0.2527207374572754,,1.882818685669042e-05,193.65353685800073
0.2850356294536817,1200,0.37814147472381593,,1.898653998416469e-05,195.82705372200144
0.28741092636579574,1210,0.3867999315261841,,1.9144893111638957e-05,197.8693134410005
0.28978622327790976,1220,0.2946100950241089,,1.9303246239113224e-05,199.89688672100056
0.2921615201900237,1230,0.24732370376586915,,1.946159936658749e-05,201.24538939600097
0.29453681710213775,1240,0.39983580112457273,,1.961995249406176e-05,202.4879554449999
0.29691211401425177,1250,0.30625479221343993,,1.9778305621536026e-05,203.74767111599976
0.2992874109263658,1260,0.24325237274169922,,1.9936658749010293e-05,205.9314232880006
0.3016627078384798,1270,0.35362467765808103,,1.998944312483505e-05,207.9724915220013
0.30403800475059384,1280,0.39155595302581786,,1.9971848332893464e-05,210.12563872800092
0.30641330166270786,1290,0.35958256721496584,,1.995425354095188e-05,211.3653785000006
0.3087885985748218,1300,0.32351949214935305,,1.9936658749010293e-05,212.66438032800033
0.31116389548693585,1310,0.30305421352386475,,1.991906395706871e-05,213.91967334500077
0.31353919239904987,1320,0.22635138034820557,,1.9901469165127123e-05,215.24982635300148
0.3159144893111639,1330,0.3919683456420898,,1.988387437318554e-05,217.5639665280014
0.3182897862232779,1340,0.2922110319137573,,1.986627958124395e-05,219.55709721600033
0.32066508313539194,1350,0.28372128009796144,,1.9848684789302368e-05,222.0433801700001
0.32304038004750596,1360,0.2603677988052368,,1.983108999736078e-05,223.69733006500064
0.3254156769596199,1370,0.2581339359283447,,1.9813495205419197e-05,225.08961416200145
0.32779097387173395,1380,0.2725170135498047,,1.979590041347761e-05,226.35185713400097
0.33016627078384797,1390,0.3183873653411865,,1.9778305621536026e-05,227.568012654001
0.332541567695962,1400,0.3011869668960571,,1.9760710829594442e-05,229.6205654690002
0.334916864608076,1410,0.3376604557037354,,1.9743116037652855e-05,231.36164022500088
0.33729216152019004,1420,0.28890702724456785,,1.972552124571127e-05,233.33274553900083
0.33966745843230406,1430,0.2778378248214722,,1.9707926453769684e-05,235.61301008400005
0.342042755344418,1440,0.25510969161987307,,1.96903316618281e-05,237.44329915600065
0.34441805225653205,1450,0.21565544605255127,,1.9672736869886514e-05,238.98402726099994
0.34679334916864607,1460,0.18248848915100097,,1.965514207794493e-05,241.19824490800056
0.3491686460807601,1470,0.41188750267028806,,1.9637547286003346e-05,242.30228040800102
0.3515439429928741,1480,0.4563312530517578,,1.961995249406176e-05,243.15777209000044
0.35391923990498814,1490,0.32662715911865237,,1.9602357702120175e-05,243.99403840500054
0.35629453681710216,1500,0.27904562950134276,,1.9584762910178588e-05,244.78166797000085
0.3586698337292161,1510,0.31881964206695557,,1.9567168118237004e-05,245.53885307100063
0.36104513064133015,1520,0.25014462471008303,,1.954957332629542e-05,246.3597430860009
0.36342042755344417,1530,0.31391105651855467,,1.9531978534353833e-05,247.10272396300024
0.3657957244655582,1540,0.33831286430358887,,1.951438374241225e-05,247.9249803849998
0.3681710213776722,1550,0.3800802707672119,,1.9496788950470663e-05,248.77154961700035
0.37054631828978624,1560,0.2150575637817383,,1.947919415852908e-05,249.5872996800008
0.37292161520190026,1570,0.2984546899795532,,1.946159936658749e-05,250.4578512070002
0.3752969121140142,1580,0.23760633468627929,,1.9444004574645908e-05,251.2817142340009
0.37767220902612825,1590,0.3117902517318726,,1.942640978270432e-05,252.16135697299978
0.38004750593824227,1600,0.29077467918395994,,1.9408814990762737e-05,252.94245449000118
0.3824228028503563,1610,0.3008002042770386,,1.939122019882115e-05,253.7777357520008
0.3847980997624703,1620,0.22887566089630126,,1.9373625406879566e-05,254.6089351210012
0.38717339667458434,1630,0.353424072265625,,1.935603061493798e-05,255.4046591540009
0.38954869358669836,1640,0.27980029582977295,,1.9338435822996395e-05,256.2956405950008
0.3919239904988123,1650,0.36814274787902834,,1.9320841031054808e-05,257.1439763220005
0.39429928741092635,1660,0.25898525714874265,,1.9303246239113224e-05,257.93549687000086
0.39667458432304037,1670,0.26763019561767576,,1.9285651447171637e-05,258.86515068300105
0.3990498812351544,1680,0.3216864109039307,,1.9268056655230054e-05,259.7672184100011
0.4014251781472684,1690,0.23224587440490724,,1.9250461863288466e-05,260.6455620500001
0.40380047505938244,1700,0.24490132331848144,,1.9232867071346883e-05,261.52922221800145
0.40617577197149646,1710,0.2430800199508667,,1.9215272279405296e-05,262.3876621140007
0.4085510688836104,1720,0.3042247533798218,,1.9197677487463712e-05,263.2921181560014
0.41092636579572445,1730,0.3125969409942627,,1.9180082695522128e-05,264.1347056270006
0.41330166270783847,1740,0.3267059803009033,,1.916248790358054e-05,265.0485041060001
0.4156769596199525,1750,0.2621800422668457,,1.9144893111638957e-05,265.917687991001
0.4180522565320665,1760,0.26629598140716554,,1.912729831969737e-05,266.75578454100105
0.42042755344418054,1770,0.2562995672225952,,1.9109703527755786e-05,267.7176165380006
0.42280285035629456,1780,0.2780888080596924,,1.9092108735814203e-05,268.6599847380003
0.4251781472684085,1790,0.28308901786804197,,1.9074513943872615e-05,269.47614727100154
0.42755344418052255,1800,0.3395249843597412,,1.905691915193103e-05,270.3137241460008
0.42992874109263657,1810,0.315816855430603,,1.9039324359989445e-05,271.0867708000005
0.4323040380047506,1820,0.2688075065612793,,1.902172956804786e-05,271.94231396600117
0.4346793349168646,1830,0.32208068370819093,,1.9004134776106274e-05,272.79632362600023
0.43705463182897863,1840,0.3326110363006592,,1.898653998416469e-05,273.63751006200073
0.43942992874109266,1850,0.24953269958496094,,1.8968945192223103e-05,274.5561538740003
0.4418052256532066,1860,0.26640584468841555,,1.895135040028152e-05,275.44029138100086
0.44418052256532065,1870,0.290111780166626,,1.8933755608339932e-05,276.28156065300027
0.44655581947743467,1880,0.2953481912612915,,1.8916160816398348e-05,277.11467044100027
0.4489311163895487,1890,0.2881463050842285,,1.889856602445676e-05,278.08290880800087
0.4513064133016627,1900,0.3025979042053223,,1.8880971232515177e-05,278.9498259360007
0.45368171021377673,1910,0.34700708389282225,,1.886337644057359e-05,279.8129866070012
0.45605700712589076,1920,0.272596549987793,,1.8845781648632006e-05,280.60847042300156
0.4584323040380047,1930,0.2640125274658203,,1.882818685669042e-05,281.4919314810013
0.46080760095011875,1940,0.2863851308822632,,1.8810592064748836e-05,282.33618814000147
0.46318289786223277,1950,0.24470124244689942,,1.879299727280725e-05,283.1801705320013
0.4655581947743468,1960,0.25635409355163574,,1.8775402480865665e-05,284.09566845300105
0.4679334916864608,1970,0.26693966388702395,,1.8757807688924078e-05,284.9663500780007
0.47030878859857483,1980,0.32418093681335447,,1.8740212896982494e-05,285.7816075910014
0.47268408551068886,1990,0.3497691869735718,,1.872261810504091e-05,286.6470270440004
0.4750593824228028,2000,0.3300855875015259,,1.8705023313099323e-05,287.5057745860013
0.47743467933491684,2010,0.27212321758270264,,1.868742852115774e-05,288.37891250400025
0.47980997624703087,2020,0.3533896207809448,,1.8669833729216152e-05,289.22827887899984
0.4821852731591449,2030,0.34656896591186526,,1.8652238937274568e-05,290.0368542060005
0.4845605700712589,2040,0.2896407604217529,,1.8634644145332985e-05,290.85417259899987
0.48693586698337293,2050,0.33634471893310547,,1.8617049353391397e-05,291.7100209600012
0.48931116389548696,2060,0.2787303924560547,,1.8599454561449814e-05,292.55622556300114
0.4916864608076009,2070,0.2338855266571045,,1.8581859769508227e-05,293.50636022100116
0.49406175771971494,2080,0.2933290243148804,,1.8564264977566643e-05,294.35205870200116
0.49643705463182897,2090,0.30396082401275637,,1.854667018562506e-05,295.2870748710011
0.498812351543943,2100,0.3294191360473633,,1.8529075393683472e-05,296.12104609000016
0.501187648456057,2110,0.3290875434875488,,1.8511480601741888e-05,296.9568097570009
0.503562945368171,2120,0.2291088104248047,,1.84938858098003e-05,297.8081874540003
0.505938242280285,2130,0.26709628105163574,,1.8476291017858717e-05,298.7635915259998
0.5083135391923991,2140,0.3202085018157959,,1.845869622591713e-05,299.65447575800135
0.5106888361045131,2150,0.20141026973724366,,1.8441101433975546e-05,300.53376379600013
0.5130641330166271,2160,0.314330530166626,,1.842350664203396e-05,301.44810246199995
0.5154394299287411,2170,0.281531023979187,,1.8405911850092376e-05,302.3070932219998
0.517814726840855,2180,0.24271397590637206,,1.838831705815079e-05,303.1861687520013
0.5201900237529691,2190,0.2809633731842041,,1.8370722266209205e-05,304.03290500500043
0.5225653206650831,2200,0.2870952606201172,,1.8353127474267618e-05,304.8407908370009
0.5249406175771971,2210,0.2388249158859253,,1.8335532682326034e-05,305.7073576460007
0.5273159144893111,2220,0.22951505184173585,,1.8317937890384447e-05,306.61210265200134
0.5296912114014252,2230,0.25883469581604,,1.8300343098442863e-05,307.4650248020007
0.5320665083135392,2240,0.2862542629241943,,1.8282748306501276e-05,308.3280238820007
0.5344418052256532,2250,0.23183374404907225,,1.8265153514559692e-05,309.25083460099995
0.5368171021377672,2260,0.3035090446472168,,1.8247558722618105e-05,310.0411402000009
0.5391923990498813,2270,0.20132086277008057,,1.822996393067652e-05,310.8555089340007
0.5415676959619953,2280,0.3062986612319946,,1.8212369138734934e-05,311.7007631430006
0.5439429928741093,2290,0.2377948760986328,,1.819477434679335e-05,312.518526146001
0.5463182897862233,2300,0.20877795219421386,,1.8177179554851767e-05,313.36495609800113
0.5486935866983373,2310,0.19508082866668702,,1.815958476291018e-05,314.19069878200025
0.5510688836104513,2320,0.37089924812316893,,1.8141989970968596e-05,315.06593995500043
0.5534441805225653,2330,0.2990807056427002,,1.812439517902701e-05,315.94414717400105
0.5558194774346793,2340,0.23653185367584229,,1.8106800387085425e-05,316.7438759510005
0.5581947743467933,2350,0.3553295135498047,,1.808920559514384e-05,317.6416220070005
0.5605700712589073,2360,0.24218230247497557,,1.8071610803202254e-05,318.5151028370001
0.5629453681710214,2370,0.2426018476486206,,1.805401601126067e-05,319.3772686070006
0.5653206650831354,2380,0.23305048942565917,,1.8036421219319083e-05,320.258282322
0.5676959619952494,2390,0.30366079807281493,,1.80188264273775e-05,321.04753490000076
0.5700712589073634,2400,0.24750516414642335,,1.8001231635435912e-05,321.86756817900095
0.5724465558194775,2410,0.1725069284439087,,1.798363684349433e-05,322.778138873
0.5748218527315915,2420,0.24259238243103026,,1.796604205155274e-05,323.61875850400065
0.5771971496437055,2430,0.25730483531951903,,1.7948447259611158e-05,324.41038862000096
0.5795724465558195,2440,0.2998176097869873,,1.793085246766957e-05,325.3295280760012
0.5819477434679335,2450,0.24082727432250978,,1.7913257675727987e-05,326.1288759300005
0.5843230403800475,2460,0.2926381349563599,,1.78956628837864e-05,327.0003487510003
0.5866983372921615,2470,0.2654278039932251,,1.7878068091844816e-05,327.7758340780001
0.5890736342042755,2480,0.30081329345703123,,1.786047329990323e-05,328.621241148001
0.5914489311163895,2490,0.19212013483047485,,1.7842878507961645e-05,329.4143298859999
0.5938242280285035,2500,0.3064493417739868,,1.7825283716020058e-05,330.14793441000074
0.5961995249406176,2510,0.26174795627593994,,1.7807688924078474e-05,331.0314144969998
0.5985748218527316,2520,0.2578215837478638,,1.7790094132136887e-05,331.86719783400076
0.6009501187648456,2530,0.2961109638214111,,1.7772499340195303e-05,332.71171107600094
0.6033254156769596,2540,0.23034381866455078,,1.7754904548253716e-05,333.64131981799983
0.6057007125890737,2550,0.2825714111328125,,1.7737309756312132e-05,334.54172888799985
0.6080760095011877,2560,0.34130029678344725,,1.7719714964370545e-05,335.3472100710005
0.6104513064133017,2570,0.21878454685211182,,1.770212017242896e-05,336.2017922060004
0.6128266033254157,2580,0.22577033042907715,,1.7684525380487378e-05,336.99635869099984
0.6152019002375297,2590,0.3798054695129395,,1.766693058854579e-05,337.82536330900075
0.6175771971496437,2600,0.2283010482788086,,1.7649335796604207e-05,338.672894071
0.6199524940617577,2610,0.23997902870178223,,1.7631741004662623e-05,339.49663945200155
0.6223277909738717,2620,0.29257776737213137,,1.7614146212721036e-05,340.3829716050004
0.6247030878859857,2630,0.39162657260894773,,1.7596551420779452e-05,341.2272214120003
0.6270783847980997,2640,0.26972384452819825,,1.7578956628837865e-05,341.98855061500035
0.6294536817102138,2650,0.3110118627548218,,1.756136183689628e-05,342.87450229800015
0.6318289786223278,2660,0.32400686740875245,,1.7543767044954694e-05,343.7111301220011
0.6342042755344418,2670,0.2436070203781128,,1.752617225301311e-05,344.61454947700076
0.6365795724465558,2680,0.22822697162628175,,1.7508577461071527e-05,345.56342377000146
0.6389548693586699,2690,0.2746122360229492,,1.749098266912994e-05,346.5036095280011
0.6413301662707839,2700,0.20559539794921874,,1.7473387877188356e-05,347.3400186400013
0.6437054631828979,2710,0.3079979419708252,,1.745579308524677e-05,348.1855036880006
0.6460807600950119,2720,0.3893754005432129,,1.7438198293305185e-05,349.0361173190013
0.6484560570071259,2730,0.24511561393737794,,1.7420603501363598e-05,349.8763159980008
0.6508313539192399,2740,0.20763814449310303,,1.7403008709422014e-05,350.6874754640012
0.6532066508313539,2750,0.3173997402191162,,1.7385413917480427e-05,351.53300219599987
0.6555819477434679,2760,0.33826384544372556,,1.7367819125538843e-05,352.42159211299986
0.6579572446555819,2770,0.3355725765228271,,1.7350224333597256e-05,353.35760077600025
0.6603325415676959,2780,0.2145132303237915,,1.7332629541655672e-05,354.3048460480004
0.66270783847981,2790,0.2501053810119629,,1.7315034749714085e-05,355.1396837580014
0.665083135391924,2800,0.2599770545959473,,1.72974399577725e-05,356.0587464680011
0.667458432304038,2810,0.259149432182312,,1.7279845165830914e-05,356.9126864710015
0.669833729216152,2820,0.2814309120178223,,1.726225037388933e-05,357.77864404400134
0.672209026128266,2830,0.2804119110107422,,1.7244655581947743e-05,358.54279311400023
0.6745843230403801,2840,0.37849562168121337,,1.722706079000616e-05,359.41197076200115
0.6769596199524941,2850,0.22649672031402587,,1.7209465998064573e-05,360.26682005300063
0.6793349168646081,2860,0.3163648843765259,,1.719187120612299e-05,361.3080576850007
0.6817102137767221,2870,0.28600099086761477,,1.71742764141814e-05,362.0949359900005
0.684085510688836,2880,0.2925374507904053,,1.7156681622239818e-05,363.004856517
0.6864608076009501,2890,0.2477808713912964,,1.7139086830298234e-05,363.95374652900136
0.6888361045130641,2900,0.2235726833343506,,1.7121492038356647e-05,364.83267438300027
0.6912114014251781,2910,0.34963645935058596,,1.7103897246415063e-05,365.62180899899977
0.6935866983372921,2920,0.3122741222381592,,1.708630245447348e-05,366.38597137800025
0.6959619952494062,2930,0.28639333248138427,,1.7068707662531892e-05,367.3131845700009
0.6983372921615202,2940,0.31526570320129393,,1.705111287059031e-05,368.0852380590004
0.7007125890736342,2950,0.258087158203125,,1.703351807864872e-05,368.9842886790011
0.7030878859857482,2960,0.1929895281791687,,1.7015923286707138e-05,369.90768871
0.7054631828978623,2970,0.2930153846740723,,1.699832849476555e-05,370.75454024100145
0.7078384798099763,2980,0.235632061958313,,1.6980733702823967e-05,371.69580417900033
0.7102137767220903,2990,0.3353943109512329,,1.696313891088238e-05,372.61549431300045
0.7125890736342043,3000,0.30619637966156005,,1.6945544118940796e-05,373.46914634800123
0.7149643705463183,3010,0.24957211017608644,,1.692794932699921e-05,374.3241397080001
0.7173396674584323,3020,0.22559027671813964,,1.6910354535057625e-05,375.1694874570003
0.7197149643705463,3030,0.21132986545562743,,1.6892759743116038e-05,375.9786577450013
0.7220902612826603,3040,0.20266122817993165,,1.6875164951174454e-05,376.8798962480014
0.7244655581947743,3050,0.3944810390472412,,1.6857570159232867e-05,377.6882837780013
0.7268408551068883,3060,0.27510361671447753,,1.6839975367291283e-05,378.53206236500046
0.7292161520190024,3070,0.24417457580566407,,1.6822380575349696e-05,379.30938178500037
0.7315914489311164,3080,0.23846535682678222,,1.6804785783408113e-05,380.09691826200105
0.7339667458432304,3090,0.31400213241577146,,1.6787190991466525e-05,380.9697132850015
0.7363420427553444,3100,0.28059775829315187,,1.676959619952494e-05,381.84348805800073
0.7387173396674585,3110,0.31910665035247804,,1.6752001407583355e-05,382.66200553700037
0.7410926365795725,3120,0.22018067836761473,,1.673440661564177e-05,383.4961420090003
0.7434679334916865,3130,0.28745336532592775,,1.6716811823700184e-05,384.33075330300017
0.7458432304038005,3140,0.2330162763595581,,1.66992170317586e-05,385.15566373300135
0.7482185273159145,3150,0.342028284072876,,1.6681622239817016e-05,386.0461495700001
0.7505938242280285,3160,0.37280733585357667,,1.666402744787543e-05,386.973111022
0.7529691211401425,3170,0.2534276008605957,,1.6646432655933845e-05,387.7766378110009
0.7553444180522565,3180,0.3154940128326416,,1.6628837863992258e-05,388.65998466900055
0.7577197149643705,3190,0.2662543773651123,,1.6611243072050674e-05,389.53538636400117
0.7600950118764845,3200,0.2962399959564209,,1.659364828010909e-05,390.37749888600047
0.7624703087885986,3210,0.25169131755828855,,1.6576053488167504e-05,391.1722304300001
0.7648456057007126,3220,0.17051291465759277,,1.655845869622592e-05,391.9649896259998
0.7672209026128266,3230,0.2610511779785156,,1.6540863904284333e-05,392.93413641700135
0.7695961995249406,3240,0.30059309005737306,,1.652326911234275e-05,393.66047432600135
0.7719714964370546,3250,0.24345908164978028,,1.6505674320401162e-05,394.4989056960003
0.7743467933491687,3260,0.2688873767852783,,1.6488079528459578e-05,395.3713939420013
0.7767220902612827,3270,0.2805736780166626,,1.647048473651799e-05,396.3075361810006
0.7790973871733967,3280,0.25512688159942626,,1.6452889944576407e-05,397.1748623420008
0.7814726840855107,3290,0.22037644386291505,,1.643529515263482e-05,398.1503317070001
0.7838479809976246,3300,0.24694886207580566,,1.6417700360693236e-05,398.9159847440005
0.7862232779097387,3310,0.2800234079360962,,1.6400105568751653e-05,399.766188304
0.7885985748218527,3320,0.25443761348724364,,1.6382510776810065e-05,400.5280814940015
0.7909738717339667,3330,0.20409777164459228,,1.6364915984868482e-05,401.3858761950014
0.7933491686460807,3340,0.24225172996520997,,1.6347321192926895e-05,402.2521387760007
0.7957244655581948,3350,0.29307630062103274,,1.632972640098531e-05,403.0775452120015
0.7980997624703088,3360,0.17024980783462523,,1.6312131609043724e-05,403.89520204100154
0.8004750593824228,3370,0.24147238731384277,,1.629453681710214e-05,404.83834037900124
0.8028503562945368,3380,0.365298867225647,,1.6276942025160553e-05,405.65286023500084
0.8052256532066508,3390,0.31659541130065916,,1.625934723321897e-05,406.4848294990006
0.8076009501187649,3400,0.3260855436325073,,1.6241752441277382e-05,407.32203238400143
0.8099762470308789,3410,0.29503300189971926,,1.6224157649335798e-05,408.13920566400157
0.8123515439429929,3420,0.245360803604126,,1.620656285739421e-05,409.02392841500114
0.8147268408551069,3430,0.2864672660827637,,1.6188968065452627e-05,409.920717119001
0.8171021377672208,3440,0.2899808168411255,,1.617137327351104e-05,410.72009890900154
0.8194774346793349,3450,0.3148296356201172,,1.6153778481569456e-05,411.60431541900107
0.8218527315914489,3460,0.2951578855514526,,1.6136183689627873e-05,412.5843379270009
0.8242280285035629,3470,0.31119861602783205,,1.6118588897686286e-05,413.3615308080007
0.8266033254156769,3480,0.2566667079925537,,1.6100994105744702e-05,414.31511617199976
0.828978622327791,3490,0.18450498580932617,,1.6083399313803115e-05,415.1855415130012
0.831353919239905,3500,0.20174431800842285,,1.606580452186153e-05,416.19597239200084
0.833729216152019,3510,0.31002767086029054,,1.6048209729919947e-05,417.12927847600076
0.836104513064133,3520,0.3349874496459961,,1.603061493797836e-05,418.1012656710009
0.838479809976247,3530,0.264216947555542,,1.6013020146036776e-05,418.9865196460014
0.8408551068883611,3540,0.31590087413787843,,1.599542535409519e-05,419.8889029860002
0.8432304038004751,3550,0.21310977935791015,,1.5977830562153605e-05,420.7230069390007
0.8456057007125891,3560,0.31430270671844485,,1.596023577021202e-05,421.51047784300135
0.8479809976247031,3570,0.266536021232605,,1.5942640978270435e-05,422.37249733800127
0.850356294536817,3580,0.18850623369216918,,1.5925046186328847e-05,423.2283527540003
0.8527315914489311,3590,0.21528258323669433,,1.5907451394387264e-05,424.2196394170005
0.8551068883610451,3600,0.3159171104431152,,1.5889856602445677e-05,425.13802147800016
0.8574821852731591,3610,0.3122596740722656,,1.5872261810504093e-05,425.99664268200104
0.8598574821852731,3620,0.25233922004699705,,1.5854667018562506e-05,426.8423680110009
0.8622327790973872,3630,0.24055657386779786,,1.5837072226620922e-05,427.63610615700054
0.8646080760095012,3640,0.19995697736740112,,1.5819477434679335e-05,428.51140197300083
0.8669833729216152,3650,0.17559380531311036,,1.580188264273775e-05,429.43742374200156
0.8693586698337292,3660,0.2560332536697388,,1.5784287850796164e-05,430.351287599
0.8717339667458432,3670,0.18166275024414064,,1.576669305885458e-05,431.17792092200034
0.8741092636579573,3680,0.23377070426940919,,1.5749098266912993e-05,432.09442374399987
0.8764845605700713,3690,0.28961360454559326,,1.573150347497141e-05,432.99098796600083
0.8788598574821853,3700,0.2681411266326904,,1.5713908683029822e-05,433.85886089700034
0.8812351543942993,3710,0.2745343208312988,,1.569631389108824e-05,434.65872133599987
0.8836104513064132,3720,0.2994347810745239,,1.5678719099146655e-05,435.4533275400008
0.8859857482185273,3730,0.21391255855560304,,1.5661124307205068e-05,436.249763490001
0.8883610451306413,3740,0.26477837562561035,,1.5643529515263484e-05,437.20930069899987
0.8907363420427553,3750,0.27643184661865233,,1.5625934723321897e-05,438.0401277740002
0.8931116389548693,3760,0.2363201379776001,,1.5608339931380313e-05,438.96806925500096
0.8954869358669834,3770,0.28117895126342773,,1.559074513943873e-05,439.79540283000097
0.8978622327790974,3780,0.2946521282196045,,1.5573150347497142e-05,440.5850448410001
0.9002375296912114,3790,0.21499156951904297,,1.555555555555556e-05,441.49989881200054
0.9026128266033254,3800,0.2618567705154419,,1.553796076361397e-05,442.3780021920011
0.9049881235154394,3810,0.2874001026153564,,1.5520365971672387e-05,443.2131628269999
0.9073634204275535,3820,0.2335228443145752,,1.55027711797308e-05,444.0635531349999
0.9097387173396675,3830,0.25373890399932864,,1.5485176387789217e-05,444.860190753001
0.9121140142517815,3840,0.21691131591796875,,1.546758159584763e-05,445.7690659529999
0.9144893111638955,3850,0.2201084852218628,,1.5449986803906046e-05,446.68930812600047
0.9168646080760094,3860,0.27825655937194826,,1.543239201196446e-05,447.5057312500012
0.9192399049881235,3870,0.20336174964904785,,1.5414797220022875e-05,448.2648865930005
0.9216152019002375,3880,0.2971792459487915,,1.5397202428081288e-05,449.11076499500086
0.9239904988123515,3890,0.233204984664917,,1.5379607636139704e-05,449.96128003100057
0.9263657957244655,3900,0.1485280990600586,,1.5362012844198117e-05,450.7792431520011
0.9287410926365796,3910,0.28267221450805663,,1.5344418052256533e-05,451.6857183060001
0.9311163895486936,3920,0.24167184829711913,,1.5326823260314946e-05,452.4935474210015
0.9334916864608076,3930,0.2743441820144653,,1.5309228468373362e-05,453.3798544370002
0.9358669833729216,3940,0.3049163818359375,,1.529163367643178e-05,454.2363438200009
0.9382422802850356,3950,0.26379315853118895,,1.527403888449019e-05,455.1052557390012
0.9406175771971497,3960,0.21343963146209716,,1.5256444092548608e-05,455.8838863860001
0.9429928741092637,3970,0.259634804725647,,1.5238849300607022e-05,456.6821107780015
0.9453681710213777,3980,0.24224939346313476,,1.5221254508665437e-05,457.5246582400014
0.9477434679334917,3990,0.2787412166595459,,1.5203659716723851e-05,458.3374037850008
0.9501187648456056,4000,0.3575709104537964,,1.5186064924782268e-05,459.17316245500115
0.9524940617577197,4010,0.19761043787002563,,1.516847013284068e-05,460.03236176000064
0.9548693586698337,4020,0.25298337936401366,,1.5150875340899097e-05,460.94706916200084
0.9572446555819477,4030,0.2540250539779663,,1.513328054895751e-05,461.7624671780013
0.9596199524940617,4040,0.286542010307312,,1.5115685757015926e-05,462.5561540430008
0.9619952494061758,4050,0.2919243335723877,,1.5098090965074339e-05,463.45756034999977
0.9643705463182898,4060,0.2433455467224121,,1.5080496173132755e-05,464.30825759600157
0.9667458432304038,4070,0.20172762870788574,,1.5062901381191168e-05,465.2067933899998
0.9691211401425178,4080,0.2921928882598877,,1.5045306589249584e-05,466.06439702399985
0.9714964370546318,4090,0.26813032627105715,,1.5027711797307999e-05,467.0108161240005
0.9738717339667459,4100,0.19044280052185059,,1.5010117005366413e-05,467.86138048000066
0.9762470308788599,4110,0.30631701946258544,,1.4992522213424828e-05,468.75881333899997
0.9786223277909739,4120,0.3002382040023804,,1.4974927421483242e-05,469.6139783560011
0.9809976247030879,4130,0.20328738689422607,,1.4957332629541657e-05,470.379277424001
0.9833729216152018,4140,0.28627989292144773,,1.4939737837600073e-05,471.1758263339998
0.9857482185273159,4150,0.24238498210906984,,1.4922143045658486e-05,471.9808179240008
0.9881235154394299,4160,0.24911599159240722,,1.4904548253716902e-05,472.82211158000064
0.9904988123515439,4170,0.30226569175720214,,1.4886953461775315e-05,473.57881410499976
0.9928741092636579,4180,0.20017504692077637,,1.4869358669833731e-05,474.47036888300136
0.995249406175772,4190,0.30518176555633547,,1.4851763877892144e-05,475.34533481400103
0.997624703087886,4200,0.2882071495056152,,1.483416908595056e-05,476.2410526870008
1.0,4210,0.3168905973434448,,1.4816574294008973e-05,477.0260907740012
1.0,4210,,0.2567022442817688,,479.56412424500013
1.002375296912114,4220,0.29460926055908204,,1.479897950206739e-05,481.138014649001
1.004750593824228,4230,0.2483975648880005,,1.4781384710125804e-05,481.9452129660003
1.007125890736342,4240,0.2646909236907959,,1.4763789918184219e-05,482.9366546910005
1.009501187648456,4250,0.17998161315917968,,1.4746195126242633e-05,483.6888200909998
1.01187648456057,4260,0.3041015625,,1.4728600334301048e-05,484.5185192509998
1.0142517814726841,4270,0.2527740955352783,,1.4711005542359462e-05,485.4404748329998
1.0166270783847982,4280,0.2550204277038574,,1.4693410750417879e-05,486.2501044460005
1.0190023752969122,4290,0.27294435501098635,,1.4675815958476292e-05,486.96807714900024
1.0213776722090262,4300,0.23970847129821776,,1.4658221166534708e-05,487.75288894200094
1.0237529691211402,4310,0.2660393714904785,,1.464062637459312e-05,488.66060262200153
1.0261282660332542,4320,0.2367349624633789,,1.4623031582651537e-05,489.48585650600035
1.0285035629453683,4330,0.2547290802001953,,1.460543679070995e-05,490.2836935160012
1.0308788598574823,4340,0.24215469360351563,,1.4587841998768366e-05,491.11236340600044
1.0332541567695963,4350,0.2350929021835327,,1.4570247206826779e-05,491.92574562400114
1.03562945368171,4360,0.2610882520675659,,1.4552652414885195e-05,492.81861944699995
1.0380047505938241,4370,0.36943621635437013,,1.453505762294361e-05,493.6612827980007
1.0403800475059382,4380,0.2692751169204712,,1.4517462831002024e-05,494.4392476660014
1.0427553444180522,4390,0.289247989654541,,1.4499868039060439e-05,495.28054093100036
1.0451306413301662,4400,0.30065264701843264,,1.4482273247118855e-05,496.14377798500027
1.0475059382422802,4410,0.22089169025421143,,1.4464678455177268e-05,496.961375932
1.0498812351543942,4420,0.23175864219665526,,1.4447083663235684e-05,497.9388525400009
1.0522565320665083,4430,0.276928186416626,,1.4429488871294097e-05,498.819974678001
1.0546318289786223,4440,0.2148899555206299,,1.4411894079352513e-05,499.56777185100145
1.0570071258907363,4450,0.28070921897888185,,1.4394299287410926e-05,500.39290893900034
1.0593824228028503,4460,0.22411365509033204,,1.4376704495469342e-05,501.30405685500045
1.0617577197149644,4470,0.2483825445175171,,1.4359109703527755e-05,502.1955630400007
1.0641330166270784,4480,0.1912240982055664,,1.4341514911586172e-05,503.0287096110005
1.0665083135391924,4490,0.32086131572723386,,1.4323920119644586e-05,503.93544916000064
1.0688836104513064,4500,0.24587368965148926,,1.4306325327703e-05,504.93647647200123
1.0712589073634204,4510,0.3070927619934082,,1.4288730535761415e-05,505.82352877300036
1.0736342042755345,4520,0.2701778173446655,,1.427113574381983e-05,506.6662311280015
1.0760095011876485,4530,0.23268501758575438,,1.4253540951878244e-05,507.5207244530011
1.0783847980997625,4540,0.19285917282104492,,1.423594615993666e-05,508.39549802200054
1.0807600950118765,4550,0.23951663970947265,,1.4218351367995074e-05,509.26904279500013
1.0831353919239906,4560,0.3396857023239136,,1.420075657605349e-05,510.11305062000065
1.0855106888361046,4570,0.21589982509613037,,1.4183161784111904e-05,510.9681017950006
1.0878859857482186,4580,0.22685296535491944,,1.4165566992170319e-05,511.87313585300035
1.0902612826603326,4590,0.20892577171325682,,1.4147972200228735e-05,512.7521263990002
1.0926365795724466,4600,0.22853355407714843,,1.4130377408287148e-05,513.5960655400013
1.0950118764845607,4610,0.22650203704833985,,1.4112782616345564e-05,514.476125567
1.0973871733966747,4620,0.2943840265274048,,1.4095187824403977e-05,515.3059573350001
1.0997624703087885,4630,0.24357662200927735,,1.4077593032462393e-05,516.246089481001
1.1021377672209025,4640,0.2846547603607178,,1.4059998240520806e-05,517.0693796720007
1.1045130641330165,4650,0.25258517265319824,,1.4042403448579223e-05,517.8854582940003
1.1068883610451306,4660,0.19807422161102295,,1.4024808656637635e-05,518.644661665001
1.1092636579572446,4670,0.17108018398284913,,1.4007213864696052e-05,519.4286640610007
1.1116389548693586,4680,0.19361333847045897,,1.3989619072754466e-05,520.3645956720011
1.1140142517814726,4690,0.2232576608657837,,1.397202428081288e-05,521.2459048550008
1.1163895486935866,4700,0.264479660987854,,1.3954429488871295e-05,522.0692131610012
1.1187648456057007,4710,0.2779491901397705,,1.3936834696929712e-05,522.9153447839999
1.1211401425178147,4720,0.20763788223266602,,1.3919239904988124e-05,523.8373770850012
1.1235154394299287,4730,0.22016310691833496,,1.390164511304654e-05,524.7123321210001
1.1258907363420427,4740,0.24415264129638672,,1.3884050321104954e-05,525.5166886060015
1.1282660332541568,4750,0.28072543144226075,,1.386645552916337e-05,526.3319905590015
1.1306413301662708,4760,0.24096510410308838,,1.3848860737221783e-05,527.1415747270003
1.1330166270783848,4770,0.18311609029769899,,1.3831265945280199e-05,528.0585218800006
1.1353919239904988,4780,0.27677459716796876,,1.3813671153338612e-05,529.01452488
1.1377672209026128,4790,0.2641364336013794,,1.3796076361397028e-05,529.8981009950003
1.1401425178147269,4800,0.24138333797454833,,1.3778481569455443e-05,530.7356782650004
1.1425178147268409,4810,0.28731727600097656,,1.3760886777513857e-05,531.5889939600002
1.144893111638955,4820,0.23333485126495362,,1.3743291985572272e-05,532.4992084050009
1.147268408551069,4830,0.3438570976257324,,1.3725697193630686e-05,533.4284294160007
1.149643705463183,4840,0.20541398525238036,,1.3708102401689101e-05,534.353828663001
1.152019002375297,4850,0.19934773445129395,,1.3690507609747517e-05,535.1770094510011
1.154394299287411,4860,0.25749711990356444,,1.367291281780593e-05,536.0767746350011
1.156769596199525,4870,0.2397162914276123,,1.3655318025864346e-05,536.9264989889998
1.159144893111639,4880,0.29965231418609617,,1.363772323392276e-05,537.8227399690004
1.161520190023753,4890,0.22849366664886475,,1.3620128441981175e-05,538.60809505
1.1638954869358669,4900,0.30329265594482424,,1.3602533650039588e-05,539.4527930650002
1.166270783847981,4910,0.26183035373687746,,1.3584938858098005e-05,540.3375554909999
1.168646080760095,4920,0.19282019138336182,,1.3567344066156417e-05,541.1736726630006
1.171021377672209,4930,0.32003638744354246,,1.3549749274214834e-05,542.0334251040003
1.173396674584323,4940,0.25894985198974607,,1.3532154482273248e-05,542.9565625850009
1.175771971496437,4950,0.23494651317596435,,1.3514559690331663e-05,543.8744494120001
1.178147268408551,4960,0.1991499900817871,,1.3496964898390077e-05,544.7123230650013
1.180522565320665,4970,0.22806153297424317,,1.3479370106448492e-05,545.602873359001
1.182897862232779,4980,0.24806735515594483,,1.3461775314506906e-05,546.4743478790006
1.185273159144893,4990,0.2609432220458984,,1.3444180522565323e-05,547.2838458690003
1.187648456057007,5000,0.16024267673492432,,1.3426585730623736e-05,548.2433031550008
1.190023752969121,5010,0.263964319229126,,1.3408990938682152e-05,549.0772476600014
1.1923990498812351,5020,0.34756011962890626,,1.3391396146740565e-05,549.8990791310007
1.1947743467933492,5030,0.23831677436828613,,1.3373801354798981e-05,550.6900856640004
1.1971496437054632,5040,0.22093331813812256,,1.3356206562857394e-05,551.5919114860008
1.1995249406175772,5050,0.2968730926513672,,1.333861177091581e-05,552.4434067030015
1.2019002375296912,5060,0.20528979301452638,,1.3321016978974225e-05,553.286122509
1.2042755344418052,5070,0.22382023334503173,,1.330342218703264e-05,554.1423300940005
1.2066508313539193,5080,0.3087954044342041,,1.3285827395091054e-05,554.9883705580014
1.2090261282660333,5090,0.2801609992980957,,1.3268232603149468e-05,555.8879053270011
1.2114014251781473,5100,0.29221763610839846,,1.3250637811207883e-05,556.6787585860002
1.2137767220902613,5110,0.24067072868347167,,1.32330430192663e-05,557.6193030550003
1.2161520190023754,5120,0.1652878165245056,,1.3215448227324712e-05,558.4425069650006
1.2185273159144894,5130,0.23374612331390382,,1.3197853435383128e-05,559.2780231720008
1.2209026128266034,5140,0.17865267992019654,,1.3180258643441541e-05,560.1326624640005
1.2232779097387174,5150,0.2788416385650635,,1.3162663851499957e-05,560.9630343860008
1.2256532066508314,5160,0.2679474353790283,,1.314506905955837e-05,561.856677101001
1.2280285035629455,5170,0.22802250385284423,,1.3127474267616787e-05,562.6801566610011
1.2304038004750595,5180,0.25710811614990237,,1.31098794756752e-05,563.4929642890002
1.2327790973871733,5190,0.2068812370300293,,1.3092284683733616e-05,564.3167949840008
1.2351543942992875,5200,0.310666561126709,,1.307468989179203e-05,565.2687939719999
1.2375296912114013,5210,0.23756468296051025,,1.3057095099850445e-05,566.1158418680006
1.2399049881235154,5220,0.2352372169494629,,1.3039500307908861e-05,566.9262922779999
1.2422802850356294,5230,0.2536064386367798,,1.3021905515967274e-05,567.8006567410011
1.2446555819477434,5240,0.2715950012207031,,1.300431072402569e-05,568.6958265490011
1.2470308788598574,5250,0.2976666450500488,,1.2986715932084105e-05,569.5347159339999
1.2494061757719714,5260,0.25734400749206543,,1.296912114014252e-05,570.4340526289998
1.2517814726840855,5270,0.27374958992004395,,1.2951526348200934e-05,571.2092353480002
1.2541567695961995,5280,0.2020036220550537,,1.2933931556259348e-05,571.9926235310013
1.2565320665083135,5290,0.22923650741577148,,1.2916336764317763e-05,572.8864513050012
1.2589073634204275,5300,0.2608931064605713,,1.289874197237618e-05,573.7795762540009
1.2612826603325415,5310,0.2432189702987671,,1.2881147180434592e-05,574.5900876670003
1.2636579572446556,5320,0.24229962825775148,,1.2863552388493008e-05,575.4729290780015
1.2660332541567696,5330,0.27554612159729003,,1.2845957596551421e-05,576.3483284869999
1.2684085510688836,5340,0.2631542205810547,,1.2828362804609837e-05,577.1735348970014
1.2707838479809976,5350,0.2243274688720703,,1.281076801266825e-05,577.9864495840011
1.2731591448931117,5360,0.3504998445510864,,1.2793173220726667e-05,578.8754605410013
1.2755344418052257,5370,0.2935309648513794,,1.2775578428785081e-05,579.7138175939999
1.2779097387173397,5380,0.1785792112350464,,1.2757983636843496e-05,580.4976253470013
1.2802850356294537,5390,0.2143341302871704,,1.274038884490191e-05,581.3221384970002
1.2826603325415677,5400,0.25175769329071046,,1.2722794052960325e-05,582.1655358570006
1.2850356294536818,5410,0.25939762592315674,,1.270519926101874e-05,583.0258178640015
1.2874109263657958,5420,0.188837468624115,,1.2687604469077156e-05,583.846671886
1.2897862232779098,5430,0.2664570093154907,,1.2670009677135569e-05,584.7542085210007
1.2921615201900236,5440,0.23758995532989502,,1.2652414885193985e-05,585.5714259270007
1.2945368171021379,5450,0.313126540184021,,1.2634820093252398e-05,586.4587649929999
1.2969121140142517,5460,0.27277865409851076,,1.2617225301310814e-05,587.3619245760001
1.299287410926366,5470,0.2767615795135498,,1.2599630509369227e-05,588.2573968289998
1.3016627078384797,5480,0.26711599826812743,,1.2582035717427643e-05,589.0469065100006
1.304038004750594,5490,0.2531855821609497,,1.2564440925486056e-05,589.9744134140001
1.3064133016627077,5500,0.20756838321685792,,1.2546846133544472e-05,590.8689456339998
1.3087885985748218,5510,0.2489002227783203,,1.2529251341602887e-05,591.7683342430009
1.3111638954869358,5520,0.2139432430267334,,1.2511656549661301e-05,592.6368226459999
1.3135391923990498,5530,0.20416390895843506,,1.2494061757719716e-05,593.5153280579998
1.3159144893111638,5540,0.27545220851898194,,1.247646696577813e-05,594.3668219650008
1.3182897862232779,5550,0.23095717430114746,,1.2458872173836545e-05,595.2403852010011
1.3206650831353919,5560,0.23071422576904296,,1.2441277381894961e-05,596.1298103850004
1.323040380047506,5570,0.2780920028686523,,1.2423682589953374e-05,597.0226555600002
1.32541567695962,5580,0.2789722442626953,,1.240608779801179e-05,597.9461838770003
1.327790973871734,5590,0.1791602611541748,,1.2388493006070203e-05,598.7832376220013
1.330166270783848,5600,0.24407002925872803,,1.237089821412862e-05,599.6620375090006
1.332541567695962,5610,0.210084867477417,,1.2353303422187032e-05,600.4935123040013
1.334916864608076,5620,0.26125459671020507,,1.2335708630245449e-05,601.3813368530009
1.33729216152019,5630,0.23553531169891356,,1.2318113838303861e-05,602.3203784420002
1.339667458432304,5640,0.2603267431259155,,1.2300519046362278e-05,603.1961569410014
1.342042755344418,5650,0.1965087652206421,,1.2282924254420692e-05,604.1009769200009
1.344418052256532,5660,0.23907411098480225,,1.2265329462479107e-05,604.9557642210002
1.3467933491686461,5670,0.29272778034210206,,1.2247734670537521e-05,605.9290772420009
1.3491686460807601,5680,0.17827583551406861,,1.2230139878595938e-05,606.8068420180007
1.3515439429928742,5690,0.25943470001220703,,1.221254508665435e-05,607.699601190001
1.3539192399049882,5700,0.1945704221725464,,1.2194950294712767e-05,608.5275797440008
1.3562945368171022,5710,0.1730564832687378,,1.217735550277118e-05,609.344702372
1.3586698337292162,5720,0.22272586822509766,,1.2159760710829596e-05,610.2113109640013
1.36104513064133,5730,0.21770851612091063,,1.2142165918888009e-05,611.0698304779999
1.3634204275534443,5740,0.21617631912231444,,1.2124571126946425e-05,611.974066017001
1.365795724465558,5750,0.26483922004699706,,1.2106976335004838e-05,612.7551699579999
1.3681710213776723,5760,0.24782986640930177,,1.2089381543063254e-05,613.5600564460001
1.3705463182897861,5770,0.21874613761901857,,1.2071786751121669e-05,614.4880009340013
1.3729216152019004,5780,0.26961574554443357,,1.2054191959180083e-05,615.3353000140014
1.3752969121140142,5790,0.15935685634613037,,1.2036597167238498e-05,616.1716689260011
1.3776722090261282,5800,0.138014018535614,,1.2019002375296912e-05,617.0390693580011
1.3800475059382422,5810,0.31431281566619873,,1.2001407583355327e-05,617.8786283670015
1.3824228028503562,5820,0.2367767095565796,,1.1983812791413743e-05,618.7396144160011
1.3847980997624703,5830,0.2305194616317749,,1.1966217999472156e-05,619.5521716050007
1.3871733966745843,5840,0.24776136875152588,,1.1948623207530572e-05,620.3811823390006
1.3895486935866983,5850,0.21188440322875976,,1.1931028415588987e-05,621.183703996001
1.3919239904988123,5860,0.22003495693206787,,1.1913433623647402e-05,622.0485909250001
1.3942992874109263,5870,0.25346462726593016,,1.1895838831705818e-05,622.848249390001
1.3966745843230404,5880,0.20869593620300292,,1.187824403976423e-05,623.7081944400015
1.3990498812351544,5890,0.22170908451080323,,1.1860649247822647e-05,624.4688251349999
1.4014251781472684,5900,0.18949021100997926,,1.184305445588106e-05,625.284946238
1.4038004750593824,5910,0.12093182802200317,,1.1825459663939476e-05,626.1623000449999
1.4061757719714965,5920,0.28945629596710204,,1.1807864871997889e-05,626.9995839769999
1.4085510688836105,5930,0.3350858211517334,,1.1790270080056305e-05,627.7625875470003
1.4109263657957245,5940,0.2568267822265625,,1.1772675288114718e-05,628.5885812730012
1.4133016627078385,5950,0.3064617872238159,,1.1755080496173134e-05,629.3985861220008
1.4156769596199525,5960,0.20850865840911864,,1.1737485704231549e-05,630.2518224720006
1.4180522565320666,5970,0.24133563041687012,,1.1719890912289963e-05,631.0555440429998
1.4204275534441806,5980,0.18669914007186889,,1.1702296120348378e-05,631.8317672490011
1.4228028503562946,5990,0.20869522094726561,,1.1684701328406794e-05,632.6130308930005
1.4251781472684084,6000,0.19593491554260253,,1.1667106536465207e-05,633.3714279640008
1.4275534441805227,6010,0.15537066459655763,,1.1649511744523623e-05,634.111659350001
1.4299287410926365,6020,0.25225903987884524,,1.1631916952582036e-05,634.9329140120008
1.4323040380047507,6030,0.26029458045959475,,1.1614322160640452e-05,635.7426327760004
1.4346793349168645,6040,0.31169419288635253,,1.1596727368698865e-05,636.5469444800001
1.4370546318289787,6050,0.24538118839263917,,1.1579132576757282e-05,637.4335142130003
1.4394299287410925,6060,0.28762116432189944,,1.1561537784815694e-05,638.3301274100013
1.4418052256532066,6070,0.3073573589324951,,1.154394299287411e-05,639.1527446070013
1.4441805225653206,6080,0.17063041925430297,,1.1526348200932525e-05,640.0060260200007
1.4465558194774346,6090,0.2627119779586792,,1.150875340899094e-05,640.8727087700008
1.4489311163895486,6100,0.16599252223968505,,1.1491158617049354e-05,641.6490102600001
1.4513064133016627,6110,0.1979328751564026,,1.1473563825107769e-05,642.5283026980014
1.4536817102137767,6120,0.250827956199646,,1.1455969033166184e-05,643.3674245279999
1.4560570071258907,6130,0.22622175216674806,,1.14383742412246e-05,644.2785035500001
1.4584323040380047,6140,0.22931315898895263,,1.1420779449283013e-05,645.1621220180004
1.4608076009501187,6150,0.27296624183654783,,1.1403184657341429e-05,646.0296568490012
1.4631828978622328,6160,0.2624494552612305,,1.1385589865399842e-05,646.9053284370002
1.4655581947743468,6170,0.19957177639007567,,1.1367995073458258e-05,647.7481719610005
1.4679334916864608,6180,0.20636134147644042,,1.1350400281516671e-05,648.5278368220006
1.4703087885985748,6190,0.20085737705230713,,1.1332805489575087e-05,649.3008946270002
1.4726840855106889,6200,0.25191025733947753,,1.13152106976335e-05,650.1397620780008
1.4750593824228029,6210,0.25444645881652833,,1.1297615905691916e-05,650.947436710001
1.477434679334917,6220,0.20366959571838378,,1.128002111375033e-05,651.8027874620002
1.479809976247031,6230,0.3078697681427002,,1.1262426321808745e-05,652.6448121949998
1.482185273159145,6240,0.18374704122543334,,1.124483152986716e-05,653.4333845800011
1.484560570071259,6250,0.2200406789779663,,1.1227236737925575e-05,654.3464902320011
1.486935866983373,6260,0.14828499555587768,,1.1209641945983989e-05,655.1849631550012
1.489311163895487,6270,0.23419451713562012,,1.1192047154042405e-05,656.1166753140005
1.491686460807601,6280,0.15174880027770996,,1.1174452362100818e-05,656.8981010759999
1.4940617577197148,6290,0.21586880683898926,,1.1156857570159234e-05,657.8587613300006
1.496437054631829,6300,0.348681640625,,1.1139262778217647e-05,658.7367950790012
1.4988123515439429,6310,0.16480900049209596,,1.1121667986276064e-05,659.6194273580004
1.5011876484560571,6320,0.24900431632995607,,1.1104073194334476e-05,660.4487016840012
1.503562945368171,6330,0.40566263198852537,,1.1086478402392893e-05,661.3204024030001
1.5059382422802852,6340,0.2713740825653076,,1.1068883610451307e-05,662.1287170190008
1.508313539192399,6350,0.23839352130889893,,1.1051288818509722e-05,663.0953755460014
1.5106888361045132,6360,0.20251379013061524,,1.1033694026568136e-05,663.9187379790001
1.513064133016627,6370,0.18337076902389526,,1.1016099234626551e-05,664.665643788001
1.5154394299287413,6380,0.1915582537651062,,1.0998504442684966e-05,665.5035198149999
1.517814726840855,6390,0.2458958864212036,,1.0980909650743382e-05,666.287903067001
1.520190023752969,6400,0.3081929683685303,,1.0963314858801795e-05,667.1532026290006
1.522565320665083,6410,0.24821877479553223,,1.0945720066860211e-05,668.0962747869999
1.5249406175771971,6420,0.2741891384124756,,1.0928125274918624e-05,669.0062410700011
1.5273159144893111,6430,0.22177531719207763,,1.091053048297704e-05,669.8544165950007
1.5296912114014252,6440,0.23249328136444092,,1.0892935691035453e-05,670.6600683590004
1.5320665083135392,6450,0.18441576957702638,,1.0875340899093869e-05,671.4894745700003
1.5344418052256532,6460,0.2767285108566284,,1.0857746107152282e-05,672.3419303380015
1.5368171021377672,6470,0.26408677101135253,,1.0840151315210698e-05,673.1416710580015
1.5391923990498813,6480,0.27816317081451414,,1.0822556523269115e-05,674.0150736080013
1.5415676959619953,6490,0.25368509292602537,,1.0804961731327527e-05,674.9214532670012
1.5439429928741093,6500,0.3052048921585083,,1.0787366939385944e-05,675.8198730820004
1.5463182897862233,6510,0.2150958299636841,,1.0769772147444357e-05,676.6613956520014
1.5486935866983373,6520,0.15768285989761352,,1.0752177355502773e-05,677.472246098001
1.5510688836104514,6530,0.19267935752868653,,1.0734582563561187e-05,678.2922811420012
1.5534441805225652,6540,0.18414857387542724,,1.0716987771619602e-05,679.166144140001
1.5558194774346794,6550,0.3942311525344849,,1.0699392979678016e-05,679.9587146720005
1.5581947743467932,6560,0.20573937892913818,,1.0681798187736431e-05,680.7152859280013
1.5605700712589075,6570,0.16536874771118165,,1.0664203395794846e-05,681.5311463260005
1.5629453681710213,6580,0.16304125785827636,,1.0646608603853262e-05,682.318619949001
1.5653206650831355,6590,0.30041935443878176,,1.0629013811911675e-05,683.1903717540008
1.5676959619952493,6600,0.18310660123825073,,1.0611419019970091e-05,684.0766991320015
1.5700712589073635,6610,0.29426443576812744,,1.0593824228028504e-05,684.9274043880014
1.5724465558194773,6620,0.2039642333984375,,1.057622943608692e-05,685.8659753570009
1.5748218527315916,6630,0.26752963066101076,,1.0558634644145333e-05,686.6753053550001
1.5771971496437054,6640,0.22527360916137695,,1.054103985220375e-05,687.5230795300013
1.5795724465558196,6650,0.2282841444015503,,1.0523445060262164e-05,688.3847367380004
1.5819477434679334,6660,0.2533520936965942,,1.0505850268320578e-05,689.2694077940014
1.5843230403800475,6670,0.18936336040496826,,1.0488255476378993e-05,690.0517536710013
1.5866983372921615,6680,0.2244645833969116,,1.0470660684437407e-05,690.8392464190001
1.5890736342042755,6690,0.20508053302764892,,1.0453065892495822e-05,691.7298637399999
1.5914489311163895,6700,0.24788811206817626,,1.0435471100554238e-05,692.5422250680003
1.5938242280285035,6710,0.17452319860458373,,1.0417876308612651e-05,693.4070891480005
1.5961995249406176,6720,0.12839337587356567,,1.0400281516671067e-05,694.2879220030009
1.5985748218527316,6730,0.29209108352661134,,1.038268672472948e-05,695.110490893001
1.6009501187648456,6740,0.27074122428894043,,1.0365091932787897e-05,695.966923027001
1.6033254156769596,6750,0.2310483932495117,,1.034749714084631e-05,696.7970462540015
1.6057007125890737,6760,0.22671861648559571,,1.0329902348904726e-05,697.6702937610007
1.6080760095011877,6770,0.22826707363128662,,1.0312307556963139e-05,698.5184693020001
1.6104513064133017,6780,0.34454641342163084,,1.0294712765021555e-05,699.3181123169998
1.6128266033254157,6790,0.233514142036438,,1.027711797307997e-05,700.151116852001
1.6152019002375297,6800,0.3009296417236328,,1.0259523181138384e-05,701.0052009970004
1.6175771971496435,6810,0.20342555046081542,,1.0241928389196798e-05,701.780505218001
1.6199524940617578,6820,0.15874998569488524,,1.0224333597255213e-05,702.6657994910001
1.6223277909738716,6830,0.28612651824951174,,1.0206738805313628e-05,703.4505875860013
1.6247030878859858,6840,0.2664522409439087,,1.0189144013372044e-05,704.2293478170013
1.6270783847980996,6850,0.2504321336746216,,1.0171549221430457e-05,705.0897715629999
1.6294536817102139,6860,0.32319955825805663,,1.0153954429488873e-05,705.9978492040009
1.6318289786223277,6870,0.25962831974029543,,1.0136359637547286e-05,706.9412851440011
1.634204275534442,6880,0.24705128669738768,,1.0118764845605702e-05,707.9008090440002
1.6365795724465557,6890,0.24196791648864746,,1.0101170053664115e-05,708.823810844
1.63895486935867,6900,0.30663001537323,,1.0083575261722531e-05,709.6575522670009
1.6413301662707838,6910,0.2275958776473999,,1.0065980469780944e-05,710.4816900470014
1.643705463182898,6920,0.1619171142578125,,1.004838567783936e-05,711.2044951750013
1.6460807600950118,6930,0.20455386638641357,,1.0030790885897775e-05,711.9985199480016
1.648456057007126,6940,0.21364161968231202,,1.001319609395619e-05,712.8543937060003
1.6508313539192399,6950,0.23199975490570068,,9.995601302014604e-06,713.7060972800009
1.6532066508313539,6960,0.19254881143569946,,9.97800651007302e-06,714.7087294090015
1.655581947743468,6970,0.21219987869262696,,9.960411718131435e-06,715.5707399110015
1.657957244655582,6980,0.17500026226043702,,9.94281692618985e-06,716.4054445319998
1.660332541567696,6990,0.34950158596038816,,9.925222134248264e-06,717.1669640370001
1.66270783847981,7000,0.17510451078414918,,9.907627342306679e-06,718.0112851210015
1.665083135391924,7010,0.21021695137023927,,9.890032550365093e-06,718.844020378001
1.667458432304038,7020,0.261907172203064,,9.872437758423508e-06,719.6045526710004
1.669833729216152,7030,0.26942389011383056,,9.854842966481922e-06,720.5006554430001
1.672209026128266,7040,0.15107088088989257,,9.837248174540337e-06,721.3877907000006
1.67458432304038,7050,0.2293996572494507,,9.819653382598751e-06,722.173830527001
1.676959619952494,7060,0.21424424648284912,,9.802058590657166e-06,722.9902368390012
1.6793349168646081,7070,0.26954121589660646,,9.78446379871558e-06,723.7942248580002
1.6817102137767221,7080,0.23928191661834716,,9.766869006773995e-06,724.6425633500003
1.6840855106888362,7090,0.18971363306045533,,9.74927421483241e-06,725.5494510480003
1.68646080760095,7100,0.12624952793121338,,9.731679422890826e-06,726.3886306599998
1.6888361045130642,7110,0.28718249797821044,,9.71408463094924e-06,727.250477212001
1.691211401425178,7120,0.18974506855010986,,9.696489839007655e-06,728.0759461070011
1.6935866983372923,7130,0.22938838005065917,,9.67889504706607e-06,729.0238093150001
1.695961995249406,7140,0.26513211727142333,,9.661300255124484e-06,729.9215972350012
1.6983372921615203,7150,0.24396395683288574,,9.643705463182899e-06,730.8223500720014
1.700712589073634,7160,0.2352353572845459,,9.626110671241313e-06,731.6442145930014
1.7030878859857483,7170,0.19821470975875854,,9.608515879299728e-06,732.498883618
1.7054631828978621,7180,0.3692739963531494,,9.590921087358142e-06,733.3375647070006
1.7078384798099764,7190,0.18078391551971434,,9.573326295416557e-06,734.2027431360002
1.7102137767220902,7200,0.1979892373085022,,9.555731503474971e-06,735.096624836
1.7125890736342044,7210,0.28643295764923093,,9.538136711533386e-06,736.0000594780013
1.7149643705463182,7220,0.20846245288848878,,9.5205419195918e-06,736.896713391001
1.7173396674584323,7230,0.26116023063659666,,9.502947127650217e-06,737.7334343910006
1.7197149643705463,7240,0.29078409671783445,,9.485352335708631e-06,738.5902985869998
1.7220902612826603,7250,0.2802771806716919,,9.467757543767046e-06,739.4557240800004
1.7244655581947743,7260,0.24133744239807128,,9.45016275182546e-06,740.3781342990005
1.7268408551068883,7270,0.20565247535705566,,9.432567959883875e-06,741.1776716960012
1.7292161520190024,7280,0.2204803228378296,,9.41497316794229e-06,742.0021014510003
1.7315914489311164,7290,0.230842924118042,,9.397378376000704e-06,742.7986948870002
1.7339667458432304,7300,0.20109343528747559,,9.379783584059119e-06,743.6323542930004
1.7363420427553444,7310,0.2004621982574463,,9.362188792117533e-06,744.5380162540005
1.7387173396674585,7320,0.27111425399780276,,9.344594000175948e-06,745.444176983001
1.7410926365795725,7330,0.2630942344665527,,9.326999208234362e-06,746.3484741419998
1.7434679334916865,7340,0.20764462947845458,,9.309404416292777e-06,747.2396476710001
1.7458432304038005,7350,0.20912461280822753,,9.291809624351192e-06,748.0728376520001
1.7482185273159145,7360,0.2510981559753418,,9.274214832409608e-06,748.8981537550007
1.7505938242280283,7370,0.16203263998031617,,9.256620040468022e-06,749.7430913080007
1.7529691211401426,7380,0.2632648706436157,,9.239025248526437e-06,750.5089605330013
1.7553444180522564,7390,0.24079558849334717,,9.221430456584852e-06,751.3289361839998
1.7577197149643706,7400,0.16630730628967286,,9.203835664643266e-06,752.2547638020005
1.7600950118764844,7410,0.2141294002532959,,9.18624087270168e-06,753.1795734420011
1.7624703087885987,7420,0.14912883043289185,,9.168646080760095e-06,754.0955023840015
1.7648456057007125,7430,0.22365286350250244,,9.151051288818511e-06,754.9251096120006
1.7672209026128267,7440,0.21805720329284667,,9.133456496876926e-06,755.7486291720015
1.7695961995249405,7450,0.4191869258880615,,9.11586170493534e-06,756.5318316500015
1.7719714964370548,7460,0.248987078666687,,9.098266912993755e-06,757.322956344
1.7743467933491686,7470,0.21851553916931152,,9.08067212105217e-06,758.1897347210015
1.7767220902612828,7480,0.2811014175415039,,9.063077329110584e-06,759.0236402200007
1.7790973871733966,7490,0.26799707412719725,,9.045482537168999e-06,759.8630714280007
1.7814726840855108,7500,0.18489307165145874,,9.027887745227413e-06,760.6834286290014
1.7838479809976246,7510,0.2112748622894287,,9.010292953285828e-06,761.560712759001
1.7862232779097387,7520,0.26886136531829835,,8.992698161344243e-06,762.4146902730008
1.7885985748218527,7530,0.15673162937164306,,8.975103369402657e-06,763.1980523800012
1.7909738717339667,7540,0.23884222507476807,,8.957508577461073e-06,763.9916202950008
1.7933491686460807,7550,0.29676964282989504,,8.939913785519488e-06,764.8483064130014
1.7957244655581948,7560,0.17832731008529662,,8.922318993577902e-06,765.6157482960007
1.7980997624703088,7570,0.2237985610961914,,8.904724201636317e-06,766.4932720810011
1.8004750593824228,7580,0.22242414951324463,,8.887129409694732e-06,767.3231557180006
1.8028503562945368,7590,0.25435409545898435,,8.869534617753146e-06,768.1655623799998
1.8052256532066508,7600,0.20794956684112548,,8.85193982581156e-06,769.0424290280007
1.8076009501187649,7610,0.23057708740234376,,8.834345033869975e-06,769.9414898840005
1.809976247030879,7620,0.24876067638397217,,8.81675024192839e-06,770.785586461001
1.812351543942993,7630,0.31820785999298096,,8.799155449986804e-06,771.5896234520005
1.814726840855107,7640,0.2464444875717163,,8.781560658045219e-06,772.3772417420005
1.817102137767221,7650,0.15420131683349608,,8.763965866103634e-06,773.3047833830005
1.8194774346793348,7660,0.2355285406112671,,8.746371074162048e-06,774.1587669320015
1.821852731591449,7670,0.20954537391662598,,8.728776282220464e-06,774.9958586840003
1.8242280285035628,7680,0.27938170433044435,,8.711181490278879e-06,775.7826574570008
1.826603325415677,7690,0.31166536808013917,,8.693586698337293e-06,776.6587926890006
1.8289786223277908,7700,0.26032404899597167,,8.675991906395708e-06,777.5659649110003
1.831353919239905,7710,0.23271896839141845,,8.658397114454123e-06,778.4980389660013
1.833729216152019,7720,0.2835005521774292,,8.640802322512537e-06,779.330816574
1.8361045130641331,7730,0.21473414897918702,,8.623207530570952e-06,780.2122646850003
1.838479809976247,7740,0.24958972930908202,,8.605612738629366e-06,781.1827650480009
1.8408551068883612,7750,0.1986364483833313,,8.588017946687781e-06,782.0714387780008
1.843230403800475,7760,0.1730005145072937,,8.570423154746195e-06,782.8791855870004
1.8456057007125892,7770,0.14891400337219238,,8.55282836280461e-06,783.7438278650006
1.847980997624703,7780,0.19637247323989868,,8.535233570863025e-06,784.5992970330008
1.850356294536817,7790,0.2104067325592041,,8.517638778921439e-06,785.5279326090003
1.852731591448931,7800,0.18667103052139283,,8.500043986979855e-06,786.4152100740012
1.855106888361045,7810,0.1978047251701355,,8.48244919503827e-06,787.3156059330013
1.8574821852731591,7820,0.31211352348327637,,8.464854403096684e-06,788.2664652570002
1.8598574821852731,7830,0.20719988346099855,,8.447259611155099e-06,789.072568044001
1.8622327790973872,7840,0.21896028518676758,,8.429664819213514e-06,789.9798459419999
1.8646080760095012,7850,0.2072369337081909,,8.412070027271928e-06,790.774140648
1.8669833729216152,7860,0.25694515705108645,,8.394475235330343e-06,791.6021956490004
1.8693586698337292,7870,0.2192456007003784,,8.376880443388757e-06,792.3920199580007
1.8717339667458432,7880,0.25310218334198,,8.359285651447172e-06,793.2336869650007
1.8741092636579573,7890,0.1749600887298584,,8.341690859505586e-06,794.0895681830007
1.8764845605700713,7900,0.1956423044204712,,8.324096067564001e-06,794.9260641239998
1.8788598574821853,7910,0.24399092197418212,,8.306501275622416e-06,795.772197794
1.8812351543942993,7920,0.275563907623291,,8.28890648368083e-06,796.6607890940013
1.8836104513064131,7930,0.21648788452148438,,8.271311691739245e-06,797.454709529
1.8859857482185274,7940,0.2189288854598999,,8.253716899797661e-06,798.3155633170009
1.8883610451306412,7950,0.3168583154678345,,8.236122107856076e-06,799.0494107000013
1.8907363420427554,7960,0.21403586864471436,,8.21852731591449e-06,799.970604342001
1.8931116389548692,7970,0.19393928050994874,,8.200932523972905e-06,800.8909075970005
1.8954869358669835,7980,0.24749372005462647,,8.18333773203132e-06,801.755977453
1.8978622327790973,7990,0.33598253726959226,,8.165742940089734e-06,802.649505759
1.9002375296912115,8000,0.14631354808807373,,8.148148148148148e-06,803.567633396
1.9026128266033253,8010,0.22974209785461425,,8.130553356206563e-06,804.4031759890004
1.9049881235154396,8020,0.2552593469619751,,8.112958564264977e-06,805.2593742270001
1.9073634204275534,8030,0.17300567626953126,,8.095363772323392e-06,806.0743879260008
1.9097387173396676,8040,0.21195101737976074,,8.077768980381807e-06,806.8953532249998
1.9121140142517814,8050,0.2034233570098877,,8.060174188440221e-06,807.7487973210009
1.9144893111638956,8060,0.29905364513397215,,8.042579396498637e-06,808.596017748001
1.9168646080760094,8070,0.20386710166931152,,8.024984604557052e-06,809.5849658420011
1.9192399049881235,8080,0.2495035409927368,,8.007389812615467e-06,810.478654718001
1.9216152019002375,8090,0.14595707654953002,,7.989795020673881e-06,811.3796672910012
1.9239904988123515,8100,0.2778817415237427,,7.972200228732296e-06,812.2633756800005
1.9263657957244655,8110,0.20652456283569337,,7.954605436790712e-06,813.1028314710002
1.9287410926365796,8120,0.24211325645446777,,7.937010644849126e-06,813.912636680001
1.9311163895486936,8130,0.21923580169677734,,7.919415852907541e-06,814.8435360300009
1.9334916864608076,8140,0.21991095542907715,,7.901821060965956e-06,815.8049240050004
1.9358669833729216,8150,0.1852489471435547,,7.88422626902437e-06,816.6167392330008
1.9382422802850356,8160,0.24210383892059326,,7.866631477082785e-06,817.4630933030003
1.9406175771971497,8170,0.27696444988250735,,7.8490366851412e-06,818.348930260001
1.9429928741092637,8180,0.1670607328414917,,7.831441893199614e-06,819.2131658730013
1.9453681710213777,8190,0.12049983739852906,,7.813847101258028e-06,820.0449620620002
1.9477434679334917,8200,0.24177980422973633,,7.796252309316443e-06,820.8842051150004
1.9501187648456058,8210,0.15378742218017577,,7.778657517374858e-06,821.7057440570006
1.9524940617577196,8220,0.2570855379104614,,7.761062725433272e-06,822.5510063640013
1.9548693586698338,8230,0.233581018447876,,7.743467933491687e-06,823.3733606610003
1.9572446555819476,8240,0.20392374992370604,,7.725873141550101e-06,824.2516987520012
1.9596199524940618,8250,0.22085142135620117,,7.708278349608517e-06,825.1238900890003
1.9619952494061756,8260,0.20754125118255615,,7.690683557666932e-06,826.019659466001
1.96437054631829,8270,0.2266984224319458,,7.673088765725347e-06,826.8579557920002
1.9667458432304037,8280,0.15439006090164184,,7.655493973783761e-06,827.7336110640008
1.969121140142518,8290,0.23028278350830078,,7.637899181842176e-06,828.5812461530004
1.9714964370546317,8300,0.24971020221710205,,7.62030438990059e-06,829.4583499580003
1.973871733966746,8310,0.2553558826446533,,7.602709597959005e-06,830.2318379970002
1.9762470308788598,8320,0.25736122131347655,,7.585114806017419e-06,831.1099027600012
1.978622327790974,8330,0.25901591777801514,,7.567520014075834e-06,831.9580177380012
1.9809976247030878,8340,0.21276016235351564,,7.549925222134249e-06,832.7548097840008
1.9833729216152018,8350,0.27325942516326907,,7.532330430192664e-06,833.5990501510005
1.9857482185273159,8360,0.22998652458190919,,7.5147356382510785e-06,834.463062408
1.98812351543943,8370,0.22818708419799805,,7.497140846309493e-06,835.2579168749999
1.990498812351544,8380,0.19175227880477905,,7.479546054367908e-06,836.1836671620003
1.992874109263658,8390,0.23163342475891113,,7.461951262426322e-06,837.0229047789999
1.995249406175772,8400,0.18757326602935792,,7.444356470484737e-06,837.7801008620008
1.997624703087886,8410,0.26095168590545653,,7.426761678543152e-06,838.6456990610004
2.0,8420,0.2533097743988037,,7.409166886601567e-06,839.3821112020014
2.0,8420,,0.2842356860637665,,841.9097963760014
2.002375296912114,8430,0.29472401142120364,,7.391572094659981e-06,843.4198922710002
2.004750593824228,8440,0.25437967777252196,,7.373977302718396e-06,844.3094030950015
2.007125890736342,8450,0.18252015113830566,,7.35638251077681e-06,845.0904969390012
2.009501187648456,8460,0.3054976940155029,,7.338787718835225e-06,845.8710320629998
2.01187648456057,8470,0.1533726930618286,,7.3211929268936395e-06,846.6856081450005
2.014251781472684,8480,0.19191300868988037,,7.303598134952055e-06,847.5373015599998
2.016627078384798,8490,0.20221102237701416,,7.2860033430104695e-06,848.3937911780013
2.019002375296912,8500,0.25121805667877195,,7.268408551068884e-06,849.2644427720006
2.021377672209026,8510,0.23250527381896974,,7.250813759127299e-06,850.2084561840002
2.02375296912114,8520,0.15501128435134887,,7.233218967185713e-06,851.0353607510006
2.026128266033254,8530,0.24503867626190184,,7.215624175244128e-06,851.8305604430006
2.0285035629453683,8540,0.22233865261077881,,7.198029383302543e-06,852.6495259720014
2.030878859857482,8550,0.2335803747177124,,7.180434591360958e-06,853.4717766419999
2.0332541567695963,8560,0.27369060516357424,,7.162839799419372e-06,854.3530920980011
2.03562945368171,8570,0.21845598220825196,,7.145245007477787e-06,855.2034087820011
2.0380047505938244,8580,0.1770913004875183,,7.127650215536201e-06,855.9333002010007
2.040380047505938,8590,0.2084353446960449,,7.110055423594616e-06,856.7546327920008
2.0427553444180524,8600,0.2854959487915039,,7.0924606316530305e-06,857.588218547
2.045130641330166,8610,0.19461591243743898,,7.074865839711446e-06,858.3749894770008
2.0475059382422804,8620,0.16754840612411498,,7.0572710477698605e-06,859.1934286140004
2.0498812351543942,8630,0.20567045211791993,,7.039676255828275e-06,860.0015267500003
2.0522565320665085,8640,0.20954651832580568,,7.02208146388669e-06,860.8616382360015
2.0546318289786223,8650,0.19452117681503295,,7.004486671945104e-06,861.7855755740002
2.0570071258907365,8660,0.2152776002883911,,6.986891880003519e-06,862.5882397770001
2.0593824228028503,8670,0.17569892406463622,,6.969297088061934e-06,863.4152416490015
2.0617577197149646,8680,0.14985734224319458,,6.951702296120349e-06,864.2217976830016
2.0641330166270784,8690,0.20721008777618408,,6.934107504178763e-06,865.1059168090014
2.0665083135391926,8700,0.18882795572280883,,6.916512712237179e-06,866.003174937001
2.0688836104513064,8710,0.290227484703064,,6.898917920295593e-06,866.8006525230012
2.07125890736342,8720,0.16147322654724122,,6.881323128354009e-06,867.589770007
2.0736342042755345,8730,0.2625653028488159,,6.863728336412423e-06,868.3516719210002
2.0760095011876483,8740,0.2507713079452515,,6.846133544470838e-06,869.2958346260002
2.0783847980997625,8750,0.32558631896972656,,6.828538752529252e-06,870.1387047059998
2.0807600950118763,8760,0.29347479343414307,,6.810943960587667e-06,871.0480651369999
2.0831353919239906,8770,0.2349919080734253,,6.7933491686460815e-06,871.973413183001
2.0855106888361044,8780,0.22583310604095458,,6.775754376704496e-06,872.8395950660015
2.0878859857482186,8790,0.29949021339416504,,6.7581595847629114e-06,873.6444579140007
2.0902612826603324,8800,0.19868030548095703,,6.740564792821326e-06,874.4617675230002
2.0926365795724466,8810,0.19782649278640746,,6.7229700008797406e-06,875.3405355030009
2.0950118764845604,8820,0.2047206163406372,,6.705375208938155e-06,876.2404369750002
2.0973871733966747,8830,0.24660472869873046,,6.68778041699657e-06,877.0311566770015
2.0997624703087885,8840,0.1816393494606018,,6.670185625054984e-06,877.9027203780006
2.1021377672209027,8850,0.23368842601776124,,6.6525908331134e-06,878.8453316670002
2.1045130641330165,8860,0.16043719053268432,,6.634996041171814e-06,879.6524753020003
2.1068883610451308,8870,0.2861816883087158,,6.617401249230229e-06,880.4912716240015
2.1092636579572446,8880,0.22540292739868165,,6.599806457288643e-06,881.4247085080005
2.111638954869359,8890,0.1788098096847534,,6.582211665347058e-06,882.3228471430011
2.1140142517814726,8900,0.17060920000076293,,6.5646168734054725e-06,883.169233128001
2.116389548693587,8910,0.17048074007034303,,6.547022081463887e-06,883.9888161979998
2.1187648456057007,8920,0.18875186443328856,,6.5294272895223024e-06,884.818620334001
2.121140142517815,8930,0.2576763391494751,,6.511832497580717e-06,885.6481788910005
2.1235154394299287,8940,0.2828895092010498,,6.4942377056391316e-06,886.4364920799999
2.125890736342043,8950,0.2424219846725464,,6.476642913697546e-06,887.2425332310013
2.1282660332541568,8960,0.19742594957351683,,6.459048121755961e-06,888.053272221001
2.130641330166271,8970,0.2595945119857788,,6.441453329814375e-06,888.8292450019999
2.133016627078385,8980,0.13408278226852416,,6.423858537872791e-06,889.6172489360015
2.1353919239904986,8990,0.2496558904647827,,6.406263745931205e-06,890.5072381450009
2.137767220902613,9000,0.2056364059448242,,6.38866895398962e-06,891.2770481440002
2.1401425178147266,9010,0.27377421855926515,,6.371074162048034e-06,892.1192048320008
2.142517814726841,9020,0.17883771657943726,,6.353479370106449e-06,893.0001137050003
2.1448931116389547,9030,0.20125265121459962,,6.3358845781648635e-06,893.8260465210005
2.147268408551069,9040,0.23015313148498534,,6.318289786223278e-06,894.6324603700014
2.1496437054631827,9050,0.29090285301208496,,6.3006949942816934e-06,895.4954757209998
2.152019002375297,9060,0.16407746076583862,,6.283100202340108e-06,896.2895645019998
2.1543942992874108,9070,0.2911761522293091,,6.2655054103985226e-06,897.0798572550011
2.156769596199525,9080,0.21586716175079346,,6.247910618456937e-06,897.9571982779999
2.159144893111639,9090,0.17343829870223998,,6.230315826515352e-06,898.8480576410002
2.161520190023753,9100,0.25700695514678956,,6.212721034573766e-06,899.7164964210006
2.163895486935867,9110,0.2969987154006958,,6.195126242632181e-06,900.6358258360015
2.166270783847981,9120,0.295508885383606,,6.177531450690596e-06,901.4563648230014
2.168646080760095,9130,0.2317063570022583,,6.159936658749011e-06,902.224271426001
2.171021377672209,9140,0.3007161617279053,,6.142341866807425e-06,903.1376476370006
2.173396674584323,9150,0.20220484733581542,,6.12474707486584e-06,903.9903442370014
2.175771971496437,9160,0.19605250358581544,,6.1071522829242545e-06,904.7943095560004
2.178147268408551,9170,0.2507628440856934,,6.089557490982669e-06,905.6738438810007
2.1805225653206652,9180,0.24222221374511718,,6.0719626990410844e-06,906.5493426620014
2.182897862232779,9190,0.12244539260864258,,6.054367907099499e-06,907.4325422390011
2.1852731591448933,9200,0.18860118389129638,,6.0367731151579136e-06,908.2707452940012
2.187648456057007,9210,0.2482459545135498,,6.019178323216328e-06,909.0722438400007
2.1900237529691213,9220,0.18464819192886353,,6.001583531274743e-06,909.8913049660005
2.192399049881235,9230,0.17018235921859742,,5.983988739333157e-06,910.7313913300004
2.1947743467933494,9240,0.25521392822265626,,5.966393947391572e-06,911.667546011
2.197149643705463,9250,0.14513832330703735,,5.948799155449987e-06,912.5331240320011
2.199524940617577,9260,0.29465398788452146,,5.931204363508402e-06,913.4114007300013
2.201900237529691,9270,0.14010049104690553,,5.913609571566816e-06,914.2382640000014
2.204275534441805,9280,0.21552281379699706,,5.896014779625231e-06,914.9674297130005
2.2066508313539193,9290,0.2179647922515869,,5.8784199876836455e-06,915.8405866890007
2.209026128266033,9300,0.24855585098266603,,5.86082519574206e-06,916.7478906020006
2.2114014251781473,9310,0.22193963527679444,,5.843230403800475e-06,917.6512257129998
2.213776722090261,9320,0.1846224546432495,,5.82563561185889e-06,918.543737643
2.2161520190023754,9330,0.19584816694259644,,5.808040819917305e-06,919.4380509630009
2.218527315914489,9340,0.2158048391342163,,5.79044602797572e-06,920.2979913050003
2.2209026128266034,9350,0.14028488397598265,,5.7728512360341345e-06,921.1951448810014
2.223277909738717,9360,0.17471529245376588,,5.75525644409255e-06,922.119130088
2.2256532066508314,9370,0.2665622472763062,,5.7376616521509645e-06,922.9069439089999
2.2280285035629452,9380,0.13451310396194457,,5.720066860209379e-06,923.7423909680001
2.2304038004750595,9390,0.16573858261108398,,5.702472068267794e-06,924.6011044040006
2.2327790973871733,9400,0.21203722953796386,,5.684877276326208e-06,925.5135263870015
2.2351543942992875,9410,0.182450532913208,,5.667282484384623e-06,926.373827028001
2.2375296912114013,9420,0.20096280574798583,,5.649687692443037e-06,927.318660334
2.2399049881235156,9430,0.19907865524291993,,5.632092900501453e-06,928.1693296379999
2.2422802850356294,9440,0.23259289264678956,,5.614498108559867e-06,929.0003596309998
2.2446555819477436,9450,0.13287376165390014,,5.596903316618282e-06,929.8097932890014
2.2470308788598574,9460,0.1915345549583435,,5.579308524676696e-06,930.7516652670001
2.2494061757719717,9470,0.12210818529129028,,5.561713732735111e-06,931.648542111001
2.2517814726840855,9480,0.23509640693664552,,5.5441189407935255e-06,932.4887227600011
2.2541567695961997,9490,0.2073286771774292,,5.526524148851941e-06,933.3493319570007
2.2565320665083135,9500,0.2479034662246704,,5.5089293569103555e-06,934.2080222330005
2.2589073634204277,9510,0.30833170413970945,,5.49133456496877e-06,935.0671110140011
2.2612826603325415,9520,0.32624034881591796,,5.473739773027185e-06,935.9680365640015
2.2636579572446553,9530,0.11955002546310425,,5.456144981085599e-06,936.8342589820004
2.2660332541567696,9540,0.18004388809204103,,5.438550189144014e-06,937.669381832
2.268408551068884,9550,0.20274250507354735,,5.420955397202428e-06,938.4640584000008
2.2707838479809976,9560,0.17258237600326537,,5.403360605260844e-06,939.2589862510013
2.2731591448931114,9570,0.20956568717956542,,5.385765813319258e-06,940.1297569920007
2.2755344418052257,9580,0.17947272062301636,,5.368171021377673e-06,940.9355606919999
2.2779097387173395,9590,0.18325598239898683,,5.350576229436087e-06,941.7193244000009
2.2802850356294537,9600,0.1841939926147461,,5.332981437494502e-06,942.5472464869999
2.2826603325415675,9610,0.16951904296875,,5.3153866455529165e-06,943.3490944630012
2.2850356294536818,9620,0.21074943542480468,,5.297791853611331e-06,944.133007632001
2.2874109263657956,9630,0.24355795383453369,,5.2801970616697465e-06,945.02346253
2.28978622327791,9640,0.22821171283721925,,5.262602269728161e-06,945.8916300190012
2.2921615201900236,9650,0.20723552703857423,,5.245007477786576e-06,946.6867896479998
2.294536817102138,9660,0.1807924509048462,,5.22741268584499e-06,947.5522628489998
2.2969121140142517,9670,0.2476276636123657,,5.209817893903405e-06,948.3812794510013
2.299287410926366,9680,0.2477342128753662,,5.192223101961819e-06,949.1101834500005
2.3016627078384797,9690,0.21625347137451173,,5.174628310020235e-06,949.91545314
2.304038004750594,9700,0.29461405277252195,,5.157033518078649e-06,950.8749078290002
2.3064133016627077,9710,0.21423015594482422,,5.139438726137064e-06,951.6711966160001
2.308788598574822,9720,0.19828888177871704,,5.121843934195478e-06,952.453402735
2.311163895486936,9730,0.22886581420898439,,5.104249142253893e-06,953.2755617780003
2.31353919239905,9740,0.16319379806518555,,5.0866543503123075e-06,954.0547947340001
2.315914489311164,9750,0.24901201725006103,,5.069059558370722e-06,954.8924489400015
2.318289786223278,9760,0.18431659936904907,,5.0514647664291375e-06,955.7695128220003
2.320665083135392,9770,0.17097070217132568,,5.033869974487552e-06,956.6644910000014
2.323040380047506,9780,0.30768208503723143,,5.016275182545967e-06,957.587173803
2.32541567695962,9790,0.23241751194000243,,4.998680390604381e-06,958.4682648910002
2.3277909738717337,9800,0.2582296371459961,,4.981085598662796e-06,959.327845664
2.330166270783848,9810,0.27478556632995604,,4.963490806721211e-06,960.1437980050014
2.332541567695962,9820,0.21135873794555665,,4.945896014779626e-06,961.099558848
2.334916864608076,9830,0.27546489238739014,,4.92830122283804e-06,961.9988163819999
2.33729216152019,9840,0.21751511096954346,,4.910706430896455e-06,962.8913838600001
2.339667458432304,9850,0.25497589111328123,,4.89311163895487e-06,963.6822478989998
2.342042755344418,9860,0.23294274806976317,,4.875516847013285e-06,964.5886843919998
2.344418052256532,9870,0.21624517440795898,,4.857922055071699e-06,965.4084312480009
2.346793349168646,9880,0.14907864332199097,,4.840327263130114e-06,966.29638591
2.34916864608076,9890,0.2519310235977173,,4.8227324711885285e-06,967.1922311220005
2.351543942992874,9900,0.15783791542053222,,4.805137679246943e-06,968.029352765001
2.353919239904988,9910,0.20967319011688232,,4.7875428873053585e-06,968.8618345800005
2.356294536817102,9920,0.32931928634643554,,4.769948095363773e-06,969.7754455120012
2.3586698337292162,9930,0.19571651220321656,,4.752353303422188e-06,970.6782678390009
2.36104513064133,9940,0.21995840072631836,,4.734758511480602e-06,971.5116303600007
2.3634204275534443,9950,0.14347548484802247,,4.717163719539017e-06,972.3130705370004
2.365795724465558,9960,0.23920030593872071,,4.699568927597431e-06,973.1828348480012
2.3681710213776723,9970,0.23232755661010743,,4.681974135655846e-06,974.0515546670013
2.370546318289786,9980,0.20263125896453857,,4.664379343714261e-06,974.8697901640007
2.3729216152019004,9990,0.2767998695373535,,4.646784551772676e-06,975.7759405760007
2.375296912114014,10000,0.24206390380859374,,4.62918975983109e-06,976.5695393350015
2.3776722090261284,10010,0.21866304874420167,,4.611594967889505e-06,977.5318439700004
2.380047505938242,10020,0.26670470237731936,,4.5940001759479195e-06,978.3824722220015
2.3824228028503565,10030,0.26475579738616944,,4.576405384006334e-06,979.2280751220005
2.3847980997624703,10040,0.3222332239151001,,4.5588105920647495e-06,980.0614165830011
2.3871733966745845,10050,0.31089153289794924,,4.541215800123164e-06,980.950015239001
2.3895486935866983,10060,0.22165234088897706,,4.523621008181579e-06,981.8804700700002
2.391923990498812,10070,0.20422723293304443,,4.506026216239993e-06,982.6777626540006
2.3942992874109263,10080,0.23256258964538573,,4.488431424298408e-06,983.5687168390014
2.3966745843230406,10090,0.2713829755783081,,4.470836632356822e-06,984.3397925030004
2.3990498812351544,10100,0.1943796992301941,,4.453241840415237e-06,985.2205687290007
2.401425178147268,10110,0.267408561706543,,4.435647048473652e-06,986.0207908170014
2.4038004750593824,10120,0.28930494785308836,,4.418052256532067e-06,986.900065101001
2.4061757719714967,10130,0.286074161529541,,4.400457464590482e-06,987.7999782900006
2.4085510688836105,10140,0.15805189609527587,,4.382862672648897e-06,988.7378096640005
2.4109263657957243,10150,0.2554197311401367,,4.365267880707311e-06,989.5949966070002
2.4133016627078385,10160,0.2966278553009033,,4.347673088765726e-06,990.5262883380001
2.4156769596199523,10170,0.23558282852172852,,4.3300782968241405e-06,991.3656243170008
2.4180522565320666,10180,0.31561110019683836,,4.312483504882555e-06,992.1763905910011
2.4204275534441804,10190,0.18711408376693725,,4.29488871294097e-06,993.1450263030001
2.4228028503562946,10200,0.20398988723754882,,4.277293920999385e-06,994.014875289
2.4251781472684084,10210,0.22497994899749757,,4.2596991290578e-06,994.9059112390005
2.4275534441805227,10220,0.28235323429107667,,4.242104337116214e-06,995.7810748680004
2.4299287410926365,10230,0.252512264251709,,4.224509545174629e-06,996.6428856600014
2.4323040380047507,10240,0.18817535638809205,,4.206914753233043e-06,997.5505308820011
2.4346793349168645,10250,0.19650712013244628,,4.189319961291458e-06,998.4691872889998
2.4370546318289787,10260,0.1907109260559082,,4.171725169349872e-06,999.3345261960003
2.4394299287410925,10270,0.21454923152923583,,4.154130377408288e-06,1000.166127724
2.441805225653207,10280,0.2331017255783081,,4.136535585466702e-06,1000.959572142001
2.4441805225653206,10290,0.25948872566223147,,4.118940793525117e-06,1001.9937917910011
2.446555819477435,10300,0.15711188316345215,,4.1013460015835315e-06,1002.966234331001
2.4489311163895486,10310,0.18238972425460814,,4.083751209641946e-06,1003.8953346950002
2.451306413301663,10320,0.24420678615570068,,4.066156417700361e-06,1004.8336868740007
2.4536817102137767,10330,0.17162503004074098,,4.048561625758776e-06,1005.7549959010012
2.456057007125891,10340,0.14091480970382692,,4.030966833817191e-06,1006.5818368740001
2.4584323040380047,10350,0.26217427253723147,,4.013372041875605e-06,1007.4556362090007
2.460807600950119,10360,0.21798954010009766,,3.99577724993402e-06,1008.2803487689998
2.4631828978622328,10370,0.24308137893676757,,3.978182457992434e-06,1009.100514705
2.4655581947743466,10380,0.20502967834472657,,3.960587666050849e-06,1009.9916622290002
2.467933491686461,10390,0.3094642639160156,,3.942992874109263e-06,1010.8596894340008
2.470308788598575,10400,0.22135598659515382,,3.925398082167679e-06,1011.6456813929999
2.472684085510689,10410,0.24808046817779542,,3.907803290226093e-06,1012.4271795050008
2.4750593824228027,10420,0.22008562088012695,,3.890208498284508e-06,1013.309945215
2.477434679334917,10430,0.11747376918792725,,3.8726137063429225e-06,1014.1283795440013
2.4798099762470307,10440,0.19651817083358764,,3.855018914401337e-06,1014.9044986300014
2.482185273159145,10450,0.20325083732604982,,3.8374241224597525e-06,1015.7556479180002
2.4845605700712587,10460,0.22427704334259033,,3.819829330518167e-06,1016.6580176010011
2.486935866983373,10470,0.24415247440338134,,3.802234538576582e-06,1017.5957906170006
2.489311163895487,10480,0.17061426639556884,,3.7846397466349966e-06,1018.4096317399999
2.491686460807601,10490,0.18453638553619384,,3.767044954693411e-06,1019.3405786520016
2.494061757719715,10500,0.2102226972579956,,3.749450162751826e-06,1020.2560591689999
2.496437054631829,10510,0.2170703411102295,,3.7318553708102407e-06,1021.1181330979998
2.498812351543943,10520,0.17732857465744017,,3.7142605788686553e-06,1021.9781246630009
2.501187648456057,10530,0.18065354824066163,,3.69666578692707e-06,1022.7574159209998
2.503562945368171,10540,0.17808661460876465,,3.679070994985485e-06,1023.6743834110002
2.505938242280285,10550,0.2351395606994629,,3.6614762030438994e-06,1024.4216924240009
2.508313539192399,10560,0.23556170463562012,,3.643881411102314e-06,1025.2969852170008
2.510688836104513,10570,0.18075510263442993,,3.626286619160729e-06,1026.148123899
2.513064133016627,10580,0.2601713895797729,,3.6086918272191435e-06,1027.011910258001
2.5154394299287413,10590,0.25050108432769774,,3.591097035277558e-06,1027.6695724440015
2.517814726840855,10600,0.2268848180770874,,3.573502243335973e-06,1028.5166139379999
2.520190023752969,10610,0.1522263765335083,,3.5559074513943876e-06,1029.357799806001
2.522565320665083,10620,0.17834078073501586,,3.538312659452802e-06,1030.1809773090008
2.5249406175771973,10630,0.21421780586242675,,3.5207178675112167e-06,1030.9710168359998
2.527315914489311,10640,0.1673523187637329,,3.5031230755696317e-06,1031.8338640050006
2.529691211401425,10650,0.26856656074523927,,3.4855282836280463e-06,1032.6568886200002
2.532066508313539,10660,0.21953339576721193,,3.467933491686461e-06,1033.5082249710013
2.5344418052256534,10670,0.2849563121795654,,3.450338699744876e-06,1034.4038758330007
2.5368171021377672,10680,0.220916223526001,,3.4327439078032904e-06,1035.1730809340006
2.539192399049881,10690,0.26334590911865235,,3.415149115861705e-06,1035.9927485440003
2.5415676959619953,10700,0.17039861679077148,,3.39755432392012e-06,1036.8979740600007
2.5439429928741095,10710,0.18883012533187865,,3.3799595319785345e-06,1037.7675851650001
2.5463182897862233,10720,0.19482128620147704,,3.362364740036949e-06,1038.7280962180012
2.548693586698337,10730,0.23295814990997316,,3.344769948095364e-06,1039.5728264320005
2.5510688836104514,10740,0.31740195751190187,,3.3271751561537786e-06,1040.4477835870002
2.553444180522565,10750,0.23704023361206056,,3.309580364212193e-06,1041.270395429001
2.5558194774346794,10760,0.1999642252922058,,3.2919855722706086e-06,1042.1353558830015
2.558194774346793,10770,0.1553396463394165,,3.274390780329023e-06,1043.0037451970002
2.5605700712589075,10780,0.23836178779602052,,3.2567959883874377e-06,1043.8560415230004
2.5629453681710213,10790,0.2621971845626831,,3.2392011964458527e-06,1044.6657038829999
2.5653206650831355,10800,0.2406569242477417,,3.2216064045042672e-06,1045.5702307890006
2.5676959619952493,10810,0.22406344413757323,,3.204011612562682e-06,1046.379430111001
2.5700712589073635,10820,0.15796343088150025,,3.1864168206210968e-06,1047.2017779220005
2.5724465558194773,10830,0.20919628143310548,,3.1688220286795113e-06,1048.0313039379998
2.5748218527315916,10840,0.22568967342376708,,3.151227236737926e-06,1048.7710952510006
2.5771971496437054,10850,0.26085379123687746,,3.1336324447963405e-06,1049.6154072099998
2.5795724465558196,10860,0.1937756896018982,,3.1160376528547555e-06,1050.414214837001
2.5819477434679334,10870,0.24288640022277833,,3.09844286091317e-06,1051.2213370190002
2.5843230403800472,10880,0.24127042293548584,,3.0808480689715846e-06,1052.1231693400005
2.5866983372921615,10890,0.2001436948776245,,3.0632532770299996e-06,1053.0179321790001
2.5890736342042757,10900,0.23821649551391602,,3.045658485088414e-06,1053.816850411
2.5914489311163895,10910,0.18155163526535034,,3.0280636931468287e-06,1054.6106111670015
2.5938242280285033,10920,0.22071244716644287,,3.0104689012052437e-06,1055.4467998700002
2.5961995249406176,10930,0.1560475468635559,,2.9928741092636582e-06,1056.288474686
2.598574821852732,10940,0.20339045524597169,,2.975279317322073e-06,1057.086029776001
2.6009501187648456,10950,0.19846673011779786,,2.9576845253804874e-06,1057.9744779430002
2.6033254156769594,10960,0.18351147174835206,,2.9400897334389023e-06,1058.7999545010007
2.6057007125890737,10970,0.2406672716140747,,2.922494941497317e-06,1059.5908479130012
2.608076009501188,10980,0.23519597053527833,,2.9049001495557315e-06,1060.4284165460012
2.6104513064133017,10990,0.2070037841796875,,2.8873053576141465e-06,1061.2866317690005
2.6128266033254155,11000,0.26604671478271485,,2.869710565672561e-06,1062.1106663589999
2.6152019002375297,11010,0.1557340145111084,,2.8521157737309756e-06,1062.8870842630004
2.6175771971496435,11020,0.25159053802490233,,2.8345209817893906e-06,1063.766991972001
2.619952494061758,11030,0.22777514457702636,,2.816926189847805e-06,1064.5744866040004
2.6223277909738716,11040,0.22758569717407226,,2.7993313979062197e-06,1065.4689868180012
2.624703087885986,11050,0.21863007545471191,,2.7817366059646343e-06,1066.2600968430015
2.6270783847980996,11060,0.26392822265625,,2.7641418140230492e-06,1067.1992519200012
2.629453681710214,11070,0.3104473829269409,,2.746547022081464e-06,1068.0592444920003
2.6318289786223277,11080,0.22537670135498047,,2.728952230139879e-06,1068.8777121080002
2.634204275534442,11090,0.23751060962677,,2.7113574381982938e-06,1069.681239851001
2.6365795724465557,11100,0.1746168851852417,,2.6937626462567083e-06,1070.52912517
2.63895486935867,11110,0.14592056274414061,,2.6761678543151233e-06,1071.2972344360005
2.6413301662707838,11120,0.22349393367767334,,2.658573062373538e-06,1072.0958481449998
2.643705463182898,11130,0.28546648025512694,,2.6409782704319524e-06,1073.0119869549999
2.646080760095012,11140,0.2332767963409424,,2.6233834784903674e-06,1073.8804135890005
2.648456057007126,11150,0.30476205348968505,,2.605788686548782e-06,1074.7160770480004
2.65083135391924,11160,0.2788099765777588,,2.5881938946071966e-06,1075.5191928120003
2.653206650831354,11170,0.25769007205963135,,2.570599102665611e-06,1076.376449184001
2.655581947743468,11180,0.17735979557037354,,2.553004310724026e-06,1077.3103750980008
2.6579572446555817,11190,0.1720193147659302,,2.5354095187824407e-06,1078.1582411939999
2.660332541567696,11200,0.19450385570526124,,2.5178147268408552e-06,1078.9615191450011
2.66270783847981,11210,0.25997912883758545,,2.5002199348992702e-06,1079.8079384330013
2.665083135391924,11220,0.239677357673645,,2.4826251429576848e-06,1080.698959329
2.667458432304038,11230,0.13465497493743897,,2.4650303510160993e-06,1081.5008012590006
2.669833729216152,11240,0.17970964908599854,,2.4474355590745143e-06,1082.367179922001
2.6722090261282663,11250,0.21696696281433106,,2.429840767132929e-06,1083.2106833750004
2.67458432304038,11260,0.21441364288330078,,2.4122459751913434e-06,1084.0220714730003
2.676959619952494,11270,0.2641617774963379,,2.394651183249758e-06,1084.8681040770007
2.679334916864608,11280,0.2802074909210205,,2.377056391308173e-06,1085.7791759540014
2.6817102137767224,11290,0.169024658203125,,2.3594615993665876e-06,1086.6904125910005
2.684085510688836,11300,0.20515356063842774,,2.341866807425002e-06,1087.5472393660002
2.68646080760095,11310,0.26305556297302246,,2.324272015483417e-06,1088.4296742860006
2.688836104513064,11320,0.2036888599395752,,2.306677223541832e-06,1089.211073808001
2.691211401425178,11330,0.24203889369964598,,2.2890824316002467e-06,1090.0301446290014
2.6935866983372923,11340,0.3124049663543701,,2.2714876396586612e-06,1090.8763925490002
2.695961995249406,11350,0.25531826019287107,,2.253892847717076e-06,1091.6717587840012
2.6983372921615203,11360,0.29570708274841306,,2.2362980557754908e-06,1092.5398565430005
2.700712589073634,11370,0.22417004108428956,,2.2187032638339053e-06,1093.4280936940013
2.7030878859857483,11380,0.2997255325317383,,2.20110847189232e-06,1094.2186684930002
2.705463182897862,11390,0.18170862197875975,,2.183513679950735e-06,1095.100878096
2.7078384798099764,11400,0.2291625738143921,,2.1659188880091494e-06,1095.8982467710011
2.71021377672209,11410,0.13740569353103638,,2.148324096067564e-06,1096.737096117
2.7125890736342044,11420,0.11175929307937622,,2.130729304125979e-06,1097.5154175740008
2.7149643705463182,11430,0.2214303731918335,,2.1131345121843935e-06,1098.3201571150003
2.7173396674584325,11440,0.2668021202087402,,2.095539720242808e-06,1099.1872794500014
2.7197149643705463,11450,0.28436985015869143,,2.077944928301223e-06,1100.103327031
2.72209026128266,11460,0.14830776453018188,,2.0603501363596377e-06,1100.9548076570009
2.7244655581947743,11470,0.1788703680038452,,2.0427553444180522e-06,1101.7798368880012
2.7268408551068886,11480,0.21137747764587403,,2.025160552476467e-06,1102.6182471130014
2.7292161520190024,11490,0.13919010162353515,,2.0075657605348818e-06,1103.4398141760012
2.731591448931116,11500,0.17366278171539307,,1.9899709685932968e-06,1104.274546681001
2.7339667458432304,11510,0.3004807710647583,,1.9723761766517113e-06,1105.0654908310007
2.7363420427553447,11520,0.2264075756072998,,1.954781384710126e-06,1105.8985478760005
2.7387173396674585,11530,0.1767994999885559,,1.937186592768541e-06,1106.7556834040006
2.7410926365795723,11540,0.16691535711288452,,1.9195918008269554e-06,1107.5753195530015
2.7434679334916865,11550,0.21676163673400878,,1.90199700888537e-06,1108.3317438820013
2.7458432304038007,11560,0.2686438083648682,,1.8844022169437848e-06,1109.1958025100012
2.7482185273159145,11570,0.23567986488342285,,1.8668074250021995e-06,1110.0440216389998
2.7505938242280283,11580,0.23754351139068602,,1.849212633060614e-06,1110.8359026940016
2.7529691211401426,11590,0.24474458694458007,,1.8316178411190289e-06,1111.593798232001
2.7553444180522564,11600,0.14321432113647461,,1.8140230491774436e-06,1112.4275255930006
2.7577197149643706,11610,0.17376236915588378,,1.7964282572358582e-06,1113.2913089850008
2.7600950118764844,11620,0.21440296173095702,,1.778833465294273e-06,1114.1095155090006
2.7624703087885987,11630,0.2081193208694458,,1.7612386733526875e-06,1114.9132469100005
2.7648456057007125,11640,0.24124276638031006,,1.7436438814111025e-06,1115.7872180989998
2.7672209026128267,11650,0.26434006690979006,,1.7260490894695173e-06,1116.5516604420009
2.7695961995249405,11660,0.29406874179840087,,1.7084542975279319e-06,1117.4912515310007
2.7719714964370548,11670,0.19916141033172607,,1.6908595055863466e-06,1118.3796084730002
2.7743467933491686,11680,0.17969281673431398,,1.6732647136447614e-06,1119.2163221870014
2.776722090261283,11690,0.20954422950744628,,1.655669921703176e-06,1120.044123021
2.7790973871733966,11700,0.1589491844177246,,1.6380751297615907e-06,1120.9308446150008
2.781472684085511,11710,0.17436848878860473,,1.6204803378200053e-06,1121.7667419000009
2.7838479809976246,11720,0.20429534912109376,,1.60288554587842e-06,1122.6075637949998
2.7862232779097384,11730,0.1930796265602112,,1.5852907539368349e-06,1123.4891296840015
2.7885985748218527,11740,0.19142192602157593,,1.5676959619952494e-06,1124.2914539909998
2.790973871733967,11750,0.21150805950164794,,1.5501011700536642e-06,1125.010411659001
2.7933491686460807,11760,0.18789693117141723,,1.5325063781120788e-06,1125.8603781520014
2.7957244655581945,11770,0.1601775884628296,,1.5149115861704935e-06,1126.7015766660006
2.798099762470309,11780,0.2863217115402222,,1.4973167942289083e-06,1127.5280465249998
2.800475059382423,11790,0.2419656991958618,,1.4797220022873233e-06,1128.368774374001
2.802850356294537,11800,0.1398915410041809,,1.4621272103457379e-06,1129.234046173
2.8052256532066506,11810,0.2579337596893311,,1.4445324184041526e-06,1130.0800315150009
2.807600950118765,11820,0.20701973438262938,,1.4269376264625672e-06,1130.8421754190003
2.809976247030879,11830,0.16097203493118287,,1.409342834520982e-06,1131.6828282470015
2.812351543942993,11840,0.17927682399749756,,1.3917480425793967e-06,1132.5075472480003
2.8147268408551067,11850,0.1867161512374878,,1.3741532506378113e-06,1133.3217549820001
2.817102137767221,11860,0.21117725372314453,,1.356558458696226e-06,1134.204508723
2.8194774346793348,11870,0.21140031814575194,,1.3389636667546406e-06,1135.0701060270003
2.821852731591449,11880,0.18504735231399536,,1.3213688748130554e-06,1135.9053684710016
2.824228028503563,11890,0.2819926977157593,,1.3037740828714702e-06,1136.695503039
2.826603325415677,11900,0.24097979068756104,,1.2861792909298847e-06,1137.5739944530014
2.828978622327791,11910,0.13764723539352416,,1.2685844989882995e-06,1138.4580546180005
2.831353919239905,11920,0.33110666275024414,,1.250989707046714e-06,1139.293189809001
2.833729216152019,11930,0.16933157444000244,,1.233394915105129e-06,1140.1281591200004
2.836104513064133,11940,0.2947417736053467,,1.2158001231635436e-06,1141.035346771001
2.838479809976247,11950,0.159149169921875,,1.1982053312219584e-06,1141.9506686640016
2.840855106888361,11960,0.306611967086792,,1.1806105392803732e-06,1142.749128069001
2.843230403800475,11970,0.21269371509552001,,1.1630157473387877e-06,1143.5337088590004
2.8456057007125892,11980,0.14072641134262084,,1.1454209553972025e-06,1144.4162888280007
2.847980997624703,11990,0.1871643543243408,,1.1278261634556173e-06,1145.2766335600008
2.850356294536817,12000,0.14270734786987305,,1.110231371514032e-06,1146.1099731880004
2.852731591448931,12010,0.17112048864364623,,1.0926365795724466e-06,1146.9984687209999
2.8551068883610453,12020,0.33089163303375246,,1.0750417876308614e-06,1147.8593105500004
2.857482185273159,12030,0.2424497127532959,,1.057446995689276e-06,1148.7021101030005
2.859857482185273,12040,0.17567383050918578,,1.0398522037476907e-06,1149.5547338820015
2.862232779097387,12050,0.14431360960006714,,1.0222574118061055e-06,1150.457491127001
2.8646080760095014,12060,0.2425025463104248,,1.00466261986452e-06,1151.3123475000011
2.866983372921615,12070,0.20110082626342773,,9.87067827922935e-07,1152.1785158780003
2.869358669833729,12080,0.15775007009506226,,9.694730359813496e-07,1152.9996206160013
2.8717339667458432,12090,0.2190002679824829,,9.518782440397643e-07,1153.9234679310011
2.8741092636579575,12100,0.2700834274291992,,9.342834520981791e-07,1154.7763577710011
2.8764845605700713,12110,0.22999219894409179,,9.166886601565937e-07,1155.5879347710015
2.878859857482185,12120,0.1628374218940735,,8.990938682150084e-07,1156.448870047001
2.8812351543942993,12130,0.1560983419418335,,8.814990762734231e-07,1157.354278203
2.883610451306413,12140,0.19571230411529542,,8.639042843318378e-07,1158.2158044080006
2.8859857482185274,12150,0.23337223529815673,,8.463094923902526e-07,1159.0768101900012
2.888361045130641,12160,0.17901887893676757,,8.287147004486673e-07,1159.9764068020013
2.8907363420427554,12170,0.2856168746948242,,8.11119908507082e-07,1160.8562494960006
2.8931116389548692,12180,0.18812930583953857,,7.935251165654967e-07,1161.720796697
2.8954869358669835,12190,0.17989426851272583,,7.759303246239114e-07,1162.605513857001
2.8978622327790973,12200,0.2662172555923462,,7.583355326823261e-07,1163.4904597840014
2.9002375296912115,12210,0.2191368579864502,,7.407407407407407e-07,1164.3253332969998
2.9026128266033253,12220,0.18059165477752687,,7.231459487991555e-07,1165.1614948180013
2.9049881235154396,12230,0.22108125686645508,,7.055511568575703e-07,1165.9935810320003
2.9073634204275534,12240,0.16389070749282836,,6.879563649159849e-07,1166.8691869270006
2.9097387173396676,12250,0.15511887073516845,,6.703615729743996e-07,1167.7813796870014
2.9121140142517814,12260,0.20102238655090332,,6.527667810328144e-07,1168.5874638090008
2.9144893111638956,12270,0.13969521522521972,,6.351719890912291e-07,1169.3885296780009
2.9168646080760094,12280,0.20895121097564698,,6.175771971496437e-07,1170.2337996730002
2.9192399049881237,12290,0.21943063735961915,,5.999824052080585e-07,1171.058162569001
2.9216152019002375,12300,0.255574107170105,,5.823876132664732e-07,1172.0110854490013
2.9239904988123513,12310,0.18275306224822999,,5.647928213248878e-07,1172.8703926080016
2.9263657957244655,12320,0.1825075626373291,,5.471980293833026e-07,1173.730215507001
2.92874109263658,12330,0.2113213062286377,,5.296032374417173e-07,1174.5474165390006
2.9311163895486936,12340,0.18609124422073364,,5.12008445500132e-07,1175.3838132220008
2.9334916864608074,12350,0.2384775161743164,,4.944136535585467e-07,1176.2654933990016
2.9358669833729216,12360,0.24993207454681396,,4.768188616169614e-07,1177.0764500910009
2.938242280285036,12370,0.24304709434509278,,4.5922406967537616e-07,1177.9343422760012
2.9406175771971497,12380,0.24841980934143065,,4.416292777337908e-07,1178.7900145410003
2.9429928741092635,12390,0.23357460498809815,,4.2403448579220555e-07,1179.6606694350012
2.9453681710213777,12400,0.250704288482666,,4.064396938506202e-07,1180.43573354
2.947743467933492,12410,0.12605806589126586,,3.88844901909035e-07,1181.2905628120006
2.9501187648456058,12420,0.21079061031341553,,3.7125010996744966e-07,1182.1629362490003
2.9524940617577196,12430,0.167366099357605,,3.536553180258644e-07,1182.9730901930016
2.954869358669834,12440,0.16536865234375,,3.3606052608427905e-07,1183.8992227910003
2.9572446555819476,12450,0.15571351051330568,,3.184657341426938e-07,1184.7902402620002
2.959619952494062,12460,0.20009222030639648,,3.008709422011085e-07,1185.703012348
2.9619952494061756,12470,0.18376892805099487,,2.832761502595232e-07,1186.4988645040012
2.96437054631829,12480,0.2258551836013794,,2.6568135831793793e-07,1187.3064249950003
2.9667458432304037,12490,0.24508230686187743,,2.480865663763526e-07,1188.1291674080003
2.969121140142518,12500,0.21361088752746582,,2.3049177443476735e-07,1189.0144451280012
2.9714964370546317,12510,0.25907602310180666,,2.1289698249318201e-07,1189.908550868
2.973871733966746,12520,0.22631945610046386,,1.9530219055159676e-07,1190.711880793
2.97624703087886,12530,0.2921422243118286,,1.7770739861001143e-07,1191.5906985190013
2.978622327790974,12540,0.20701005458831787,,1.6011260666842618e-07,1192.4694717150014
2.980997624703088,12550,0.20352585315704347,,1.4251781472684087e-07,1193.3106551720011
2.983372921615202,12560,0.16370871067047119,,1.249230227852556e-07,1194.1438938230003
2.985748218527316,12570,0.24655623435974122,,1.0732823084367029e-07,1195.0330199730015
2.9881235154394297,12580,0.21494650840759277,,8.9733438902085e-08,1195.863807228001
2.990498812351544,12590,0.1392759084701538,,7.213864696049969e-08,1196.655034675001
2.992874109263658,12600,0.29425840377807616,,5.45438550189144e-08,1197.4207848160004
2.995249406175772,12610,0.21709158420562744,,3.694906307732912e-08,1198.2777030040015
2.9976247030878858,12620,0.2945779085159302,,1.9354271135743822e-08,1199.1334833230012
3.0,12630,0.16492855548858643,,1.7594791941585293e-09,1199.984888117
3.0,12630,,0.2701229751110077,,1202.5441776510015
3.0,12630,,,,1203.185188206
