epoch,step,loss,eval_loss,learning_rate,elapsed_seconds
0.0023752969121140144,10,0.699595308303833,,1.4251781472684087e-07,1.3306520540027122
0.004750593824228029,20,0.7126253128051758,,3.008709422011085e-07,2.1003701820009155
0.007125890736342043,30,0.7241301536560059,,4.5922406967537616e-07,2.9423741179998615
0.009501187648456057,40,0.7189754486083985,,6.175771971496437e-07,3.7080211410029733
0.011876484560570071,50,0.6904104709625244,,7.759303246239114e-07,4.40234686900294
0.014251781472684086,60,0.6978444576263427,,9.342834520981791e-07,5.184916417001659
0.0166270783847981,70,0.7023760318756104,,1.0926365795724466e-06,5.960476506003033
0.019002375296912115,80,0.7137258529663086,,1.250989707046714e-06,6.773365252000076
0.021377672209026127,90,0.7176846027374267,,1.409342834520982e-06,7.688317084001028
0.023752969121140142,100,0.7172357082366944,,1.5676959619952494e-06,8.521878004001337
0.026128266033254157,110,0.7345069408416748,,1.7260490894695173e-06,9.256202077001944
0.028503562945368172,120,0.7155434608459472,,1.8844022169437848e-06,10.057503988002281
0.030878859857482184,130,0.7005824089050293,,2.0427553444180522e-06,10.885395492001408
0.0332541567695962,140,0.7070777893066407,,2.20110847189232e-06,11.606850829000905
0.035629453681710214,150,0.6993182182312012,,2.3594615993665876e-06,12.354045225001755
0.03800475059382423,160,0.7086973190307617,,2.5178147268408552e-06,13.216694539001764
0.040380047505938245,170,0.7085559844970704,,2.6761678543151233e-06,14.015358220000053
0.04275534441805225,180,0.7091461658477783,,2.8345209817893906e-06,14.858220570000412
0.04513064133016627,190,0.7018436908721923,,2.9928741092636582e-06,15.619402498003183
0.047505938242280284,200,0.7024144172668457,,3.151227236737926e-06,16.38819448600043
0.0498812351543943,210,0.7116570949554444,,3.309580364212193e-06,17.175257607003005
0.052256532066508314,220,0.702507209777832,,3.467933491686461e-06,17.90817889700338
0.05463182897862233,230,0.6901666641235351,,3.626286619160729e-06,18.71562175300278
0.057007125890736345,240,0.7007953643798828,,3.7846397466349966e-06,19.600579371002823
0.05938242280285035,250,0.6828883171081543,,3.942992874109263e-06,20.347218894003163
0.06175771971496437,260,0.6977719306945801,,4.1013460015835315e-06,21.106793369002844
0.06413301662707839,270,0.6826564311981201,,4.2596991290578e-06,21.957316100000753
0.0665083135391924,280,0.7153900146484375,,4.418052256532067e-06,22.76722982100182
0.0688836104513064,290,0.6967487335205078,,4.576405384006334e-06,23.56857883700286
0.07125890736342043,300,0.6948631286621094,,4.734758511480602e-06,24.364566308002395
0.07363420427553444,310,0.7013389587402343,,4.89311163895487e-06,25.139332490001834
0.07600950118764846,320,0.696617317199707,,5.0514647664291375e-06,25.968386023003404
0.07838479809976247,330,0.703709077835083,,5.209817893903405e-06,26.79801941200276
0.08076009501187649,340,0.6949934005737305,,5.368171021377673e-06,27.536612705000152
0.0831353919239905,350,0.7013808727264405,,5.526524148851941e-06,28.382237898000312
0.0855106888361045,360,0.6915216445922852,,5.684877276326208e-06,29.191723993000778
0.08788598574821853,370,0.6912360191345215,,5.843230403800475e-06,30.0537009710024
0.09026128266033254,380,0.712669849395752,,6.001583531274743e-06,30.813800402000197
0.09263657957244656,390,0.690036392211914,,6.159936658749011e-06,31.64111445600065
0.09501187648456057,400,0.701395320892334,,6.318289786223278e-06,32.46111734599981
0.09738717339667459,410,0.6767550468444824,,6.476642913697546e-06,33.20911233800143
0.0997624703087886,420,0.6890821933746338,,6.634996041171814e-06,34.01495733200136
0.1021377672209026,430,0.7046342849731445,,6.7933491686460815e-06,34.79295209700285
0.10451306413301663,440,0.7009270668029786,,6.951702296120349e-06,35.58982443000059
0.10688836104513064,450,0.6991924285888672,,7.110055423594616e-06,36.410364581002796
0.10926365795724466,460,0.6908164978027344,,7.268408551068884e-06,37.276156540003285
0.11163895486935867,470,0.7132931709289551,,7.426761678543152e-06,38.06754187000115
0.11401425178147269,480,0.6938217163085938,,7.585114806017419e-06,38.83689788400079
0.1163895486935867,490,0.6886615753173828,,7.743467933491687e-06,39.64723495400176
0.1187648456057007,500,0.6929489612579346,,7.901821060965956e-06,40.45657892800227
0.12114014251781473,510,0.6724462509155273,,8.060174188440221e-06,41.307735101003345
0.12351543942992874,520,0.6899737358093262,,8.21852731591449e-06,42.178311317002226
0.12589073634204276,530,0.6853189468383789,,8.376880443388757e-06,42.92381257300076
0.12826603325415678,540,0.6941907405853271,,8.535233570863025e-06,43.69717247200242
0.13064133016627077,550,0.6950146198272705,,8.693586698337293e-06,44.47500309200041
0.1330166270783848,560,0.7044763565063477,,8.85193982581156e-06,45.27303696400122
0.13539192399049882,570,0.6895606040954589,,9.010292953285828e-06,46.06415069800278
0.1377672209026128,580,0.6966690063476563,,9.168646080760095e-06,46.94297069000095
0.14014251781472684,590,0.6774566650390625,,9.326999208234362e-06,47.733897945003264
0.14251781472684086,600,0.6883132457733154,,9.485352335708631e-06,48.587855227000546
0.14489311163895488,610,0.7001873970031738,,9.643705463182899e-06,49.511235166002734
0.14726840855106887,620,0.6951188564300537,,9.802058590657166e-06,50.28317236300063
0.1496437054631829,630,0.697183895111084,,9.960411718131435e-06,51.17385417300102
0.15201900237529692,640,0.688242769241333,,1.0118764845605702e-05,51.980598506001115
0.1543942992874109,650,0.6866081714630127,,1.027711797307997e-05,52.783601205002924
0.15676959619952494,660,0.699859619140625,,1.0435471100554238e-05,53.48426752300293
0.15914489311163896,670,0.6927068710327149,,1.0593824228028504e-05,54.29889800500314
0.16152019002375298,680,0.6792140007019043,,1.0752177355502773e-05,55.01152756100055
0.16389548693586697,690,0.6918365955352783,,1.091053048297704e-05,55.81897653400301
0.166270783847981,700,0.6843174457550049,,1.1068883610451307e-05,56.62222491400098
0.16864608076009502,710,0.6873621940612793,,1.1227236737925575e-05,57.377256019000924
0.171021377672209,720,0.6961087703704834,,1.1385589865399842e-05,58.11694614600128
0.17339667458432304,730,0.689830732345581,,1.154394299287411e-05,58.93527070500204
0.17577197149643706,740,0.6939849853515625,,1.1702296120348378e-05,59.87022338300085
0.17814726840855108,750,0.6796097755432129,,1.1860649247822647e-05,60.664330982002866
0.18052256532066507,760,0.6835160732269288,,1.2019002375296912e-05,61.483397952000814
0.1828978622327791,770,0.7043088912963867,,1.217735550277118e-05,62.27229980600168
0.18527315914489312,780,0.679170560836792,,1.2335708630245449e-05,63.12258302800183
0.1876484560570071,790,0.695671272277832,,1.2494061757719716e-05,63.95363853600065
0.19002375296912113,800,0.6933849334716797,,1.2652414885193985e-05,64.72000085400214
0.19239904988123516,810,0.685938024520874,,1.281076801266825e-05,65.50995723900269
0.19477434679334918,820,0.7043352603912354,,1.296912114014252e-05,66.33091877200059
0.19714964370546317,830,0.6734820365905761,,1.3127474267616787e-05,67.1020293540023
0.1995249406175772,840,0.6945990562438965,,1.3285827395091054e-05,68.03735623500324
0.20190023752969122,850,0.7029082298278808,,1.3444180522565323e-05,68.80560213500212
0.2042755344418052,860,0.6793292999267578,,1.3602533650039588e-05,69.69350227800169
0.20665083135391923,870,0.6858068466186523,,1.3760886777513857e-05,70.53082575600274
0.20902612826603326,880,0.6978759288787841,,1.3919239904988124e-05,71.27963130600256
0.21140142517814728,890,0.6917527675628662,,1.4077593032462393e-05,72.13785976700092
0.21377672209026127,900,0.6859436511993409,,1.423594615993666e-05,72.92132503399989
0.2161520190023753,910,0.6890525817871094,,1.4394299287410926e-05,73.72412440700282
0.21852731591448932,920,0.6580443859100342,,1.4552652414885195e-05,74.57137566800156
0.2209026128266033,930,0.6872637748718262,,1.4711005542359462e-05,75.29038217900234
0.22327790973871733,940,0.6621778011322021,,1.4869358669833731e-05,76.06090590700114
0.22565320665083136,950,0.6877433300018311,,1.5027711797307999e-05,76.9732812220027
0.22802850356294538,960,0.6800226211547852,,1.5186064924782268e-05,77.74032690600143
0.23040380047505937,970,0.6976947784423828,,1.5344418052256533e-05,78.49229013400327
0.2327790973871734,980,0.7021826267242431,,1.55027711797308e-05,79.27007917500305
0.23515439429928742,990,0.6866937637329101,,1.5661124307205068e-05,80.04789334700035
0.2375296912114014,1000,0.6686558723449707,,1.5819477434679335e-05,80.85176929200315
0.23990498812351543,1010,0.694593858718872,,1.5977830562153605e-05,81.66615029500099
0.24228028503562946,1020,0.7078935623168945,,1.6136183689627873e-05,82.50261498800319
0.24465558194774348,1030,0.6822184085845947,,1.629453681710214e-05,83.28415208000297
0.24703087885985747,1040,0.698275375366211,,1.6452889944576407e-05,84.11192671200115
0.2494061757719715,1050,0.7008748054504395,,1.6611243072050674e-05,84.96302388500044
0.2517814726840855,1060,0.6917593002319335,,1.676959619952494e-05,85.74811109400252
0.25415676959619954,1070,0.6795499324798584,,1.692794932699921e-05,86.51584724900022
0.25653206650831356,1080,0.6836636543273926,,1.708630245447348e-05,87.30162957500215
0.2589073634204275,1090,0.6906888008117675,,1.7244655581947743e-05,88.04370394299985
0.26128266033254155,1100,0.68710355758667,,1.7403008709422014e-05,88.8330237370028
0.26365795724465557,1110,0.6782830238342286,,1.756136183689628e-05,89.5966746510021
0.2660332541567696,1120,0.6761335372924805,,1.7719714964370545e-05,90.40502326800197
0.2684085510688836,1130,0.6860819816589355,,1.7878068091844816e-05,91.30012188300316
0.27078384798099764,1140,0.6844154834747315,,1.8036421219319083e-05,92.04863254100201
0.27315914489311166,1150,0.6855183601379394,,1.819477434679335e-05,92.84972271600054
0.2755344418052256,1160,0.6915090560913086,,1.8353127474267618e-05,93.67104945200117
0.27790973871733965,1170,0.6907711029052734,,1.8511480601741888e-05,94.38983937700323
0.28028503562945367,1180,0.6918161392211915,,1.8669833729216152e-05,95.1116449120018
0.2826603325415677,1190,0.6883942604064941,,1.882818685669042e-05,95.85912398200162
0.2850356294536817,1200,0.6914042949676513,,1.898653998416469e-05,96.72178062100284
0.28741092636579574,1210,0.6998122215270997,,1.9144893111638957e-05,97.4573514190015
0.28978622327790976,1220,0.6871849060058594,,1.9303246239113224e-05,98.19230206700013
0.2921615201900237,1230,0.694228219985962,,1.946159936658749e-05,99.02909398300108
0.29453681710213775,1240,0.6968169689178467,,1.961995249406176e-05,99.80213821300276
0.29691211401425177,1250,0.6866193771362304,,1.9778305621536026e-05,100.58781172900126
0.2992874109263658,1260,0.6640701293945312,,1.9936658749010293e-05,101.45390571900134
0.3016627078384798,1270,0.6781687259674072,,1.998944312483505e-05,102.21663155799979
0.30403800475059384,1280,0.6688640117645264,,1.9971848332893464e-05,103.05388090199995
0.30641330166270786,1290,0.714511775970459,,1.995425354095188e-05,103.82483820200287
0.3087885985748218,1300,0.6902183532714844,,1.9936658749010293e-05,104.63465072800318
0.31116389548693585,1310,0.6905529975891114,,1.991906395706871e-05,105.42315162900195
0.31353919239904987,1320,0.6884836196899414,,1.9901469165127123e-05,106.26730472100098
0.3159144893111639,1330,0.6906057834625244,,1.988387437318554e-05,107.11782660600147
0.3182897862232779,1340,0.6910634517669678,,1.986627958124395e-05,107.88245438300146
0.32066508313539194,1350,0.6743552684783936,,1.9848684789302368e-05,108.74150048700176
0.32304038004750596,1360,0.6743122577667237,,1.983108999736078e-05,109.5183111639999
0.3254156769596199,1370,0.6773175239562989,,1.9813495205419197e-05,110.38961462800216
0.32779097387173395,1380,0.6752526760101318,,1.979590041347761e-05,111.17207962400062
0.33016627078384797,1390,0.6637054920196533,,1.9778305621536026e-05,111.93497030600338
0.332541567695962,1400,0.6738862991333008,,1.9760710829594442e-05,112.723483476002
0.334916864608076,1410,0.6847015380859375,,1.9743116037652855e-05,113.4871731580024
0.33729216152019004,1420,0.6726105690002442,,1.972552124571127e-05,114.22413239100206
0.33966745843230406,1430,0.6803215980529785,,1.9707926453769684e-05,115.00228745999993
0.342042755344418,1440,0.6710947036743165,,1.96903316618281e-05,115.72002723000332
0.34441805225653205,1450,0.692572021484375,,1.9672736869886514e-05,116.46862684500229
0.34679334916864607,1460,0.6749556541442872,,1.965514207794493e-05,117.31192415700207
0.3491686460807601,1470,0.698846960067749,,1.9637547286003346e-05,118.11636536600054
0.3515439429928741,1480,0.6897502899169922,,1.961995249406176e-05,118.94128512800307
0.35391923990498814,1490,0.689242935180664,,1.9602357702120175e-05,119.74839190000057
0.35629453681710216,1500,0.6661655902862549,,1.9584762910178588e-05,120.49989871900107
0.3586698337292161,1510,0.6687802791595459,,1.9567168118237004e-05,121.22055896800157
0.36104513064133015,1520,0.67597975730896,,1.954957332629542e-05,122.00316043300336
0.36342042755344417,1530,0.6885985374450684,,1.9531978534353833e-05,122.70273463100239
0.3657957244655582,1540,0.6747407913208008,,1.951438374241225e-05,123.49054879400137
0.3681710213776722,1550,0.6763852119445801,,1.9496788950470663e-05,124.29010678200211
0.37054631828978624,1560,0.6684190273284912,,1.947919415852908e-05,125.07432633100325
0.37292161520190026,1570,0.6949081420898438,,1.946159936658749e-05,125.91185165000206
0.3752969121140142,1580,0.6771906852722168,,1.9444004574645908e-05,126.69499643100062
0.37767220902612825,1590,0.6822188377380372,,1.942640978270432e-05,127.53083502300069
0.38004750593824227,1600,0.6577003479003907,,1.9408814990762737e-05,128.2692061350026
0.3824228028503563,1610,0.691055154800415,,1.939122019882115e-05,129.05156113600242
0.3847980997624703,1620,0.6666410446166993,,1.9373625406879566e-05,129.8380456770028
0.38717339667458434,1630,0.6690915107727051,,1.935603061493798e-05,130.58595858800254
0.38954869358669836,1640,0.6614588737487793,,1.9338435822996395e-05,131.4473632750014
0.3919239904988123,1650,0.6956044673919678,,1.9320841031054808e-05,132.261601977003
0.39429928741092635,1660,0.676374864578247,,1.9303246239113224e-05,133.0207379550011
0.39667458432304037,1670,0.6961577415466309,,1.9285651447171637e-05,133.9154307630015
0.3990498812351544,1680,0.6926333904266357,,1.9268056655230054e-05,134.77148975900127
0.4014251781472684,1690,0.6723397254943848,,1.9250461863288466e-05,135.60287577800045
0.40380047505938244,1700,0.6657533168792724,,1.9232867071346883e-05,136.45370985300178
0.40617577197149646,1710,0.6585029125213623,,1.9215272279405296e-05,137.27644518000307
0.4085510688836104,1720,0.6837295532226563,,1.9197677487463712e-05,138.14274726400254
0.41092636579572445,1730,0.6537093639373779,,1.9180082695522128e-05,138.93188751600246
0.41330166270783847,1740,0.6652643203735351,,1.916248790358054e-05,139.80240235600286
0.4156769596199525,1750,0.6688097953796387,,1.9144893111638957e-05,140.6334786760017
0.4180522565320665,1760,0.6759179115295411,,1.912729831969737e-05,141.4228941620022
0.42042755344418054,1770,0.6840672969818116,,1.9109703527755786e-05,142.35210374500093
0.42280285035629456,1780,0.6678049087524414,,1.9092108735814203e-05,143.25350879899997
0.4251781472684085,1790,0.6792034149169922,,1.9074513943872615e-05,144.01735238100082
0.42755344418052255,1800,0.692491102218628,,1.905691915193103e-05,144.80702681399998
0.42992874109263657,1810,0.6822316169738769,,1.9039324359989445e-05,145.51453982900057
0.4323040380047506,1820,0.6707235813140869,,1.902172956804786e-05,146.321342989002
0.4346793349168646,1830,0.682203722000122,,1.9004134776106274e-05,147.1215667659999
0.43705463182897863,1840,0.6839494228363037,,1.898653998416469e-05,147.9227092700021
0.43942992874109266,1850,0.6587106227874756,,1.8968945192223103e-05,148.79567213800328
0.4418052256532066,1860,0.6702944278717041,,1.895135040028152e-05,149.6318710710002
0.44418052256532065,1870,0.6800577640533447,,1.8933755608339932e-05,150.4318992940025
0.44655581947743467,1880,0.6786858558654785,,1.8916160816398348e-05,151.21421988800284
0.4489311163895487,1890,0.6633306503295898,,1.889856602445676e-05,152.138245473001
0.4513064133016627,1900,0.6668468952178955,,1.8880971232515177e-05,152.96400086400172
0.45368171021377673,1910,0.6806575775146484,,1.886337644057359e-05,153.77560165400064
0.45605700712589076,1920,0.6774814605712891,,1.8845781648632006e-05,154.51081978500224
0.4584323040380047,1930,0.6648838520050049,,1.882818685669042e-05,155.34315444800086
0.46080760095011875,1940,0.681848669052124,,1.8810592064748836e-05,156.14963843400255
0.46318289786223277,1950,0.6691295623779296,,1.879299727280725e-05,156.93133370500072
0.4655581947743468,1960,0.6417823791503906,,1.8775402480865665e-05,157.7971602300022
0.4679334916864608,1970,0.6806423664093018,,1.8757807688924078e-05,158.62081396299982
0.47030878859857483,1980,0.6417582035064697,,1.8740212896982494e-05,159.3840393290011
0.47268408551068886,1990,0.6617361068725586,,1.872261810504091e-05,160.20519237400003
0.4750593824228028,2000,0.6903708457946778,,1.8705023313099323e-05,161.01004709600238
0.47743467933491684,2010,0.669153356552124,,1.868742852115774e-05,161.8370290439998
0.47980997624703087,2020,0.6781210899353027,,1.8669833729216152e-05,162.64096703700125
0.4821852731591449,2030,0.6780802726745605,,1.8652238937274568e-05,163.40681347800273
0.4845605700712589,2040,0.6638891696929932,,1.8634644145332985e-05,164.1751030000014
0.48693586698337293,2050,0.6839017868041992,,1.8617049353391397e-05,164.98693685500257
0.48931116389548696,2060,0.6961714267730713,,1.8599454561449814e-05,165.77985306200208
0.4916864608076009,2070,0.6630562782287598,,1.8581859769508227e-05,166.67925596700297
0.49406175771971494,2080,0.6518120288848877,,1.8564264977566643e-05,167.47965050900166
0.49643705463182897,2090,0.6705315113067627,,1.854667018562506e-05,168.37065701900065
0.498812351543943,2100,0.6612046241760254,,1.8529075393683472e-05,169.1482514340023
0.501187648456057,2110,0.6584198951721192,,1.8511480601741888e-05,169.9454347360006
0.503562945368171,2120,0.6579086303710937,,1.84938858098003e-05,170.7377497230009
0.505938242280285,2130,0.6540355682373047,,1.8476291017858717e-05,171.65444097600266
0.5083135391923991,2140,0.6723457336425781,,1.845869622591713e-05,172.49890293000135
0.5106888361045131,2150,0.652127456665039,,1.8441101433975546e-05,173.32965810800306
0.5130641330166271,2160,0.6987435340881347,,1.842350664203396e-05,174.20536828600234
0.5154394299287411,2170,0.6539262294769287,,1.8405911850092376e-05,175.01656287900187
0.517814726840855,2180,0.6828944206237793,,1.838831705815079e-05,175.84333365800194
0.5201900237529691,2190,0.6795949459075927,,1.8370722266209205e-05,176.63402468900313
0.5225653206650831,2200,0.6589762687683105,,1.8353127474267618e-05,177.41925927800185
0.5249406175771971,2210,0.6741824150085449,,1.8335532682326034e-05,178.2322148380008
0.5273159144893111,2220,0.6630631923675537,,1.8317937890384447e-05,179.09325969000201
0.5296912114014252,2230,0.6694976806640625,,1.8300343098442863e-05,179.90325441000095
0.5320665083135392,2240,0.6610400676727295,,1.8282748306501276e-05,180.71711099500317
0.5344418052256532,2250,0.668557071685791,,1.8265153514559692e-05,181.59350305500266
0.5368171021377672,2260,0.6529505252838135,,1.8247558722618105e-05,182.33628266800224
0.5391923990498813,2270,0.6576490879058838,,1.822996393067652e-05,183.105631800001
0.5415676959619953,2280,0.624772596359253,,1.8212369138734934e-05,183.90438173000075
0.5439429928741093,2290,0.6709626674652099,,1.819477434679335e-05,184.66695259900007
0.5463182897862233,2300,0.6575538635253906,,1.8177179554851767e-05,185.46252984400053
0.5486935866983373,2310,0.649473762512207,,1.815958476291018e-05,186.2330690050003
0.5510688836104513,2320,0.6470371723175049,,1.8141989970968596e-05,187.05167113300195
0.5534441805225653,2330,0.6644155979156494,,1.812439517902701e-05,187.89202566000313
0.5558194774346793,2340,0.6781073093414307,,1.8106800387085425e-05,188.6492709539998
0.5581947743467933,2350,0.6604308605194091,,1.808920559514384e-05,189.4957330890029
0.5605700712589073,2360,0.6389387607574463,,1.8071610803202254e-05,190.32473434200074
0.5629453681710214,2370,0.6916771411895752,,1.805401601126067e-05,191.14048090800134
0.5653206650831354,2380,0.6602308273315429,,1.8036421219319083e-05,191.97779358000116
0.5676959619952494,2390,0.6476308822631835,,1.80188264273775e-05,192.7163300550019
0.5700712589073634,2400,0.6488387107849121,,1.8001231635435912e-05,193.49692314999993
0.5724465558194775,2410,0.6461944103240966,,1.798363684349433e-05,194.36636047300271
0.5748218527315915,2420,0.6291792869567872,,1.796604205155274e-05,195.15831437900124
0.5771971496437055,2430,0.6745693206787109,,1.7948447259611158e-05,195.89486154600309
0.5795724465558195,2440,0.6502217769622802,,1.793085246766957e-05,196.77336398199986
0.5819477434679335,2450,0.6533973217010498,,1.7913257675727987e-05,197.51237170400054
0.5843230403800475,2460,0.6527336597442627,,1.78956628837864e-05,198.34308655100176
0.5866983372921615,2470,0.6609335899353027,,1.7878068091844816e-05,199.0557735020011
0.5890736342042755,2480,0.6369606971740722,,1.786047329990323e-05,199.8647074110013
0.5914489311163895,2490,0.6538249015808105,,1.7842878507961645e-05,200.60659202300303
0.5938242280285035,2500,0.6135252952575684,,1.7825283716020058e-05,201.28526574100033
0.5961995249406176,2510,0.6654004096984864,,1.7807688924078474e-05,202.12102918500022
0.5985748218527316,2520,0.651074743270874,,1.7790094132136887e-05,202.91184103100022
0.6009501187648456,2530,0.6636287689208984,,1.7772499340195303e-05,203.71479945600004
0.6033254156769596,2540,0.6357630729675293,,1.7754904548253716e-05,204.59303290500247
0.6057007125890737,2550,0.6745449066162109,,1.7737309756312132e-05,205.44972139600213
0.6080760095011877,2560,0.6566338062286377,,1.7719714964370545e-05,206.19383468700107
0.6104513064133017,2570,0.6373787879943847,,1.770212017242896e-05,206.99332965000212
0.6128266033254157,2580,0.6429369449615479,,1.7684525380487378e-05,207.73591789500279
0.6152019002375297,2590,0.6644975662231445,,1.766693058854579e-05,208.51970249100123
0.6175771971496437,2600,0.6596746444702148,,1.7649335796604207e-05,209.30796691900105
0.6199524940617577,2610,0.6602282047271728,,1.7631741004662623e-05,210.07091017700077
0.6223277909738717,2620,0.6379367351531983,,1.7614146212721036e-05,210.91217756300102
0.6247030878859857,2630,0.6463023662567139,,1.7596551420779452e-05,211.71364858800007
0.6270783847980997,2640,0.6387271881103516,,1.7578956628837865e-05,212.41136389700114
0.6294536817102138,2650,0.6602251052856445,,1.756136183689628e-05,213.234261308
0.6318289786223278,2660,0.6444566249847412,,1.7543767044954694e-05,214.02011427300022
0.6342042755344418,2670,0.6644587993621827,,1.752617225301311e-05,214.87366336700143
0.6365795724465558,2680,0.6351853370666504,,1.7508577461071527e-05,215.78537351400155
0.6389548693586699,2690,0.6684986591339112,,1.749098266912994e-05,216.68546162200073
0.6413301662707839,2700,0.6450762748718262,,1.7473387877188356e-05,217.46259621400168
0.6437054631828979,2710,0.6477573394775391,,1.745579308524677e-05,218.26021619899984
0.6460807600950119,2720,0.6473909378051758,,1.7438198293305185e-05,219.05755527800284
0.6484560570071259,2730,0.6668236255645752,,1.7420603501363598e-05,219.8336994450001
0.6508313539192399,2740,0.6462548732757568,,1.7403008709422014e-05,220.58537474600234
0.6532066508313539,2750,0.641575813293457,,1.7385413917480427e-05,221.3900580610025
0.6555819477434679,2760,0.6823220252990723,,1.7367819125538843e-05,222.22396938100064
0.6579572446555819,2770,0.6512066841125488,,1.7350224333597256e-05,223.1064678770017
0.6603325415676959,2780,0.6391727924346924,,1.7332629541655672e-05,224.00535904900244
0.66270783847981,2790,0.6515625953674317,,1.7315034749714085e-05,224.791132716
0.665083135391924,2800,0.6246716499328613,,1.72974399577725e-05,225.6621231420031
0.667458432304038,2810,0.6341806411743164,,1.7279845165830914e-05,226.4698791330011
0.669833729216152,2820,0.6370412826538085,,1.726225037388933e-05,227.2964013540004
0.672209026128266,2830,0.6334400177001953,,1.7244655581947743e-05,228.02079381500153
0.6745843230403801,2840,0.6609458446502685,,1.722706079000616e-05,228.84230288500112
0.6769596199524941,2850,0.6610505104064941,,1.7209465998064573e-05,229.64353706700058
0.6793349168646081,2860,0.6395593166351319,,1.719187120612299e-05,230.6350485280018
0.6817102137767221,2870,0.6608878135681152,,1.71742764141814e-05,231.35491240900228
0.684085510688836,2880,0.6233318328857422,,1.7156681622239818e-05,232.2038910880001
0.6864608076009501,2890,0.6444952011108398,,1.7139086830298234e-05,233.09939484700226
0.6888361045130641,2900,0.6195014953613281,,1.7121492038356647e-05,233.92654854400098
0.6912114014251781,2910,0.6225571155548095,,1.7103897246415063e-05,234.65277532000255
0.6935866983372921,2920,0.6388603210449219,,1.708630245447348e-05,235.35761157600064
0.6959619952494062,2930,0.656868839263916,,1.7068707662531892e-05,236.25345509399995
0.6983372921615202,2940,0.6461279392242432,,1.705111287059031e-05,236.9654190470028
0.7007125890736342,2950,0.6676266670227051,,1.703351807864872e-05,237.80053654700168
0.7030878859857482,2960,0.6440434932708741,,1.7015923286707138e-05,238.68249112100239
0.7054631828978623,2970,0.6305668830871582,,1.699832849476555e-05,239.4740041920013
0.7078384798099763,2980,0.622475528717041,,1.6980733702823967e-05,240.36397682700044
0.7102137767220903,2990,0.6554418563842773,,1.696313891088238e-05,241.25181141100256
0.7125890736342043,3000,0.6546157360076904,,1.6945544118940796e-05,242.0529233870002
0.7149643705463183,3010,0.650106143951416,,1.692794932699921e-05,242.86325317200317
0.7173396674584323,3020,0.6541671752929688,,1.6910354535057625e-05,243.65206686200327
0.7197149643705463,3030,0.6323698997497559,,1.6892759743116038e-05,244.4029862360003
0.7220902612826603,3040,0.6536527633666992,,1.6875164951174454e-05,245.26283275400056
0.7244655581947743,3050,0.6161360740661621,,1.6857570159232867e-05,246.0157177070032
0.7268408551068883,3060,0.6434611320495606,,1.6839975367291283e-05,246.80940442700012
0.7292161520190024,3070,0.6177886486053467,,1.6822380575349696e-05,247.53037751300144
0.7315914489311164,3080,0.6423460483551026,,1.6804785783408113e-05,248.2649587800006
0.7339667458432304,3090,0.6576446056365967,,1.6787190991466525e-05,249.08319650500198
0.7363420427553444,3100,0.6544875144958496,,1.676959619952494e-05,249.90304745200046
0.7387173396674585,3110,0.6641763687133789,,1.6752001407583355e-05,250.67647343700082
0.7410926365795725,3120,0.6584892749786377,,1.673440661564177e-05,251.46137115500096
0.7434679334916865,3130,0.6449614524841308,,1.6716811823700184e-05,252.2330771570014
0.7458432304038005,3140,0.5971520423889161,,1.66992170317586e-05,252.9998240140012
0.7482185273159145,3150,0.6222498893737793,,1.6681622239817016e-05,253.8347799780022
0.7505938242280285,3160,0.6595763206481934,,1.666402744787543e-05,254.71446745100184
0.7529691211401425,3170,0.6429060935974121,,1.6646432655933845e-05,255.46175491900067
0.7553444180522565,3180,0.68132004737854,,1.6628837863992258e-05,256.3058264300016
0.7577197149643705,3190,0.6629645824432373,,1.6611243072050674e-05,257.1250914580014
0.7600950118764845,3200,0.6553782939910888,,1.659364828010909e-05,257.919148109002
0.7624703087885986,3210,0.6522539615631103,,1.6576053488167504e-05,258.66311968100126
0.7648456057007126,3220,0.6273815155029296,,1.655845869622592e-05,259.39700294900103
0.7672209026128266,3230,0.6328883171081543,,1.6540863904284333e-05,260.3036510230013
0.7695961995249406,3240,0.6159543991088867,,1.652326911234275e-05,260.9549634640025
0.7719714964370546,3250,0.6371471881866455,,1.6505674320401162e-05,261.73421855000197
0.7743467933491687,3260,0.6421056270599366,,1.6488079528459578e-05,262.557494441
0.7767220902612827,3270,0.6402959823608398,,1.647048473651799e-05,263.44887037900116
0.7790973871733967,3280,0.63821439743042,,1.6452889944576407e-05,264.2654784050028
0.7814726840855107,3290,0.6433204650878906,,1.643529515263482e-05,265.1830891919999
0.7838479809976246,3300,0.6312065601348877,,1.6417700360693236e-05,265.8908703340021
0.7862232779097387,3310,0.652137565612793,,1.6400105568751653e-05,266.6877933980031
0.7885985748218527,3320,0.6569772720336914,,1.6382510776810065e-05,267.3890651230031
0.7909738717339667,3330,0.6171669483184814,,1.6364915984868482e-05,268.2018573130008
0.7933491686460807,3340,0.6297907829284668,,1.6347321192926895e-05,269.0124051230014
0.7957244655581948,3350,0.651507568359375,,1.632972640098531e-05,269.8008732570015
0.7980997624703088,3360,0.632050895690918,,1.6312131609043724e-05,270.5644646410001
0.8004750593824228,3370,0.637326431274414,,1.629453681710214e-05,271.4637646200026
0.8028503562945368,3380,0.6385890007019043,,1.6276942025160553e-05,272.2191130470019
0.8052256532066508,3390,0.6316990375518798,,1.625934723321897e-05,272.990853770003
0.8076009501187649,3400,0.6639668464660644,,1.6241752441277382e-05,273.7739656220001
0.8099762470308789,3410,0.6629764080047608,,1.6224157649335798e-05,274.52958604200103
0.8123515439429929,3420,0.6658034324645996,,1.620656285739421e-05,275.36559075800324
0.8147268408551069,3430,0.649241304397583,,1.6188968065452627e-05,276.1997023640033
0.8171021377672208,3440,0.6348840713500976,,1.617137327351104e-05,276.94572443200013
0.8194774346793349,3450,0.6543636322021484,,1.6153778481569456e-05,277.7706368580002
0.8218527315914489,3460,0.6240150928497314,,1.6136183689627873e-05,278.70215249600005
0.8242280285035629,3470,0.655048418045044,,1.6118588897686286e-05,279.41785786600303
0.8266033254156769,3480,0.6162030220031738,,1.6100994105744702e-05,280.305801884002
0.828978622327791,3490,0.6294966697692871,,1.6083399313803115e-05,281.1305410770001
0.831353919239905,3500,0.6082251071929932,,1.606580452186153e-05,282.09204639400195
0.833729216152019,3510,0.6433489322662354,,1.6048209729919947e-05,282.9668715850021
0.836104513064133,3520,0.6230905532836915,,1.603061493797836e-05,283.88549120000243
0.838479809976247,3530,0.6149261474609375,,1.6013020146036776e-05,284.71176875400124
0.8408551068883611,3540,0.6245365142822266,,1.599542535409519e-05,285.5525668959999
0.8432304038004751,3550,0.6251737117767334,,1.5977830562153605e-05,286.3255956660032
0.8456057007125891,3560,0.6039474487304688,,1.596023577021202e-05,287.06216855599996
0.8479809976247031,3570,0.6173105716705323,,1.5942640978270435e-05,287.87125285799993
0.850356294536817,3580,0.6403869152069092,,1.5925046186328847e-05,288.677049609003
0.8527315914489311,3590,0.6013577461242676,,1.5907451394387264e-05,289.615976082001
0.8551068883610451,3600,0.613862419128418,,1.5889856602445677e-05,290.4796215390015
0.8574821852731591,3610,0.639630937576294,,1.5872261810504093e-05,291.2728322280018
0.8598574821852731,3620,0.6450824737548828,,1.5854667018562506e-05,292.0627841530004
0.8622327790973872,3630,0.6194924354553223,,1.5837072226620922e-05,292.8017190110004
0.8646080760095012,3640,0.6179876804351807,,1.5819477434679335e-05,293.6205132510004
0.8669833729216152,3650,0.6410974979400634,,1.580188264273775e-05,294.49373404200014
0.8693586698337292,3660,0.6373417854309082,,1.5784287850796164e-05,295.3596098770031
0.8717339667458432,3670,0.5872845649719238,,1.576669305885458e-05,296.13438788200074
0.8741092636579573,3680,0.6495860099792481,,1.5749098266912993e-05,296.9980948120028
0.8764845605700713,3690,0.6003101825714111,,1.573150347497141e-05,297.8467886970029
0.8788598574821853,3700,0.6560799598693847,,1.5713908683029822e-05,298.65973649900116
0.8812351543942993,3710,0.5956707000732422,,1.569631389108824e-05,299.4006555820015
0.8836104513064132,3720,0.642673921585083,,1.5678719099146655e-05,300.1342250130001
0.8859857482185273,3730,0.6253486633300781,,1.5661124307205068e-05,300.87368026900003
0.8883610451306413,3740,0.6075348377227783,,1.5643529515263484e-05,301.78118995000114
0.8907363420427553,3750,0.6383502960205079,,1.5625934723321897e-05,302.5543613630034
0.8931116389548693,3760,0.6008265495300293,,1.5608339931380313e-05,303.4437389650011
0.8954869358669834,3770,0.6181229591369629,,1.559074513943873e-05,304.21798608200334
0.8978622327790974,3780,0.6083113670349121,,1.5573150347497142e-05,304.95176786700176
0.9002375296912114,3790,0.6641382694244384,,1.555555555555556e-05,305.81407333800234
0.9026128266033254,3800,0.6175064086914063,,1.553796076361397e-05,306.6460108280007
0.9049881235154394,3810,0.6372002601623535,,1.5520365971672387e-05,307.4208356220006
0.9073634204275535,3820,0.6100290775299072,,1.55027711797308e-05,308.2044532330001
0.9097387173396675,3830,0.581719446182251,,1.5485176387789217e-05,308.9457521880031
0.9121140142517815,3840,0.6012745857238769,,1.546758159584763e-05,309.7768831909998
0.9144893111638955,3850,0.5707834243774415,,1.5449986803906046e-05,310.6334394120022
0.9168646080760094,3860,0.6271555900573731,,1.543239201196446e-05,311.39932078700076
0.9192399049881235,3870,0.6058623790740967,,1.5414797220022875e-05,312.10607552700094
0.9216152019002375,3880,0.6288430213928222,,1.5397202428081288e-05,312.8911953370007
0.9239904988123515,3890,0.5931129455566406,,1.5379607636139704e-05,313.6928353280018
0.9263657957244655,3900,0.6081306457519531,,1.5362012844198117e-05,314.4545360810007
0.9287410926365796,3910,0.6270895004272461,,1.5344418052256533e-05,315.31671523800105
0.9311163895486936,3920,0.6031648635864257,,1.5326823260314946e-05,316.0755384310032
0.9334916864608076,3930,0.5807115077972412,,1.5309228468373362e-05,316.8994968820007
0.9358669833729216,3940,0.6452427387237549,,1.529163367643178e-05,317.6899005060004
0.9382422802850356,3950,0.5958218097686767,,1.527403888449019e-05,318.50810220100175
0.9406175771971497,3960,0.611019229888916,,1.5256444092548608e-05,319.22443662700243
0.9429928741092637,3970,0.5857938766479492,,1.5238849300607022e-05,319.9679310640022
0.9453681710213777,3980,0.5759944915771484,,1.5221254508665437e-05,320.76041820200044
0.9477434679334917,3990,0.5869418621063233,,1.5203659716723851e-05,321.5073047240003
0.9501187648456056,4000,0.6252006530761719,,1.5186064924782268e-05,322.28819897799985
0.9524940617577197,4010,0.6324966430664063,,1.516847013284068e-05,323.08893683800125
0.9548693586698337,4020,0.6226181507110595,,1.5150875340899097e-05,323.94455667200236
0.9572446555819477,4030,0.6545121669769287,,1.513328054895751e-05,324.7085131320018
0.9596199524940617,4040,0.6037581443786622,,1.5115685757015926e-05,325.42969276700023
0.9619952494061758,4050,0.6114234447479248,,1.5098090965074339e-05,326.27393542700156
0.9643705463182898,4060,0.617143964767456,,1.5080496173132755e-05,327.0689134540007
0.9667458432304038,4070,0.6040865421295166,,1.5062901381191168e-05,327.91378801300016
0.9691211401425178,4080,0.6123627662658692,,1.5045306589249584e-05,328.7173778659999
0.9714964370546318,4090,0.6331104278564453,,1.5027711797307999e-05,329.60691544800284
0.9738717339667459,4100,0.6322100162506104,,1.5010117005366413e-05,330.41835795200313
0.9762470308788599,4110,0.6291424751281738,,1.4992522213424828e-05,331.25969708400225
0.9786223277909739,4120,0.6330988883972168,,1.4974927421483242e-05,332.08170694900036
0.9809976247030879,4130,0.5977209091186524,,1.4957332629541657e-05,332.78746163000324
0.9833729216152018,4140,0.6342319488525391,,1.4939737837600073e-05,333.52894477800146
0.9857482185273159,4150,0.606516695022583,,1.4922143045658486e-05,334.28608536200045
0.9881235154394299,4160,0.6108894348144531,,1.4904548253716902e-05,335.0825494990022
0.9904988123515439,4170,0.6085175037384033,,1.4886953461775315e-05,335.79976787600026
0.9928741092636579,4180,0.6278603553771973,,1.4869358669833731e-05,336.6512300700015
0.995249406175772,4190,0.5975341320037841,,1.4851763877892144e-05,337.4831788880001
0.997624703087886,4200,0.637194299697876,,1.483416908595056e-05,338.3331404080018
1.0,4210,0.6113725185394288,,1.4816574294008973e-05,339.0801628820009
1.0,4210,,0.6003251671791077,,341.5058952240033
1.002375296912114,4220,0.6006499767303467,,1.479897950206739e-05,342.84210055100266
1.004750593824228,4230,0.6021145343780517,,1.4781384710125804e-05,343.59166260700295
1.007125890736342,4240,0.6282573699951172,,1.4763789918184219e-05,344.54099412100186
1.009501187648456,4250,0.6170794486999511,,1.4746195126242633e-05,345.24081761800335
1.01187648456057,4260,0.622194480895996,,1.4728600334301048e-05,346.0304566850027
1.0142517814726841,4270,0.582354736328125,,1.4711005542359462e-05,346.8935258970014
1.0166270783847982,4280,0.6023972034454346,,1.4693410750417879e-05,347.65612113000316
1.0190023752969122,4290,0.5978168964385986,,1.4675815958476292e-05,348.3107523760009
1.0213776722090262,4300,0.5836345672607421,,1.4658221166534708e-05,349.0479827980016
1.0237529691211402,4310,0.6193127155303955,,1.464062637459312e-05,349.9138993050001
1.0261282660332542,4320,0.6253954410552979,,1.4623031582651537e-05,350.6978032600018
1.0285035629453683,4330,0.6285993576049804,,1.460543679070995e-05,351.4453761040022
1.0308788598574823,4340,0.5890223026275635,,1.4587841998768366e-05,352.2265595330027
1.0332541567695963,4350,0.6192919254302979,,1.4570247206826779e-05,352.99132273800205
1.03562945368171,4360,0.6284750938415528,,1.4552652414885195e-05,353.8369840910018
1.0380047505938241,4370,0.6222238540649414,,1.453505762294361e-05,354.6286341140003
1.0403800475059382,4380,0.5942682266235352,,1.4517462831002024e-05,355.3573202160005
1.0427553444180522,4390,0.5661917209625245,,1.4499868039060439e-05,356.16097760200137
1.0451306413301662,4400,0.6118419170379639,,1.4482273247118855e-05,356.9843336990016
1.0475059382422802,4410,0.563900089263916,,1.4464678455177268e-05,357.76018359500085
1.0498812351543942,4420,0.5648850917816162,,1.4447083663235684e-05,358.7075458790023
1.0522565320665083,4430,0.5887422084808349,,1.4429488871294097e-05,359.54565886600176
1.0546318289786223,4440,0.5954014778137207,,1.4411894079352513e-05,360.2323817350007
1.0570071258907363,4450,0.6262638568878174,,1.4394299287410926e-05,361.00102670400156
1.0593824228028503,4460,0.5934155464172364,,1.4376704495469342e-05,361.8759940650016
1.0617577197149644,4470,0.5936968803405762,,1.4359109703527755e-05,362.719182973
1.0641330166270784,4480,0.5760709762573242,,1.4341514911586172e-05,363.50471432500126
1.0665083135391924,4490,0.6022378444671631,,1.4323920119644586e-05,364.36321222100014
1.0688836104513064,4500,0.6197402954101563,,1.4306325327703e-05,365.32814933100235
1.0712589073634204,4510,0.5891536712646485,,1.4288730535761415e-05,366.16541336500086
1.0736342042755345,4520,0.5928134918212891,,1.427113574381983e-05,366.95940935300314
1.0760095011876485,4530,0.578425407409668,,1.4253540951878244e-05,367.7769459200026
1.0783847980997625,4540,0.572968578338623,,1.423594615993666e-05,368.60669782900004
1.0807600950118765,4550,0.5739965438842773,,1.4218351367995074e-05,369.43396839600246
1.0831353919239906,4560,0.5846159934997559,,1.420075657605349e-05,370.2376470320014
1.0855106888361046,4570,0.545445728302002,,1.4183161784111904e-05,371.04567552900335
1.0878859857482186,4580,0.5729737281799316,,1.4165566992170319e-05,371.9083123340024
1.0902612826603326,4590,0.6244301319122314,,1.4147972200228735e-05,372.739627793002
1.0926365795724466,4600,0.6102877140045166,,1.4130377408287148e-05,373.523212119002
1.0950118764845607,4610,0.5536247253417969,,1.4112782616345564e-05,374.3671847350015
1.0973871733966747,4620,0.5979937076568603,,1.4095187824403977e-05,375.14794099400024
1.0997624703087885,4630,0.6452147483825683,,1.4077593032462393e-05,376.0495513140013
1.1021377672209025,4640,0.5865559101104736,,1.4059998240520806e-05,376.8155286410001
1.1045130641330165,4650,0.5880374908447266,,1.4042403448579223e-05,377.5769323610002
1.1068883610451306,4660,0.6097592353820801,,1.4024808656637635e-05,378.2808752230012
1.1092636579572446,4670,0.553923511505127,,1.4007213864696052e-05,379.00831488100084
1.1116389548693586,4680,0.6192306518554688,,1.3989619072754466e-05,379.9032017660029
1.1140142517814726,4690,0.5802284240722656,,1.397202428081288e-05,380.7455211000015
1.1163895486935866,4700,0.5719008922576905,,1.3954429488871295e-05,381.5141150840027
1.1187648456057007,4710,0.5766965866088867,,1.3936834696929712e-05,382.31090413400307
1.1211401425178147,4720,0.6076517105102539,,1.3919239904988124e-05,383.1920058630021
1.1235154394299287,4730,0.5855349063873291,,1.390164511304654e-05,384.0187126410019
1.1258907363420427,4740,0.5523102760314942,,1.3884050321104954e-05,384.78305605900096
1.1282660332541568,4750,0.594413948059082,,1.386645552916337e-05,385.55112322900095
1.1306413301662708,4760,0.5821362018585206,,1.3848860737221783e-05,386.3151011640002
1.1330166270783848,4770,0.5751773834228515,,1.3831265945280199e-05,387.1822183700024
1.1353919239904988,4780,0.621187400817871,,1.3813671153338612e-05,388.0858577370018
1.1377672209026128,4790,0.5509765148162842,,1.3796076361397028e-05,388.9266709100011
1.1401425178147269,4800,0.5865019798278809,,1.3778481569455443e-05,389.71545113200045
1.1425178147268409,4810,0.6235391139984131,,1.3760886777513857e-05,390.5227767840006
1.144893111638955,4820,0.604800033569336,,1.3743291985572272e-05,391.3888433280008
1.147268408551069,4830,0.6244383335113526,,1.3725697193630686e-05,392.2663052020034
1.149643705463183,4840,0.5505928993225098,,1.3708102401689101e-05,393.1346853640025
1.152019002375297,4850,0.554995346069336,,1.3690507609747517e-05,393.9129442620033
1.154394299287411,4860,0.6061406135559082,,1.367291281780593e-05,394.7642587110022
1.156769596199525,4870,0.5804193496704102,,1.3655318025864346e-05,395.56969954000306
1.159144893111639,4880,0.5577773571014404,,1.363772323392276e-05,396.4159620040009
1.161520190023753,4890,0.6050980091094971,,1.3620128441981175e-05,397.16041865100124
1.1638954869358669,4900,0.600109052658081,,1.3602533650039588e-05,397.93729607200294
1.166270783847981,4910,0.5747464656829834,,1.3584938858098005e-05,398.7781120690015
1.168646080760095,4920,0.6009024143218994,,1.3567344066156417e-05,399.55969266800093
1.171021377672209,4930,0.5943797588348388,,1.3549749274214834e-05,400.375217609002
1.173396674584323,4940,0.5829387187957764,,1.3532154482273248e-05,401.2521881240027
1.175771971496437,4950,0.5169795989990235,,1.3514559690331663e-05,402.1412031660002
1.178147268408551,4960,0.5958479881286621,,1.3496964898390077e-05,402.9309087850015
1.180522565320665,4970,0.6219727516174316,,1.3479370106448492e-05,403.7725235550024
1.182897862232779,4980,0.5664310455322266,,1.3461775314506906e-05,404.5944360530011
1.185273159144893,4990,0.5898768424987793,,1.3444180522565323e-05,405.3565030940008
1.187648456057007,5000,0.5721188068389893,,1.3426585730623736e-05,406.2836562850025
1.190023752969121,5010,0.5712230682373047,,1.3408990938682152e-05,407.07958235000115
1.1923990498812351,5020,0.6030810356140137,,1.3391396146740565e-05,407.8619433439999
1.1947743467933492,5030,0.5887483596801758,,1.3373801354798981e-05,408.60635432800336
1.1971496437054632,5040,0.5865472316741943,,1.3356206562857394e-05,409.4631823790005
1.1995249406175772,5050,0.5547655582427978,,1.333861177091581e-05,410.27592961900154
1.2019002375296912,5060,0.5849788665771485,,1.3321016978974225e-05,411.07431256300333
1.2042755344418052,5070,0.572892713546753,,1.330342218703264e-05,411.8781149440001
1.2066508313539193,5080,0.6096949577331543,,1.3285827395091054e-05,412.7065925570023
1.2090261282660333,5090,0.5885437965393067,,1.3268232603149468e-05,413.5551325740016
1.2114014251781473,5100,0.5962573528289795,,1.3250637811207883e-05,414.2950486630034
1.2137767220902613,5110,0.570981788635254,,1.32330430192663e-05,415.1940816710012
1.2161520190023754,5120,0.5847882270812989,,1.3215448227324712e-05,415.98285708200274
1.2185273159144894,5130,0.5852628231048584,,1.3197853435383128e-05,416.7810456570005
1.2209026128266034,5140,0.5101730346679687,,1.3180258643441541e-05,417.58604468200065
1.2232779097387174,5150,0.6434599399566651,,1.3162663851499957e-05,418.35846166100237
1.2256532066508314,5160,0.6226259708404541,,1.314506905955837e-05,419.1971576390024
1.2280285035629455,5170,0.5994608402252197,,1.3127474267616787e-05,419.9454426900011
1.2304038004750595,5180,0.5857480525970459,,1.31098794756752e-05,420.68260796800314
1.2327790973871733,5190,0.5707128047943115,,1.3092284683733616e-05,421.4390929680012
1.2351543942992875,5200,0.583774995803833,,1.307468989179203e-05,422.2876425579998
1.2375296912114013,5210,0.5832535743713378,,1.3057095099850445e-05,423.0708297830024
1.2399049881235154,5220,0.5649294376373291,,1.3039500307908861e-05,423.83499753100114
1.2422802850356294,5230,0.5571710109710694,,1.3021905515967274e-05,424.6618590830003
1.2446555819477434,5240,0.5684764385223389,,1.300431072402569e-05,425.51541598900076
1.2470308788598574,5250,0.5478609085083008,,1.2986715932084105e-05,426.31468283900176
1.2494061757719714,5260,0.5279258728027344,,1.296912114014252e-05,427.1683806260007
1.2517814726840855,5270,0.5506235122680664,,1.2951526348200934e-05,427.8995667620002
1.2541567695961995,5280,0.5707741260528565,,1.2933931556259348e-05,428.63224435400116
1.2565320665083135,5290,0.5942407608032226,,1.2916336764317763e-05,429.47824826500073
1.2589073634204275,5300,0.5851275444030761,,1.289874197237618e-05,430.32169898100256
1.2612826603325415,5310,0.5525847434997558,,1.2881147180434592e-05,431.06655167200006
1.2636579572446556,5320,0.5795751571655273,,1.2863552388493008e-05,431.8771723179998
1.2660332541567696,5330,0.5869043827056885,,1.2845957596551421e-05,432.6963446360023
1.2684085510688836,5340,0.5788536071777344,,1.2828362804609837e-05,433.4744505390008
1.2707838479809976,5350,0.5741168975830078,,1.281076801266825e-05,434.24089872600234
1.2731591448931117,5360,0.5911566734313964,,1.2793173220726667e-05,435.08294210700114
1.2755344418052257,5370,0.5757618427276612,,1.2775578428785081e-05,435.8698207369998
1.2779097387173397,5380,0.5509272575378418,,1.2757983636843496e-05,436.6078330290002
1.2802850356294537,5390,0.5540299892425538,,1.274038884490191e-05,437.36893961100213
1.2826603325415677,5400,0.5591341972351074,,1.2722794052960325e-05,438.1730861330034
1.2850356294536818,5410,0.5879120826721191,,1.270519926101874e-05,438.97690751700065
1.2874109263657958,5420,0.5993151664733887,,1.2687604469077156e-05,439.7470126820008
1.2897862232779098,5430,0.5989004611968994,,1.2670009677135569e-05,440.59759930200016
1.2921615201900236,5440,0.5776314735412598,,1.2652414885193985e-05,441.3637152870033
1.2945368171021379,5450,0.580690574645996,,1.2634820093252398e-05,442.2030135770001
1.2969121140142517,5460,0.5454523086547851,,1.2617225301310814e-05,443.0601488370012
1.299287410926366,5470,0.6224507331848145,,1.2599630509369227e-05,443.9005994600011
1.3016627078384797,5480,0.5635305881500244,,1.2582035717427643e-05,444.63873896600126
1.304038004750594,5490,0.5640789985656738,,1.2564440925486056e-05,445.5061476680021
1.3064133016627077,5500,0.5663512229919434,,1.2546846133544472e-05,446.3683155610015
1.3087885985748218,5510,0.6078433990478516,,1.2529251341602887e-05,447.2197567710027
1.3111638954869358,5520,0.5541367530822754,,1.2511656549661301e-05,448.03686311300044
1.3135391923990498,5530,0.563702917098999,,1.2494061757719716e-05,448.87958609400084
1.3159144893111638,5540,0.5473753929138183,,1.247646696577813e-05,449.6905546380003
1.3182897862232779,5550,0.5758796691894531,,1.2458872173836545e-05,450.5229851590011
1.3206650831353919,5560,0.5379691123962402,,1.2441277381894961e-05,451.33880772200064
1.323040380047506,5570,0.519096565246582,,1.2423682589953374e-05,452.1732732310011
1.32541567695962,5580,0.5624855518341064,,1.240608779801179e-05,453.0489183310019
1.327790973871734,5590,0.5647692203521728,,1.2388493006070203e-05,453.8364930690004
1.330166270783848,5600,0.5414134502410889,,1.237089821412862e-05,454.6726711420015
1.332541567695962,5610,0.5342006683349609,,1.2353303422187032e-05,455.4524746620009
1.334916864608076,5620,0.5969690799713134,,1.2335708630245449e-05,456.2920361180004
1.33729216152019,5630,0.5841875076293945,,1.2318113838303861e-05,457.1788169650026
1.339667458432304,5640,0.5808861255645752,,1.2300519046362278e-05,458.0034577550032
1.342042755344418,5650,0.5518177032470704,,1.2282924254420692e-05,458.86030722200303
1.344418052256532,5660,0.5549453258514404,,1.2265329462479107e-05,459.6664598870011
1.3467933491686461,5670,0.5990293979644775,,1.2247734670537521e-05,460.59073619600167
1.3491686460807601,5680,0.5204864978790283,,1.2230139878595938e-05,461.42196300600335
1.3515439429928742,5690,0.6103580951690674,,1.221254508665435e-05,462.25230718700186
1.3539192399049882,5700,0.5480605602264405,,1.2194950294712767e-05,463.03937206699993
1.3562945368171022,5710,0.5522909164428711,,1.217735550277118e-05,463.8049237590021
1.3586698337292162,5720,0.5459749698638916,,1.2159760710829596e-05,464.6218997060023
1.36104513064133,5730,0.5750869274139404,,1.2142165918888009e-05,465.4263711860003
1.3634204275534443,5740,0.5624972343444824,,1.2124571126946425e-05,466.2827371680032
1.365795724465558,5750,0.5291187286376953,,1.2106976335004838e-05,467.003279089
1.3681710213776723,5760,0.5226148128509521,,1.2089381543063254e-05,467.75424315000055
1.3705463182897861,5770,0.5595288753509522,,1.2071786751121669e-05,468.6180812160019
1.3729216152019004,5780,0.5927874565124511,,1.2054191959180083e-05,469.3940090190008
1.3752969121140142,5790,0.5231254577636719,,1.2036597167238498e-05,470.1833101650009
1.3776722090261282,5800,0.4977773666381836,,1.2019002375296912e-05,471.01160150000214
1.3800475059382422,5810,0.5985243320465088,,1.2001407583355327e-05,471.79565903600087
1.3824228028503562,5820,0.5675316333770752,,1.1983812791413743e-05,472.61957210600303
1.3847980997624703,5830,0.5045159339904786,,1.1966217999472156e-05,473.38298674399994
1.3871733966745843,5840,0.5591110229492188,,1.1948623207530572e-05,474.1693791430007
1.3895486935866983,5850,0.5509781837463379,,1.1931028415588987e-05,474.91139556300186
1.3919239904988123,5860,0.5810126781463623,,1.1913433623647402e-05,475.73007287100336
1.3942992874109263,5870,0.561441707611084,,1.1895838831705818e-05,476.47404490300323
1.3966745843230404,5880,0.5963912963867187,,1.187824403976423e-05,477.28862379300335
1.3990498812351544,5890,0.5653630256652832,,1.1860649247822647e-05,477.996293911001
1.4014251781472684,5900,0.5677766799926758,,1.184305445588106e-05,478.7702001880025
1.4038004750593824,5910,0.5445189952850342,,1.1825459663939476e-05,479.5953060410029
1.4061757719714965,5920,0.5654691696166992,,1.1807864871997889e-05,480.3831011370021
1.4085510688836105,5930,0.5336515426635742,,1.1790270080056305e-05,481.10199352400014
1.4109263657957245,5940,0.5490307807922363,,1.1772675288114718e-05,481.87752706000174
1.4133016627078385,5950,0.6002168655395508,,1.1755080496173134e-05,482.641020862
1.4156769596199525,5960,0.5316848754882812,,1.1737485704231549e-05,483.4472781170007
1.4180522565320666,5970,0.541579008102417,,1.1719890912289963e-05,484.1933052330023
1.4204275534441806,5980,0.5453120231628418,,1.1702296120348378e-05,484.93043575600313
1.4228028503562946,5990,0.5450097560882569,,1.1684701328406794e-05,485.659512997001
1.4251781472684084,6000,0.5692298889160157,,1.1667106536465207e-05,486.3758358060004
1.4275534441805227,6010,0.5715346813201905,,1.1649511744523623e-05,487.0613821480001
1.4299287410926365,6020,0.5526928901672363,,1.1631916952582036e-05,487.8295657730014
1.4323040380047507,6030,0.529276704788208,,1.1614322160640452e-05,488.58876179800063
1.4346793349168645,6040,0.5782947540283203,,1.1596727368698865e-05,489.3378851660018
1.4370546318289787,6050,0.5467939376831055,,1.1579132576757282e-05,490.19288117500037
1.4394299287410925,6060,0.5783845901489257,,1.1561537784815694e-05,491.0439692120017
1.4418052256532066,6070,0.5769045352935791,,1.154394299287411e-05,491.81597465600134
1.4441805225653206,6080,0.5531601428985595,,1.1526348200932525e-05,492.61734505000277
1.4465558194774346,6090,0.5729363441467286,,1.150875340899094e-05,493.44048256500173
1.4489311163895486,6100,0.5274137496948242,,1.1491158617049354e-05,494.1550256670016
1.4513064133016627,6110,0.5651941776275635,,1.1473563825107769e-05,494.98643721400003
1.4536817102137767,6120,0.5879231452941894,,1.1455969033166184e-05,495.78235187200335
1.4560570071258907,6130,0.5520833969116211,,1.14383742412246e-05,496.6365388360027
1.4584323040380047,6140,0.5451362133026123,,1.1420779449283013e-05,497.4916644270015
1.4608076009501187,6150,0.5340088844299317,,1.1403184657341429e-05,498.3100609110006
1.4631828978622328,6160,0.5624017238616943,,1.1385589865399842e-05,499.1334995540019
1.4655581947743468,6170,0.575078296661377,,1.1367995073458258e-05,499.9324555270032
1.4679334916864608,6180,0.525789451599121,,1.1350400281516671e-05,500.654588692003
1.4703087885985748,6190,0.5311692237854004,,1.1332805489575087e-05,501.377263518003
1.4726840855106889,6200,0.5438108444213867,,1.13152106976335e-05,502.1732247320033
1.4750593824228029,6210,0.5258245468139648,,1.1297615905691916e-05,502.9356214480031
1.477434679334917,6220,0.538754653930664,,1.128002111375033e-05,503.7444002850025
1.479809976247031,6230,0.5353147983551025,,1.1262426321808745e-05,504.54353423700013
1.482185273159145,6240,0.5796481132507324,,1.124483152986716e-05,505.2815337250031
1.484560570071259,6250,0.5733247756958008,,1.1227236737925575e-05,506.1439124180033
1.486935866983373,6260,0.537656021118164,,1.1209641945983989e-05,506.932185847003
1.489311163895487,6270,0.5766893863677979,,1.1192047154042405e-05,507.8164794740005
1.491686460807601,6280,0.5482422828674316,,1.1174452362100818e-05,508.54760501400233
1.4940617577197148,6290,0.5039762496948242,,1.1156857570159234e-05,509.4521568670025
1.496437054631829,6300,0.5898664951324463,,1.1139262778217647e-05,510.2849540510033
1.4988123515439429,6310,0.5575186729431152,,1.1121667986276064e-05,511.11566674500136
1.5011876484560571,6320,0.5533893585205079,,1.1104073194334476e-05,511.89884146500117
1.503562945368171,6330,0.5869901180267334,,1.1086478402392893e-05,512.721296933003
1.5059382422802852,6340,0.5724521160125733,,1.1068883610451307e-05,513.479080799003
1.508313539192399,6350,0.5590543270111084,,1.1051288818509722e-05,514.4145917189999
1.5106888361045132,6360,0.5342010974884033,,1.1033694026568136e-05,515.1948676210013
1.513064133016627,6370,0.48651680946350095,,1.1016099234626551e-05,515.8839410600012
1.5154394299287413,6380,0.5419792652130127,,1.0998504442684966e-05,516.677693331003
1.517814726840855,6390,0.5366677284240723,,1.0980909650743382e-05,517.4078122830033
1.520190023752969,6400,0.5822266101837158,,1.0963314858801795e-05,518.2298521890007
1.522565320665083,6410,0.5638700485229492,,1.0945720066860211e-05,519.1256572990023
1.5249406175771971,6420,0.5359809398651123,,1.0928125274918624e-05,519.9851795140021
1.5273159144893111,6430,0.5129260063171387,,1.091053048297704e-05,520.7895711170022
1.5296912114014252,6440,0.5439128875732422,,1.0892935691035453e-05,521.5475565960005
1.5320665083135392,6450,0.5465933322906494,,1.0875340899093869e-05,522.3345301990012
1.5344418052256532,6460,0.5587918281555175,,1.0857746107152282e-05,523.1369223000002
1.5368171021377672,6470,0.5404221057891846,,1.0840151315210698e-05,523.8915463840021
1.5391923990498813,6480,0.546318531036377,,1.0822556523269115e-05,524.711693098001
1.5415676959619953,6490,0.5562289714813232,,1.0804961731327527e-05,525.5744601370025
1.5439429928741093,6500,0.5632839202880859,,1.0787366939385944e-05,526.4378086830002
1.5463182897862233,6510,0.5010068893432618,,1.0769772147444357e-05,527.2377221360002
1.5486935866983373,6520,0.5058580875396729,,1.0752177355502773e-05,528.0057795940011
1.5510688836104514,6530,0.5639877796173096,,1.0734582563561187e-05,528.7727025130007
1.5534441805225652,6540,0.5220732688903809,,1.0716987771619602e-05,529.5911716200026
1.5558194774346794,6550,0.5434814453125,,1.0699392979678016e-05,530.3304673940002
1.5581947743467932,6560,0.5140284538269043,,1.0681798187736431e-05,531.0154081530018
1.5605700712589075,6570,0.5207025051116944,,1.0664203395794846e-05,531.782546100003
1.5629453681710213,6580,0.5143970012664795,,1.0646608603853262e-05,532.514684963
1.5653206650831355,6590,0.5339681148529053,,1.0629013811911675e-05,533.3345967310015
1.5676959619952493,6600,0.5385938167572022,,1.0611419019970091e-05,534.169531057003
1.5700712589073635,6610,0.5953131198883057,,1.0593824228028504e-05,534.9515397370014
1.5724465558194773,6620,0.5218321323394776,,1.057622943608692e-05,535.8389878880007
1.5748218527315916,6630,0.5378598213195801,,1.0558634644145333e-05,536.6147741760033
1.5771971496437054,6640,0.4960619926452637,,1.054103985220375e-05,537.4129091620016
1.5795724465558196,6650,0.5545840740203858,,1.0523445060262164e-05,538.2257365860023
1.5819477434679334,6660,0.5815289974212646,,1.0505850268320578e-05,539.0643202420033
1.5843230403800475,6670,0.5087461948394776,,1.0488255476378993e-05,539.7997242770034
1.5866983372921615,6680,0.5452164649963379,,1.0470660684437407e-05,540.5414628320032
1.5890736342042755,6690,0.5550217151641845,,1.0453065892495822e-05,541.3841523830015
1.5914489311163895,6700,0.5609001636505127,,1.0435471100554238e-05,542.1488432090009
1.5938242280285035,6710,0.5337684631347657,,1.0417876308612651e-05,542.9698111420003
1.5961995249406176,6720,0.521850872039795,,1.0400281516671067e-05,543.8099569610022
1.5985748218527316,6730,0.5584328174591064,,1.038268672472948e-05,544.5885192830028
1.6009501187648456,6740,0.5180951118469238,,1.0365091932787897e-05,545.3926110020002
1.6033254156769596,6750,0.5590853214263916,,1.034749714084631e-05,546.1740444650022
1.6057007125890737,6760,0.5740687370300293,,1.0329902348904726e-05,546.9899542380008
1.6080760095011877,6770,0.5247105121612549,,1.0312307556963139e-05,547.783840807002
1.6104513064133017,6780,0.5511167049407959,,1.0294712765021555e-05,548.5322086010019
1.6128266033254157,6790,0.5566527366638183,,1.027711797307997e-05,549.324840923
1.6152019002375297,6800,0.5259597301483154,,1.0259523181138384e-05,550.1333702100019
1.6175771971496435,6810,0.5139673709869385,,1.0241928389196798e-05,550.8564806130016
1.6199524940617578,6820,0.5401111125946045,,1.0224333597255213e-05,551.6992483540016
1.6223277909738716,6830,0.5282634735107422,,1.0206738805313628e-05,552.4362271310019
1.6247030878859858,6840,0.5667255878448486,,1.0189144013372044e-05,553.1632042000019
1.6270783847980996,6850,0.5461662769317627,,1.0171549221430457e-05,553.9815876440007
1.6294536817102139,6860,0.5263719081878662,,1.0153954429488873e-05,554.852135332003
1.6318289786223277,6870,0.5425502300262451,,1.0136359637547286e-05,555.7595062720029
1.634204275534442,6880,0.5420734405517578,,1.0118764845605702e-05,556.6788608580027
1.6365795724465557,6890,0.5256082534790039,,1.0101170053664115e-05,557.5602580850027
1.63895486935867,6900,0.5857136726379395,,1.0083575261722531e-05,558.3571684180024
1.6413301662707838,6910,0.5210468769073486,,1.0065980469780944e-05,559.1408367570002
1.643705463182898,6920,0.5178681373596191,,1.004838567783936e-05,559.8090089440011
1.6460807600950118,6930,0.5262011528015137,,1.0030790885897775e-05,560.5513904860018
1.648456057007126,6940,0.5508184909820557,,1.001319609395619e-05,561.3716903700006
1.6508313539192399,6950,0.5242789268493653,,9.995601302014604e-06,562.1978166220033
1.6532066508313539,6960,0.535693359375,,9.97800651007302e-06,563.144997888001
1.655581947743468,6970,0.5385498046875,,9.960411718131435e-06,563.9488586710031
1.657957244655582,6980,0.5119847297668457,,9.94281692618985e-06,564.7265517720007
1.660332541567696,6990,0.5530467987060547,,9.925222134248264e-06,565.4247501530008
1.66270783847981,7000,0.4859527587890625,,9.907627342306679e-06,566.2233089090005
1.665083135391924,7010,0.5191220283508301,,9.890032550365093e-06,567.0072302300032
1.667458432304038,7020,0.5409284591674804,,9.872437758423508e-06,567.7217118200024
1.669833729216152,7030,0.5743420124053955,,9.854842966481922e-06,568.5776371440006
1.672209026128266,7040,0.48659071922302244,,9.837248174540337e-06,569.4226631560014
1.67458432304038,7050,0.4864976406097412,,9.819653382598751e-06,570.1459772480011
1.676959619952494,7060,0.5073323249816895,,9.802058590657166e-06,570.8954558700025
1.6793349168646081,7070,0.5423925399780274,,9.78446379871558e-06,571.6500562130022
1.6817102137767221,7080,0.5130061626434326,,9.766869006773995e-06,572.4563099190018
1.6840855106888362,7090,0.49218454360961916,,9.74927421483241e-06,573.3220032190002
1.68646080760095,7100,0.50950026512146,,9.731679422890826e-06,574.1079450120014
1.6888361045130642,7110,0.5255552291870117,,9.71408463094924e-06,574.921347063002
1.691211401425178,7120,0.5225959777832031,,9.696489839007655e-06,575.692025960001
1.6935866983372923,7130,0.48410840034484864,,9.67889504706607e-06,576.5961819730001
1.695961995249406,7140,0.536315631866455,,9.661300255124484e-06,577.4506461750025
1.6983372921615203,7150,0.5477184772491455,,9.643705463182899e-06,578.304636693003
1.700712589073634,7160,0.5039956092834472,,9.626110671241313e-06,579.0859806980006
1.7030878859857483,7170,0.5375017166137696,,9.608515879299728e-06,579.8830063130008
1.7054631828978621,7180,0.49298877716064454,,9.590921087358142e-06,580.689734814001
1.7078384798099764,7190,0.4701668739318848,,9.573326295416557e-06,581.512003109001
1.7102137767220902,7200,0.5346941947937012,,9.555731503474971e-06,582.3571167310001
1.7125890736342044,7210,0.5344079017639161,,9.538136711533386e-06,583.2078784260011
1.7149643705463182,7220,0.46438894271850584,,9.5205419195918e-06,584.0520558730022
1.7173396674584323,7230,0.5148494243621826,,9.502947127650217e-06,584.841065497003
1.7197149643705463,7240,0.52542085647583,,9.485352335708631e-06,585.6516716390033
1.7220902612826603,7250,0.5469008445739746,,9.467757543767046e-06,586.4693865120025
1.7244655581947743,7260,0.5057746887207031,,9.45016275182546e-06,587.3389923100003
1.7268408551068883,7270,0.4236574172973633,,9.432567959883875e-06,588.0864019870023
1.7292161520190024,7280,0.5322147369384765,,9.41497316794229e-06,588.8660188499998
1.7315914489311164,7290,0.5300003051757812,,9.397378376000704e-06,589.6168372680004
1.7339667458432304,7300,0.4726081848144531,,9.379783584059119e-06,590.3948718290012
1.7363420427553444,7310,0.5653735637664795,,9.362188792117533e-06,591.2450525590029
1.7387173396674585,7320,0.5233864307403564,,9.344594000175948e-06,592.095255039003
1.7410926365795725,7330,0.525752067565918,,9.326999208234362e-06,592.9455525680023
1.7434679334916865,7340,0.5339718818664551,,9.309404416292777e-06,593.7859658520028
1.7458432304038005,7350,0.510391092300415,,9.291809624351192e-06,594.5548589690006
1.7482185273159145,7360,0.4950275421142578,,9.274214832409608e-06,595.3051741380004
1.7505938242280283,7370,0.4883885383605957,,9.256620040468022e-06,596.104637886001
1.7529691211401426,7380,0.522114896774292,,9.239025248526437e-06,596.8215096720014
1.7553444180522564,7390,0.4501450538635254,,9.221430456584852e-06,597.5930805120006
1.7577197149643706,7400,0.49106779098510744,,9.203835664643266e-06,598.4721807090027
1.7600950118764844,7410,0.4594417572021484,,9.18624087270168e-06,599.368085039001
1.7624703087885987,7420,0.46034746170043944,,9.168646080760095e-06,600.2524979610025
1.7648456057007125,7430,0.5446870803833008,,9.151051288818511e-06,601.028768573
1.7672209026128267,7440,0.49899020195007326,,9.133456496876926e-06,601.7866842710027
1.7695961995249405,7450,0.5921046257019043,,9.11586170493534e-06,602.5313908540011
1.7719714964370548,7460,0.5508671760559082,,9.098266912993755e-06,603.2671095440019
1.7743467933491686,7470,0.5132290363311768,,9.08067212105217e-06,604.0921487830019
1.7767220902612828,7480,0.5267907619476319,,9.063077329110584e-06,604.8799084190032
1.7790973871733966,7490,0.5534872531890869,,9.045482537168999e-06,605.6882163920018
1.7814726840855108,7500,0.5029678344726562,,9.027887745227413e-06,606.4668994330023
1.7838479809976246,7510,0.4989784240722656,,9.010292953285828e-06,607.2998258110019
1.7862232779097387,7520,0.580921220779419,,8.992698161344243e-06,608.1081110240011
1.7885985748218527,7530,0.45905065536499023,,8.975103369402657e-06,608.8495438480022
1.7909738717339667,7540,0.5354492664337158,,8.957508577461073e-06,609.5965965780015
1.7933491686460807,7550,0.5447957038879394,,8.939913785519488e-06,610.4139313020023
1.7957244655581948,7560,0.46839175224304197,,8.922318993577902e-06,611.141599685001
1.7980997624703088,7570,0.5036361217498779,,8.904724201636317e-06,611.9868142500018
1.8004750593824228,7580,0.5071427345275878,,8.887129409694732e-06,612.7720807080004
1.8028503562945368,7590,0.5180254936218261,,8.869534617753146e-06,613.5807005430033
1.8052256532066508,7600,0.5641998767852783,,8.85193982581156e-06,614.4198009110005
1.8076009501187649,7610,0.5036281108856201,,8.834345033869975e-06,615.281344154002
1.809976247030879,7620,0.5610451698303223,,8.81675024192839e-06,616.0780203820032
1.812351543942993,7630,0.5448667049407959,,8.799155449986804e-06,616.8358389670029
1.814726840855107,7640,0.5700652599334717,,8.781560658045219e-06,617.588828908003
1.817102137767221,7650,0.4829437255859375,,8.763965866103634e-06,618.4829316210016
1.8194774346793348,7660,0.5333239078521729,,8.746371074162048e-06,619.2951338970015
1.821852731591449,7670,0.4773842811584473,,8.728776282220464e-06,620.085958009
1.8242280285035628,7680,0.5657092571258545,,8.711181490278879e-06,620.8356640300008
1.826603325415677,7690,0.5389791011810303,,8.693586698337293e-06,621.6663754530018
1.8289786223277908,7700,0.49976272583007814,,8.675991906395708e-06,622.5284410230015
1.831353919239905,7710,0.5349909782409668,,8.658397114454123e-06,623.4102431480023
1.833729216152019,7720,0.5189394950866699,,8.640802322512537e-06,624.1917902870009
1.8361045130641331,7730,0.5615933895111084,,8.623207530570952e-06,625.0251634390006
1.838479809976247,7740,0.5338579177856445,,8.605612738629366e-06,625.9626100960013
1.8408551068883612,7750,0.5132533550262451,,8.588017946687781e-06,626.796563826003
1.843230403800475,7760,0.4428265571594238,,8.570423154746195e-06,627.5569953560007
1.8456057007125892,7770,0.49138741493225097,,8.55282836280461e-06,628.369536295002
1.847980997624703,7780,0.4776352882385254,,8.535233570863025e-06,629.1836690939999
1.850356294536817,7790,0.5041690826416015,,8.517638778921439e-06,630.0657952400034
1.852731591448931,7800,0.5120260715484619,,8.500043986979855e-06,630.907159544
1.855106888361045,7810,0.5691213607788086,,8.48244919503827e-06,631.7813496850031
1.8574821852731591,7820,0.5407285690307617,,8.464854403096684e-06,632.6876726100018
1.8598574821852731,7830,0.5375893592834473,,8.447259611155099e-06,633.4551967100015
1.8622327790973872,7840,0.5382204055786133,,8.429664819213514e-06,634.3203633360026
1.8646080760095012,7850,0.5360562324523925,,8.412070027271928e-06,635.0819630270016
1.8669833729216152,7860,0.5133760929107666,,8.394475235330343e-06,635.8561998420009
1.8693586698337292,7870,0.4825711727142334,,8.376880443388757e-06,636.6030055260017
1.8717339667458432,7880,0.4950405120849609,,8.359285651447172e-06,637.4405318650024
1.8741092636579573,7890,0.45929622650146484,,8.341690859505586e-06,638.2742532860029
1.8764845605700713,7900,0.475595760345459,,8.324096067564001e-06,639.0714035410019
1.8788598574821853,7910,0.5372776508331298,,8.306501275622416e-06,639.8862413230017
1.8812351543942993,7920,0.4864025115966797,,8.28890648368083e-06,640.7349323050003
1.8836104513064131,7930,0.5075269222259522,,8.271311691739245e-06,641.4933721020025
1.8859857482185274,7940,0.4523582458496094,,8.253716899797661e-06,642.3100501010013
1.8883610451306412,7950,0.5091721534729003,,8.236122107856076e-06,642.9897116690008
1.8907363420427554,7960,0.516417407989502,,8.21852731591449e-06,643.8696751630014
1.8931116389548692,7970,0.4764915943145752,,8.200932523972905e-06,644.7219944980025
1.8954869358669835,7980,0.5257103919982911,,8.18333773203132e-06,645.5261052090027
1.8978622327790973,7990,0.515719985961914,,8.165742940089734e-06,646.3249241470003
1.9002375296912115,8000,0.511236572265625,,8.148148148148148e-06,647.1220009470017
1.9026128266033253,8010,0.5182982921600342,,8.130553356206563e-06,647.8894355930024
1.9049881235154396,8020,0.5121228694915771,,8.112958564264977e-06,648.6980954850005
1.9073634204275534,8030,0.4957252025604248,,8.095363772323392e-06,649.4619690910004
1.9097387173396676,8040,0.5311592578887939,,8.077768980381807e-06,650.2279408260001
1.9121140142517814,8050,0.49399213790893554,,8.060174188440221e-06,651.0298629850004
1.9144893111638956,8060,0.5591002464294433,,8.042579396498637e-06,651.8254917990016
1.9168646080760094,8070,0.4789684772491455,,8.024984604557052e-06,652.7718446060026
1.9192399049881235,8080,0.5517338752746582,,8.007389812615467e-06,653.622876569003
1.9216152019002375,8090,0.4759316921234131,,7.989795020673881e-06,654.4536585440001
1.9239904988123515,8100,0.5146366596221924,,7.972200228732296e-06,655.2872797230011
1.9263657957244655,8110,0.47109208106994627,,7.954605436790712e-06,656.091759758001
1.9287410926365796,8120,0.5247444629669189,,7.937010644849126e-06,656.8593097370031
1.9311163895486936,8130,0.5190335750579834,,7.919415852907541e-06,657.7361133030026
1.9334916864608076,8140,0.52437744140625,,7.901821060965956e-06,658.6506604599999
1.9358669833729216,8150,0.4914699077606201,,7.88422626902437e-06,659.4248727740014
1.9382422802850356,8160,0.5057230472564698,,7.866631477082785e-06,660.2313180580022
1.9406175771971497,8170,0.48314881324768066,,7.8490366851412e-06,661.0905269810028
1.9429928741092637,8180,0.524479866027832,,7.831441893199614e-06,661.9108591590011
1.9453681710213777,8190,0.4768392086029053,,7.813847101258028e-06,662.7034933499999
1.9477434679334917,8200,0.4975138664245605,,7.796252309316443e-06,663.4926895870012
1.9501187648456058,8210,0.48795790672302247,,7.778657517374858e-06,664.2663009100033
1.9524940617577196,8220,0.5265971660614014,,7.761062725433272e-06,665.0571402020032
1.9548693586698338,8230,0.5288567543029785,,7.743467933491687e-06,665.8213662590024
1.9572446555819476,8240,0.5299027919769287,,7.725873141550101e-06,666.6517925890003
1.9596199524940618,8250,0.4814033508300781,,7.708278349608517e-06,667.4760139330028
1.9619952494061756,8260,0.5295604228973388,,7.690683557666932e-06,668.3209093050027
1.96437054631829,8270,0.48830413818359375,,7.673088765725347e-06,669.107157567003
1.9667458432304037,8280,0.474971342086792,,7.655493973783761e-06,669.9395588100015
1.969121140142518,8290,0.5191341876983643,,7.637899181842176e-06,670.7373655870033
1.9714964370546317,8300,0.5334707736968994,,7.62030438990059e-06,671.5684650970034
1.973871733966746,8310,0.5335833072662354,,7.602709597959005e-06,672.2866267660029
1.9762470308788598,8320,0.45566139221191404,,7.585114806017419e-06,673.1219900010001
1.978622327790974,8330,0.5251735210418701,,7.567520014075834e-06,673.939541349002
1.9809976247030878,8340,0.4682118892669678,,7.549925222134249e-06,674.6815179810001
1.9833729216152018,8350,0.50796537399292,,7.532330430192664e-06,675.4737495440022
1.9857482185273159,8360,0.5423488616943359,,7.5147356382510785e-06,676.2874475790013
1.98812351543943,8370,0.5086424350738525,,7.497140846309493e-06,677.0406547030034
1.990498812351544,8380,0.49397292137146,,7.479546054367908e-06,677.9151510860029
1.992874109263658,8390,0.4853811740875244,,7.461951262426322e-06,678.7095042790024
1.995249406175772,8400,0.4924783229827881,,7.444356470484737e-06,679.4110074720011
1.997624703087886,8410,0.5354454517364502,,7.426761678543152e-06,680.2279968140028
2.0,8420,0.4832470893859863,,7.409166886601567e-06,680.9127026120004
2.0,8420,,0.4671575427055359,,683.3142748220016
2.002375296912114,8430,0.5111798286437989,,7.391572094659981e-06,684.6904413470002
2.004750593824228,8440,0.5079377174377442,,7.373977302718396e-06,685.5221577140001
2.007125890736342,8450,0.5661479949951171,,7.35638251077681e-06,686.2550363170012
2.009501187648456,8460,0.5097616195678711,,7.338787718835225e-06,686.9846353540015
2.01187648456057,8470,0.4875978469848633,,7.3211929268936395e-06,687.7618894900006
2.014251781472684,8480,0.5094596862792968,,7.303598134952055e-06,688.5636267070004
2.016627078384798,8490,0.42551455497741697,,7.2860033430104695e-06,689.3769297360013
2.019002375296912,8500,0.5461474418640136,,7.268408551068884e-06,690.214962121001
2.021377672209026,8510,0.523333215713501,,7.250813759127299e-06,691.0989744440012
2.02375296912114,8520,0.4781668186187744,,7.233218967185713e-06,691.8791587470005
2.026128266033254,8530,0.5155135154724121,,7.215624175244128e-06,692.6280253969999
2.0285035629453683,8540,0.511716651916504,,7.198029383302543e-06,693.3963718420018
2.030878859857482,8550,0.44158310890197755,,7.180434591360958e-06,694.1636400620009
2.0332541567695963,8560,0.5356539249420166,,7.162839799419372e-06,695.0076404360007
2.03562945368171,8570,0.44956068992614745,,7.145245007477787e-06,695.8092317370028
2.0380047505938244,8580,0.49196715354919435,,7.127650215536201e-06,696.4778864480031
2.040380047505938,8590,0.48279457092285155,,7.110055423594616e-06,697.2345333530029
2.0427553444180524,8600,0.4875911235809326,,7.0924606316530305e-06,698.0223028800028
2.045130641330166,8610,0.48464212417602537,,7.074865839711446e-06,698.7488769240008
2.0475059382422804,8620,0.4909053325653076,,7.0572710477698605e-06,699.5232565140032
2.0498812351543942,8630,0.46520018577575684,,7.039676255828275e-06,700.2757380100011
2.0522565320665085,8640,0.5517942428588867,,7.02208146388669e-06,701.0672743630021
2.0546318289786223,8650,0.4584232807159424,,7.004486671945104e-06,701.9266364499999
2.0570071258907365,8660,0.5151361465454102,,6.986891880003519e-06,702.6851900660004
2.0593824228028503,8670,0.48568143844604494,,6.969297088061934e-06,703.4671923189999
2.0617577197149646,8680,0.5164101600646973,,6.951702296120349e-06,704.2150041450004
2.0641330166270784,8690,0.5228623390197754,,6.934107504178763e-06,705.0505611440021
2.0665083135391926,8700,0.4999663829803467,,6.916512712237179e-06,705.8945923570027
2.0688836104513064,8710,0.5520288944244385,,6.898917920295593e-06,706.6483679120029
2.07125890736342,8720,0.4504252433776855,,6.881323128354009e-06,707.3966620500032
2.0736342042755345,8730,0.4641872406005859,,6.863728336412423e-06,708.1142618020021
2.0760095011876483,8740,0.5343043327331543,,6.846133544470838e-06,709.031565104
2.0783847980997625,8750,0.48357906341552737,,6.828538752529252e-06,709.8260308300014
2.0807600950118763,8760,0.5496504306793213,,6.810943960587667e-06,710.706217764
2.0831353919239906,8770,0.5320691585540771,,6.7933491686460815e-06,711.5860950950009
2.0855106888361044,8780,0.4352861404418945,,6.775754376704496e-06,712.3967244600026
2.0878859857482186,8790,0.48887362480163576,,6.7581595847629114e-06,713.1435798020029
2.0902612826603324,8800,0.45873775482177737,,6.740564792821326e-06,713.9150711260008
2.0926365795724466,8810,0.4511275291442871,,6.7229700008797406e-06,714.7466854090017
2.0950118764845604,8820,0.5052601814270019,,6.705375208938155e-06,715.6018542710008
2.0973871733966747,8830,0.5020078182220459,,6.68778041699657e-06,716.3505141850001
2.0997624703087885,8840,0.4812292575836182,,6.670185625054984e-06,717.177360468002
2.1021377672209027,8850,0.5009229183197021,,6.6525908331134e-06,718.0713150380034
2.1045130641330165,8860,0.4917926788330078,,6.634996041171814e-06,718.8284127840016
2.1068883610451308,8870,0.5337671756744384,,6.617401249230229e-06,719.6252048530005
2.1092636579572446,8880,0.5103991508483887,,6.599806457288643e-06,720.5038526450007
2.111638954869359,8890,0.4605830669403076,,6.582211665347058e-06,721.3662331380001
2.1140142517814726,8900,0.47936739921569826,,6.5646168734054725e-06,722.1728424250032
2.116389548693587,8910,0.5220737934112549,,6.547022081463887e-06,722.9452738100008
2.1187648456057007,8920,0.517994499206543,,6.5294272895223024e-06,723.7321171510011
2.121140142517815,8930,0.4940792083740234,,6.511832497580717e-06,724.5074047220005
2.1235154394299287,8940,0.5128778457641602,,6.4942377056391316e-06,725.2403909260029
2.125890736342043,8950,0.5181425094604493,,6.476642913697546e-06,725.9976074490005
2.1282660332541568,8960,0.4682441234588623,,6.459048121755961e-06,726.7583191320009
2.130641330166271,8970,0.4912893295288086,,6.441453329814375e-06,727.4836344800024
2.133016627078385,8980,0.47353544235229494,,6.423858537872791e-06,728.2218344720022
2.1353919239904986,8990,0.5032894134521484,,6.406263745931205e-06,729.0673539710006
2.137767220902613,9000,0.4297511577606201,,6.38866895398962e-06,729.7917110470007
2.1401425178147266,9010,0.4883848190307617,,6.371074162048034e-06,730.6019071130031
2.142517814726841,9020,0.4969913482666016,,6.353479370106449e-06,731.4327185319999
2.1448931116389547,9030,0.5462767601013183,,6.3358845781648635e-06,732.2129379800026
2.147268408551069,9040,0.47898168563842775,,6.318289786223278e-06,732.967387132001
2.1496437054631827,9050,0.5364267349243164,,6.3006949942816934e-06,733.7935812340002
2.152019002375297,9060,0.47082905769348143,,6.283100202340108e-06,734.5434360130021
2.1543942992874108,9070,0.516754150390625,,6.2655054103985226e-06,735.2901267760026
2.156769596199525,9080,0.4707993984222412,,6.247910618456937e-06,736.1239347740011
2.159144893111639,9090,0.49742956161499025,,6.230315826515352e-06,736.9750672660011
2.161520190023753,9100,0.47536673545837405,,6.212721034573766e-06,737.8045511920027
2.163895486935867,9110,0.5067148685455323,,6.195126242632181e-06,738.6814890560017
2.166270783847981,9120,0.4850398063659668,,6.177531450690596e-06,739.4592451460012
2.168646080760095,9130,0.48064370155334474,,6.159936658749011e-06,740.1769937720019
2.171021377672209,9140,0.43204755783081056,,6.142341866807425e-06,741.0405260610023
2.173396674584323,9150,0.5246559619903565,,6.12474707486584e-06,741.8399212470031
2.175771971496437,9160,0.454105281829834,,6.1071522829242545e-06,742.5990567150002
2.178147268408551,9170,0.5100522041320801,,6.089557490982669e-06,743.4379948900023
2.1805225653206652,9180,0.5236119747161865,,6.0719626990410844e-06,744.2641228800021
2.182897862232779,9190,0.4210811138153076,,6.054367907099499e-06,745.0989884770024
2.1852731591448933,9200,0.46175522804260255,,6.0367731151579136e-06,745.8924934350034
2.187648456057007,9210,0.4800864696502686,,6.019178323216328e-06,746.6444455590026
2.1900237529691213,9220,0.46544337272644043,,6.001583531274743e-06,747.4083484330004
2.192399049881235,9230,0.4843734264373779,,5.983988739333157e-06,748.2018699880027
2.1947743467933494,9240,0.5437142372131347,,5.966393947391572e-06,749.096820558003
2.197149643705463,9250,0.4850963592529297,,5.948799155449987e-06,749.9117642860001
2.199524940617577,9260,0.5158366680145263,,5.931204363508402e-06,750.7434731829999
2.201900237529691,9270,0.4665287971496582,,5.913609571566816e-06,751.5219875560033
2.204275534441805,9280,0.4572726249694824,,5.896014779625231e-06,752.201186536
2.2066508313539193,9290,0.5126004219055176,,5.8784199876836455e-06,753.0319339330017
2.209026128266033,9300,0.4708551406860352,,5.86082519574206e-06,753.8914273610026
2.2114014251781473,9310,0.4531773567199707,,5.843230403800475e-06,754.743096659
2.213776722090261,9320,0.4807113170623779,,5.82563561185889e-06,755.5904918520027
2.2161520190023754,9330,0.5221826076507569,,5.808040819917305e-06,756.4491727770001
2.218527315914489,9340,0.5247884273529053,,5.79044602797572e-06,757.2610592980018
2.2209026128266034,9350,0.4926969051361084,,5.7728512360341345e-06,758.108024504003
2.223277909738717,9360,0.44908895492553713,,5.75525644409255e-06,758.9838666370015
2.2256532066508314,9370,0.5127706527709961,,5.7376616521509645e-06,759.7180551900019
2.2280285035629452,9380,0.49986658096313474,,5.720066860209379e-06,760.4819108050033
2.2304038004750595,9390,0.4726284980773926,,5.702472068267794e-06,761.2585272390024
2.2327790973871733,9400,0.4431779861450195,,5.684877276326208e-06,762.1137425270026
2.2351543942992875,9410,0.5156244277954102,,5.667282484384623e-06,762.9290779200019
2.2375296912114013,9420,0.48022913932800293,,5.649687692443037e-06,763.8199293390026
2.2399049881235156,9430,0.4997549533843994,,5.632092900501453e-06,764.6255362270022
2.2422802850356294,9440,0.4972795009613037,,5.614498108559867e-06,765.4132411710016
2.2446555819477436,9450,0.48275394439697267,,5.596903316618282e-06,766.1760533910019
2.2470308788598574,9460,0.4448816776275635,,5.579308524676696e-06,767.0871281370019
2.2494061757719717,9470,0.46637401580810545,,5.561713732735111e-06,767.9492880280013
2.2517814726840855,9480,0.4753106594085693,,5.5441189407935255e-06,768.7366918080006
2.2541567695961997,9490,0.46325078010559084,,5.526524148851941e-06,769.5545912130001
2.2565320665083135,9500,0.4561307907104492,,5.5089293569103555e-06,770.3698825490028
2.2589073634204277,9510,0.529791259765625,,5.49133456496877e-06,771.1871223720009
2.2612826603325415,9520,0.5136583328247071,,5.473739773027185e-06,772.0490543650012
2.2636579572446553,9530,0.4655900478363037,,5.456144981085599e-06,772.8692103300018
2.2660332541567696,9540,0.4672387599945068,,5.438550189144014e-06,773.6555809770034
2.268408551068884,9550,0.46154050827026366,,5.420955397202428e-06,774.3997980180029
2.2707838479809976,9560,0.4947072505950928,,5.403360605260844e-06,775.1529900460009
2.2731591448931114,9570,0.47030248641967776,,5.385765813319258e-06,775.975533005003
2.2755344418052257,9580,0.48877105712890623,,5.368171021377673e-06,776.7427580720032
2.2779097387173395,9590,0.4648740291595459,,5.350576229436087e-06,777.482364249001
2.2802850356294537,9600,0.45941815376281736,,5.332981437494502e-06,778.2743206230007
2.2826603325415675,9610,0.4699728012084961,,5.3153866455529165e-06,779.0292967870009
2.2850356294536818,9620,0.43750796318054197,,5.297791853611331e-06,779.766694183003
2.2874109263657956,9630,0.4379576206207275,,5.2801970616697465e-06,780.6124924530013
2.28978622327791,9640,0.5107752799987793,,5.262602269728161e-06,781.4419885010029
2.2921615201900236,9650,0.4797173023223877,,5.245007477786576e-06,782.1928452220018
2.294536817102138,9660,0.44529356956481936,,5.22741268584499e-06,783.0119726460034
2.2969121140142517,9670,0.4712398529052734,,5.209817893903405e-06,783.787790069
2.299287410926366,9680,0.5087474822998047,,5.192223101961819e-06,784.4631813030028
2.3016627078384797,9690,0.4946632385253906,,5.174628310020235e-06,785.2279362400004
2.304038004750594,9700,0.516832971572876,,5.157033518078649e-06,786.151709922
2.3064133016627077,9710,0.44935407638549807,,5.139438726137064e-06,786.8910132780002
2.308788598574822,9720,0.4840390682220459,,5.121843934195478e-06,787.6314606640008
2.311163895486936,9730,0.4907070159912109,,5.104249142253893e-06,788.4128763730005
2.31353919239905,9740,0.5334929466247559,,5.0866543503123075e-06,789.143712907
2.315914489311164,9750,0.4698920726776123,,5.069059558370722e-06,789.9386205160008
2.318289786223278,9760,0.46524996757507325,,5.0514647664291375e-06,790.7715240739999
2.320665083135392,9770,0.5031622886657715,,5.033869974487552e-06,791.6173418930011
2.323040380047506,9780,0.5221080780029297,,5.016275182545967e-06,792.4969838750003
2.32541567695962,9790,0.47016286849975586,,4.998680390604381e-06,793.323049210001
2.3277909738717337,9800,0.4838099002838135,,4.981085598662796e-06,794.1321042560012
2.330166270783848,9810,0.5341189861297607,,4.963490806721211e-06,794.8733859849999
2.332541567695962,9820,0.49622302055358886,,4.945896014779626e-06,795.7739922690016
2.334916864608076,9830,0.45167179107666017,,4.92830122283804e-06,796.5968152360001
2.33729216152019,9840,0.49514360427856446,,4.910706430896455e-06,797.4183784960005
2.339667458432304,9850,0.4935251235961914,,4.89311163895487e-06,798.1406273660032
2.342042755344418,9860,0.45898804664611814,,4.875516847013285e-06,798.997669872002
2.344418052256532,9870,0.5367864608764649,,4.857922055071699e-06,799.7619664580016
2.346793349168646,9880,0.44985527992248536,,4.840327263130114e-06,800.589367847002
2.34916864608076,9890,0.45723681449890136,,4.8227324711885285e-06,801.4287667850003
2.351543942992874,9900,0.47425169944763185,,4.805137679246943e-06,802.2053474900022
2.353919239904988,9910,0.4423882484436035,,4.7875428873053585e-06,802.9810147670032
2.356294536817102,9920,0.5427626609802246,,4.769948095363773e-06,803.8386451750011
2.3586698337292162,9930,0.5013675689697266,,4.752353303422188e-06,804.6737487700011
2.36104513064133,9940,0.4133138179779053,,4.734758511480602e-06,805.4528649790009
2.3634204275534443,9950,0.4425771713256836,,4.717163719539017e-06,806.206035590003
2.365795724465558,9960,0.4508187770843506,,4.699568927597431e-06,807.0032341410006
2.3681710213776723,9970,0.4827253341674805,,4.681974135655846e-06,807.8160009760031
2.370546318289786,9980,0.45997028350830077,,4.664379343714261e-06,808.5810290030022
2.3729216152019004,9990,0.485438871383667,,4.646784551772676e-06,809.4302446340007
2.375296912114014,10000,0.49079289436340334,,4.62918975983109e-06,810.1681810230002
2.3776722090261284,10010,0.46845431327819825,,4.611594967889505e-06,811.0784059350008
2.380047505938242,10020,0.5078833103179932,,4.5940001759479195e-06,811.8353370930017
2.3824228028503565,10030,0.47313880920410156,,4.576405384006334e-06,812.578300119003
2.3847980997624703,10040,0.5676013469696045,,4.5588105920647495e-06,813.3006759770033
2.3871733966745845,10050,0.5282829284667969,,4.541215800123164e-06,814.1036396440031
2.3895486935866983,10060,0.4733774185180664,,4.523621008181579e-06,814.971077680002
2.391923990498812,10070,0.5177602767944336,,4.506026216239993e-06,815.7002477800015
2.3942992874109263,10080,0.4464902400970459,,4.488431424298408e-06,816.5247451350006
2.3966745843230406,10090,0.4431746482849121,,4.470836632356822e-06,817.2071580330012
2.3990498812351544,10100,0.46320514678955077,,4.453241840415237e-06,818.011993778
2.401425178147268,10110,0.5165636539459229,,4.435647048473652e-06,818.7483969910027
2.4038004750593824,10120,0.49992952346801756,,4.418052256532067e-06,819.5556065640012
2.4061757719714967,10130,0.4547724723815918,,4.400457464590482e-06,820.4001737220024
2.4085510688836105,10140,0.4330736637115479,,4.382862672648897e-06,821.2840566290033
2.4109263657957243,10150,0.506340503692627,,4.365267880707311e-06,822.0860443220008
2.4133016627078385,10160,0.5049913406372071,,4.347673088765726e-06,822.9638069540015
2.4156769596199523,10170,0.47534546852111814,,4.3300782968241405e-06,823.7419297080014
2.4180522565320666,10180,0.49854259490966796,,4.312483504882555e-06,824.5014997720027
2.4204275534441804,10190,0.4401832580566406,,4.29488871294097e-06,825.4229512880011
2.4228028503562946,10200,0.5120821475982666,,4.277293920999385e-06,826.2393953330029
2.4251781472684084,10210,0.46337313652038575,,4.2596991290578e-06,827.0774157390006
2.4275534441805227,10220,0.49097142219543455,,4.242104337116214e-06,827.9035567970022
2.4299287410926365,10230,0.4464718818664551,,4.224509545174629e-06,828.7081415500033
2.4323040380047507,10240,0.4837467193603516,,4.206914753233043e-06,829.5527178040029
2.4346793349168645,10250,0.4895754814147949,,4.189319961291458e-06,830.4125165639998
2.4370546318289787,10260,0.4337937831878662,,4.171725169349872e-06,831.2309445710016
2.4394299287410925,10270,0.48774943351745603,,4.154130377408288e-06,832.0064166600023
2.441805225653207,10280,0.48646836280822753,,4.136535585466702e-06,832.7402324790019
2.4441805225653206,10290,0.4963172435760498,,4.118940793525117e-06,833.6981059190002
2.446555819477435,10300,0.5163578987121582,,4.1013460015835315e-06,834.6148008410019
2.4489311163895486,10310,0.5131781578063965,,4.083751209641946e-06,835.4935507540031
2.451306413301663,10320,0.49063773155212403,,4.066156417700361e-06,836.3682985310006
2.4536817102137767,10330,0.47950053215026855,,4.048561625758776e-06,837.198399238001
2.456057007125891,10340,0.4615180969238281,,4.030966833817191e-06,837.9590424710004
2.4584323040380047,10350,0.48561983108520507,,4.013372041875605e-06,838.7625990780034
2.460807600950119,10360,0.4192946434020996,,3.99577724993402e-06,839.524081925003
2.4631828978622328,10370,0.509851598739624,,3.978182457992434e-06,840.2760230290005
2.4655581947743466,10380,0.4656487464904785,,3.960587666050849e-06,841.1084942330017
2.467933491686461,10390,0.48363542556762695,,3.942992874109263e-06,841.9278141960021
2.470308788598575,10400,0.4716897487640381,,3.925398082167679e-06,842.6566064020008
2.472684085510689,10410,0.4821155071258545,,3.907803290226093e-06,843.3873229570017
2.4750593824228027,10420,0.480942440032959,,3.890208498284508e-06,844.2262398970015
2.477434679334917,10430,0.4603878498077393,,3.8726137063429225e-06,844.9990240880034
2.4798099762470307,10440,0.5130961418151856,,3.855018914401337e-06,845.7097446010011
2.482185273159145,10450,0.46753754615783694,,3.8374241224597525e-06,846.5205298350011
2.4845605700712587,10460,0.4613348960876465,,3.819829330518167e-06,847.3717183890003
2.486935866983373,10470,0.49848289489746095,,3.802234538576582e-06,848.2588278850017
2.489311163895487,10480,0.45346870422363283,,3.7846397466349966e-06,849.029923371003
2.491686460807601,10490,0.5042093753814697,,3.767044954693411e-06,849.9198050230007
2.494061757719715,10500,0.48160696029663086,,3.749450162751826e-06,850.7968303260022
2.496437054631829,10510,0.48718762397766113,,3.7318553708102407e-06,851.6278533080003
2.498812351543943,10520,0.47011599540710447,,3.7142605788686553e-06,852.441239335003
2.501187648456057,10530,0.5140307426452637,,3.69666578692707e-06,853.1655495430023
2.503562945368171,10540,0.4866488933563232,,3.679070994985485e-06,854.0272765420013
2.505938242280285,10550,0.48589291572570803,,3.6614762030438994e-06,854.7221218990016
2.508313539192399,10560,0.4654716968536377,,3.643881411102314e-06,855.5424789580029
2.510688836104513,10570,0.4888138771057129,,3.626286619160729e-06,856.3481452120031
2.513064133016627,10580,0.4986694812774658,,3.6086918272191435e-06,857.1698948810008
2.5154394299287413,10590,0.46653046607971194,,3.591097035277558e-06,857.7650712020004
2.517814726840855,10600,0.5113995552062989,,3.573502243335973e-06,858.563132700001
2.520190023752969,10610,0.42267866134643556,,3.5559074513943876e-06,859.362521148003
2.522565320665083,10620,0.4707355499267578,,3.538312659452802e-06,860.1380886420011
2.5249406175771973,10630,0.47643222808837893,,3.5207178675112167e-06,860.8756275190026
2.527315914489311,10640,0.48183259963989256,,3.5031230755696317e-06,861.6973253640026
2.529691211401425,10650,0.4589087009429932,,3.4855282836280463e-06,862.4762264560013
2.532066508313539,10660,0.4465291500091553,,3.467933491686461e-06,863.2859055780027
2.5344418052256534,10670,0.4329060554504395,,3.450338699744876e-06,864.1356002300017
2.5368171021377672,10680,0.463695764541626,,3.4327439078032904e-06,864.8544060670029
2.539192399049881,10690,0.4948173999786377,,3.415149115861705e-06,865.628108375
2.5415676959619953,10700,0.49124693870544434,,3.39755432392012e-06,866.4880197100028
2.5439429928741095,10710,0.4435436248779297,,3.3799595319785345e-06,867.3146120390011
2.5463182897862233,10720,0.4102365970611572,,3.362364740036949e-06,868.2343424960018
2.548693586698337,10730,0.4916690826416016,,3.344769948095364e-06,869.0226170679998
2.5510688836104514,10740,0.5397416591644287,,3.3271751561537786e-06,869.8374010420011
2.553444180522565,10750,0.4670869827270508,,3.309580364212193e-06,870.6039586670013
2.5558194774346794,10760,0.4889704704284668,,3.2919855722706086e-06,871.4143836960029
2.558194774346793,10770,0.45201997756958007,,3.274390780329023e-06,872.2213154400015
2.5605700712589075,10780,0.5064986228942872,,3.2567959883874377e-06,873.0132237920006
2.5629453681710213,10790,0.471103572845459,,3.2392011964458527e-06,873.757001512
2.5653206650831355,10800,0.5006356716156006,,3.2216064045042672e-06,874.6069208550034
2.5676959619952493,10810,0.483992862701416,,3.204011612562682e-06,875.3705574550004
2.5700712589073635,10820,0.4849287509918213,,3.1864168206210968e-06,876.1433991160011
2.5724465558194773,10830,0.4784358501434326,,3.1688220286795113e-06,876.9274704340023
2.5748218527315916,10840,0.46613731384277346,,3.151227236737926e-06,877.6111290040026
2.5771971496437054,10850,0.4824862480163574,,3.1336324447963405e-06,878.4191033520001
2.5795724465558196,10860,0.4935307502746582,,3.1160376528547555e-06,879.1729395750008
2.5819477434679334,10870,0.46242403984069824,,3.09844286091317e-06,879.9326460030024
2.5843230403800472,10880,0.47827577590942383,,3.0808480689715846e-06,880.7899612890033
2.5866983372921615,10890,0.453885555267334,,3.0632532770299996e-06,881.6437560170016
2.5890736342042757,10900,0.48740191459655763,,3.045658485088414e-06,882.3999109290016
2.5914489311163895,10910,0.4666003704071045,,3.0280636931468287e-06,883.1443493390034
2.5938242280285033,10920,0.4378312587738037,,3.0104689012052437e-06,883.9431683080002
2.5961995249406176,10930,0.4668703079223633,,2.9928741092636582e-06,884.7575972830018
2.598574821852732,10940,0.5233620643615723,,2.975279317322073e-06,885.5112990570015
2.6009501187648456,10950,0.4844692230224609,,2.9576845253804874e-06,886.357517274002
2.6033254156769594,10960,0.4377742767333984,,2.9400897334389023e-06,887.1344340000032
2.6057007125890737,10970,0.47661609649658204,,2.922494941497317e-06,887.875432396002
2.608076009501188,10980,0.47471203804016116,,2.9049001495557315e-06,888.667339589003
2.6104513064133017,10990,0.38759512901306153,,2.8873053576141465e-06,889.4829503830006
2.6128266033254155,11000,0.4505010604858398,,2.869710565672561e-06,890.2630495470003
2.6152019002375297,11010,0.4308048725128174,,2.8521157737309756e-06,890.9893977150023
2.6175771971496435,11020,0.5171228408813476,,2.8345209817893906e-06,891.824461780001
2.619952494061758,11030,0.45601139068603513,,2.816926189847805e-06,892.5959122420027
2.6223277909738716,11040,0.5067082405090332,,2.7993313979062197e-06,893.4580424480009
2.624703087885986,11050,0.47613325119018557,,2.7817366059646343e-06,894.1983695050003
2.6270783847980996,11060,0.5016274929046631,,2.7641418140230492e-06,895.0979999150004
2.629453681710214,11070,0.5090423583984375,,2.746547022081464e-06,895.9149367380014
2.6318289786223277,11080,0.47751517295837403,,2.728952230139879e-06,896.681641541003
2.634204275534442,11090,0.44405651092529297,,2.7113574381982938e-06,897.4309183490004
2.6365795724465557,11100,0.39045014381408694,,2.6937626462567083e-06,898.2290043440007
2.63895486935867,11110,0.3896810531616211,,2.6761678543151233e-06,898.9505636460017
2.6413301662707838,11120,0.4582828998565674,,2.658573062373538e-06,899.6995516040006
2.643705463182898,11130,0.4496145248413086,,2.6409782704319524e-06,900.5786604320019
2.646080760095012,11140,0.45963344573974607,,2.6233834784903674e-06,901.4020365280012
2.648456057007126,11150,0.46463627815246583,,2.605788686548782e-06,902.197868225001
2.65083135391924,11160,0.4386965274810791,,2.5881938946071966e-06,902.956510295
2.653206650831354,11170,0.4717403411865234,,2.570599102665611e-06,903.7803928909998
2.655581947743468,11180,0.49251976013183596,,2.553004310724026e-06,904.6774797800026
2.6579572446555817,11190,0.4763491153717041,,2.5354095187824407e-06,905.4853269030027
2.660332541567696,11200,0.49365663528442383,,2.5178147268408552e-06,906.2481695850001
2.66270783847981,11210,0.4547734260559082,,2.5002199348992702e-06,907.0572360990009
2.665083135391924,11220,0.5001389503479003,,2.4826251429576848e-06,907.9108985520033
2.667458432304038,11230,0.42285785675048826,,2.4650303510160993e-06,908.6715928200028
2.669833729216152,11240,0.48696260452270507,,2.4474355590745143e-06,909.498904752003
2.6722090261282663,11250,0.47521390914916994,,2.429840767132929e-06,910.3057490630017
2.67458432304038,11260,0.45930027961730957,,2.4122459751913434e-06,911.0739454880022
2.676959619952494,11270,0.46322016716003417,,2.394651183249758e-06,911.8832840490031
2.679334916864608,11280,0.4803916454315186,,2.377056391308173e-06,912.7504464280028
2.6817102137767224,11290,0.44968161582946775,,2.3594615993665876e-06,913.6221632950001
2.684085510688836,11300,0.4887997627258301,,2.341866807425002e-06,914.4266794989999
2.68646080760095,11310,0.46866369247436523,,2.324272015483417e-06,915.2695650330024
2.688836104513064,11320,0.40132870674133303,,2.306677223541832e-06,916.0080450500027
2.691211401425178,11330,0.4479012966156006,,2.2890824316002467e-06,916.8016048330028
2.6935866983372923,11340,0.47614297866821287,,2.2714876396586612e-06,917.6016466610017
2.695961995249406,11350,0.44708590507507323,,2.253892847717076e-06,918.3518679360022
2.6983372921615203,11360,0.48473100662231444,,2.2362980557754908e-06,919.1628323500008
2.700712589073634,11370,0.46192293167114257,,2.2187032638339053e-06,920.0227139270028
2.7030878859857483,11380,0.5487729072570801,,2.20110847189232e-06,920.7753937380003
2.705463182897862,11390,0.4344886302947998,,2.183513679950735e-06,921.6237282110014
2.7078384798099764,11400,0.4163538932800293,,2.1659188880091494e-06,922.3771737960014
2.71021377672209,11410,0.44617376327514646,,2.148324096067564e-06,923.1690355580031
2.7125890736342044,11420,0.472690486907959,,2.130729304125979e-06,923.8921572420004
2.7149643705463182,11430,0.48240299224853517,,2.1131345121843935e-06,924.6508552770028
2.7173396674584325,11440,0.5041574478149414,,2.095539720242808e-06,925.4748175270033
2.7197149643705463,11450,0.5240917205810547,,2.077944928301223e-06,926.3434746990024
2.72209026128266,11460,0.46497745513916017,,2.0603501363596377e-06,927.1460491430007
2.7244655581947743,11470,0.43468027114868163,,2.0427553444180522e-06,927.9540158230011
2.7268408551068886,11480,0.43869624137878416,,2.025160552476467e-06,928.7609184840003
2.7292161520190024,11490,0.4221378803253174,,2.0075657605348818e-06,929.5379162509998
2.731591448931116,11500,0.5406721591949463,,1.9899709685932968e-06,930.3358977790012
2.7339667458432304,11510,0.4823758602142334,,1.9723761766517113e-06,931.0767228160003
2.7363420427553447,11520,0.5211406707763672,,1.954781384710126e-06,931.874287306
2.7387173396674585,11530,0.4255120277404785,,1.937186592768541e-06,932.6802720070009
2.7410926365795723,11540,0.4348756790161133,,1.9195918008269554e-06,933.4609197460013
2.7434679334916865,11550,0.44426870346069336,,1.90199700888537e-06,934.1659551140001
2.7458432304038007,11560,0.5689228534698486,,1.8844022169437848e-06,934.9867163010022
2.7482185273159145,11570,0.44991316795349123,,1.8668074250021995e-06,935.7950943140022
2.7505938242280283,11580,0.5148145198822022,,1.849212633060614e-06,936.5379587930001
2.7529691211401426,11590,0.42665348052978513,,1.8316178411190289e-06,937.2472047920019
2.7553444180522564,11600,0.40684099197387696,,1.8140230491774436e-06,938.0260434930024
2.7577197149643706,11610,0.4647416591644287,,1.7964282572358582e-06,938.8507109880011
2.7600950118764844,11620,0.514424467086792,,1.778833465294273e-06,939.6227420840005
2.7624703087885987,11630,0.5116703033447265,,1.7612386733526875e-06,940.3871326990011
2.7648456057007125,11640,0.4410216808319092,,1.7436438814111025e-06,941.216148462001
2.7672209026128267,11650,0.4899435520172119,,1.7260490894695173e-06,941.930109506
2.7695961995249405,11660,0.48113718032836916,,1.7084542975279319e-06,942.8226725910026
2.7719714964370548,11670,0.47153310775756835,,1.6908595055863466e-06,943.6678635180033
2.7743467933491686,11680,0.451734733581543,,1.6732647136447614e-06,944.4578979120015
2.776722090261283,11690,0.4590874671936035,,1.655669921703176e-06,945.2526126580015
2.7790973871733966,11700,0.43379783630371094,,1.6380751297615907e-06,946.0944008760016
2.781472684085511,11710,0.5232102870941162,,1.6204803378200053e-06,946.8833007620015
2.7838479809976246,11720,0.4709674835205078,,1.60288554587842e-06,947.6789114710009
2.7862232779097384,11730,0.46619749069213867,,1.5852907539368349e-06,948.5210190140024
2.7885985748218527,11740,0.48479595184326174,,1.5676959619952494e-06,949.2813186340027
2.790973871733967,11750,0.47199397087097167,,1.5501011700536642e-06,949.9368313129999
2.7933491686460807,11760,0.4888593673706055,,1.5325063781120788e-06,950.7499954890009
2.7957244655581945,11770,0.5164368152618408,,1.5149115861704935e-06,951.5409596750033
2.798099762470309,11780,0.4985264778137207,,1.4973167942289083e-06,952.3271598200008
2.800475059382423,11790,0.4831692218780518,,1.4797220022873233e-06,953.1123329710026
2.802850356294537,11800,0.45709943771362305,,1.4621272103457379e-06,953.9352070800014
2.8052256532066506,11810,0.4834258556365967,,1.4445324184041526e-06,954.7435988470024
2.807600950118765,11820,0.4514336109161377,,1.4269376264625672e-06,955.4653879500001
2.809976247030879,11830,0.4910489559173584,,1.409342834520982e-06,956.2726165430031
2.812351543942993,11840,0.4639105796813965,,1.3917480425793967e-06,957.0572677300006
2.8147268408551067,11850,0.5075544834136962,,1.3741532506378113e-06,957.8395292150017
2.817102137767221,11860,0.47815628051757814,,1.356558458696226e-06,958.6798954740007
2.8194774346793348,11870,0.42015624046325684,,1.3389636667546406e-06,959.4824277799999
2.821852731591449,11880,0.5200615406036377,,1.3213688748130554e-06,960.2497753759999
2.824228028503563,11890,0.44736132621765134,,1.3037740828714702e-06,960.9757975200009
2.826603325415677,11900,0.47225003242492675,,1.2861792909298847e-06,961.8158846940023
2.828978622327791,11910,0.4581447601318359,,1.2685844989882995e-06,962.655662600002
2.831353919239905,11920,0.45067286491394043,,1.250989707046714e-06,963.4199552700011
2.833729216152019,11930,0.44380879402160645,,1.233394915105129e-06,964.2101298960006
2.836104513064133,11940,0.5256455421447754,,1.2158001231635436e-06,965.075815299002
2.838479809976247,11950,0.49604063034057616,,1.1982053312219584e-06,965.9664160280008
2.840855106888361,11960,0.4470653533935547,,1.1806105392803732e-06,966.7252640290026
2.843230403800475,11970,0.44565768241882325,,1.1630157473387877e-06,967.4629070190022
2.8456057007125892,11980,0.4659719944000244,,1.1454209553972025e-06,968.294330613
2.847980997624703,11990,0.4766391754150391,,1.1278261634556173e-06,969.0995285420031
2.850356294536817,12000,0.4148547172546387,,1.110231371514032e-06,969.8639508380002
2.852731591448931,12010,0.44566168785095217,,1.0926365795724466e-06,970.6684428540029
2.8551068883610453,12020,0.47219390869140626,,1.0750417876308614e-06,971.4606989760032
2.857482185273159,12030,0.499643611907959,,1.057446995689276e-06,972.2365227990012
2.859857482185273,12040,0.4761601448059082,,1.0398522037476907e-06,973.0215514660013
2.862232779097387,12050,0.4399524211883545,,1.0222574118061055e-06,973.8615574780015
2.8646080760095014,12060,0.4588233470916748,,1.00466261986452e-06,974.6544702160027
2.866983372921615,12070,0.4491978645324707,,9.87067827922935e-07,975.4631748140018
2.869358669833729,12080,0.47089424133300783,,9.694730359813496e-07,976.2125002450011
2.8717339667458432,12090,0.4780872344970703,,9.518782440397643e-07,977.0773123390027
2.8741092636579575,12100,0.46272125244140627,,9.342834520981791e-07,977.8663275050021
2.8764845605700713,12110,0.48171238899230956,,9.166886601565937e-07,978.6168964690005
2.878859857482185,12120,0.4394108772277832,,8.990938682150084e-07,979.4278764590017
2.8812351543942993,12130,0.42881145477294924,,8.814990762734231e-07,980.2772098720015
2.883610451306413,12140,0.4789437294006348,,8.639042843318378e-07,981.0906558610004
2.8859857482185274,12150,0.46763763427734373,,8.463094923902526e-07,981.8971327940017
2.888361045130641,12160,0.4786656856536865,,8.287147004486673e-07,982.7490487840005
2.8907363420427554,12170,0.4504962921142578,,8.11119908507082e-07,983.583650468001
2.8931116389548692,12180,0.5334334373474121,,7.935251165654967e-07,984.3999908900005
2.8954869358669835,12190,0.43086752891540525,,7.759303246239114e-07,985.2308408780009
2.8978622327790973,12200,0.4860532760620117,,7.583355326823261e-07,986.0550453010001
2.9002375296912115,12210,0.4288455963134766,,7.407407407407407e-07,986.8246107680025
2.9026128266033253,12220,0.4944764614105225,,7.231459487991555e-07,987.6060872960006
2.9049881235154396,12230,0.48847079277038574,,7.055511568575703e-07,988.373851960001
2.9073634204275534,12240,0.4759068489074707,,6.879563649159849e-07,989.1992261030027
2.9097387173396676,12250,0.5200778007507324,,6.703615729743996e-07,990.0400045480019
2.9121140142517814,12260,0.4441770076751709,,6.527667810328144e-07,990.7888575970028
2.9144893111638956,12270,0.42670412063598634,,6.351719890912291e-07,991.5285557230018
2.9168646080760094,12280,0.48368072509765625,,6.175771971496437e-07,992.3128161380009
2.9192399049881237,12290,0.46744437217712403,,5.999824052080585e-07,993.073658827001
2.9216152019002375,12300,0.45369873046875,,5.823876132664732e-07,993.973575889002
2.9239904988123513,12310,0.5030144691467285,,5.647928213248878e-07,994.7726702590007
2.9263657957244655,12320,0.4834723472595215,,5.471980293833026e-07,995.5666397750028
2.92874109263658,12330,0.46157097816467285,,5.296032374417173e-07,996.3213026049998
2.9311163895486936,12340,0.48076343536376953,,5.12008445500132e-07,997.1003461790024
2.9334916864608074,12350,0.48855247497558596,,4.944136535585467e-07,997.9127769730003
2.9358669833729216,12360,0.5163450241088867,,4.768188616169614e-07,998.6661314270023
2.938242280285036,12370,0.4828356742858887,,4.5922406967537616e-07,999.4649320310018
2.9406175771971497,12380,0.43358588218688965,,4.416292777337908e-07,1000.2549578910002
2.9429928741092635,12390,0.44805731773376467,,4.2403448579220555e-07,1001.0625352990028
2.9453681710213777,12400,0.4735234260559082,,4.064396938506202e-07,1001.7821527450033
2.947743467933492,12410,0.40223283767700196,,3.88844901909035e-07,1002.5935453769998
2.9501187648456058,12420,0.5071100234985352,,3.7125010996744966e-07,1003.4064460560003
2.9524940617577196,12430,0.41109347343444824,,3.536553180258644e-07,1004.1592963130024
2.954869358669834,12440,0.42694988250732424,,3.3606052608427905e-07,1005.0265906290006
2.9572446555819476,12450,0.43473591804504397,,3.184657341426938e-07,1005.8475233940007
2.959619952494062,12460,0.4844063758850098,,3.008709422011085e-07,1006.696333226002
2.9619952494061756,12470,0.41821966171264646,,2.832761502595232e-07,1007.4216854200022
2.96437054631829,12480,0.4361693859100342,,2.6568135831793793e-07,1008.1525769920008
2.9667458432304037,12490,0.4404883861541748,,2.480865663763526e-07,1008.9112869480014
2.969121140142518,12500,0.466890811920166,,2.3049177443476735e-07,1009.730507876
2.9714964370546317,12510,0.4807890892028809,,2.1289698249318201e-07,1010.559187943003
2.973871733966746,12520,0.4404443740844727,,1.9530219055159676e-07,1011.2969203560024
2.97624703087886,12530,0.49594430923461913,,1.7770739861001143e-07,1012.1070315060024
2.978622327790974,12540,0.4519902229309082,,1.6011260666842618e-07,1012.9247627559998
2.980997624703088,12550,0.4864642143249512,,1.4251781472684087e-07,1013.7024741960013
2.983372921615202,12560,0.43032522201538087,,1.249230227852556e-07,1014.4725073530026
2.985748218527316,12570,0.44498186111450194,,1.0732823084367029e-07,1015.3050874300025
2.9881235154394297,12580,0.48565168380737306,,8.9733438902085e-08,1016.072368563
2.990498812351544,12590,0.44314866065979003,,7.213864696049969e-08,1016.7818708280029
2.992874109263658,12600,0.4658360481262207,,5.45438550189144e-08,1017.4796628390031
2.995249406175772,12610,0.43626976013183594,,3.694906307732912e-08,1018.2722526280013
2.9976247030878858,12620,0.46248631477355956,,1.9354271135743822e-08,1019.0679870140011
3.0,12630,0.42499408721923826,,1.7594791941585293e-09,1019.8598264810025
3.0,12630,,0.43157824873924255,,1022.273116245
3.0,12630,,,,1022.8245042859999
