epoch,step,loss,eval_loss,learning_rate,elapsed_seconds
0.0023752969121140144,10,0.6886273860931397,,1.4251781472684087e-07,1.2532195650001086
0.004750593824228029,20,0.6958064079284668,,3.008709422011085e-07,2.0544858510002086
0.007125890736342043,30,0.6814586162567139,,4.5922406967537616e-07,2.9239479650004796
0.009501187648456057,40,0.7072173118591308,,6.175771971496437e-07,3.718770540999685
0.011876484560570071,50,0.691979455947876,,7.759303246239114e-07,4.455058760000611
0.014251781472684086,60,0.683887243270874,,9.342834520981791e-07,5.265624792000381
0.0166270783847981,70,0.6869902610778809,,1.0926365795724466e-06,6.074082479999561
0.019002375296912115,80,0.697752571105957,,1.250989707046714e-06,6.925747863000652
0.021377672209026127,90,0.6970888614654541,,1.409342834520982e-06,7.870275003000643
0.023752969121140142,100,0.6883739948272705,,1.5676959619952494e-06,8.732882197000436
0.026128266033254157,110,0.6900877952575684,,1.7260490894695173e-06,9.499688906000301
0.028503562945368172,120,0.6905769824981689,,1.8844022169437848e-06,10.335734422000314
0.030878859857482184,130,0.6930319309234619,,2.0427553444180522e-06,11.186542659999759
0.0332541567695962,140,0.6973102569580079,,2.20110847189232e-06,11.947354264999376
0.035629453681710214,150,0.6935572147369384,,2.3594615993665876e-06,12.73355346199969
0.03800475059382423,160,0.6918996810913086,,2.5178147268408552e-06,13.624358675999247
0.040380047505938245,170,0.6901478290557861,,2.6761678543151233e-06,14.454914825000742
0.04275534441805225,180,0.6917923927307129,,2.8345209817893906e-06,15.335793426000237
0.04513064133016627,190,0.691595983505249,,2.9928741092636582e-06,16.13442338099958
0.047505938242280284,200,0.6792304992675782,,3.151227236737926e-06,16.938602112999433
0.0498812351543943,210,0.6902148723602295,,3.309580364212193e-06,17.7579629869997
0.052256532066508314,220,0.6865375518798829,,3.467933491686461e-06,18.530709451000803
0.05463182897862233,230,0.6838761329650879,,3.626286619160729e-06,19.37234709599943
0.057007125890736345,240,0.6965424060821533,,3.7846397466349966e-06,20.292353979000836
0.05938242280285035,250,0.6864439487457276,,3.942992874109263e-06,21.080851445000008
0.06175771971496437,260,0.6930480480194092,,4.1013460015835315e-06,21.87661372399998
0.06413301662707839,270,0.6799644470214844,,4.2596991290578e-06,22.755811139999423
0.0665083135391924,280,0.6986222267150879,,4.418052256532067e-06,23.590500542000882
0.0688836104513064,290,0.6951275825500488,,4.576405384006334e-06,24.421581780999986
0.07125890736342043,300,0.6816442966461181,,4.734758511480602e-06,25.239130112000566
0.07363420427553444,310,0.6864924907684327,,4.89311163895487e-06,26.05650643199988
0.07600950118764846,320,0.6867865562438965,,5.0514647664291375e-06,26.89905641400037
0.07838479809976247,330,0.6942455291748046,,5.209817893903405e-06,27.758311236000736
0.08076009501187649,340,0.6790916442871093,,5.368171021377673e-06,28.51126115199986
0.0831353919239905,350,0.6781471729278564,,5.526524148851941e-06,29.371059741000863
0.0855106888361045,360,0.6756465911865235,,5.684877276326208e-06,30.21063496500028
0.08788598574821853,370,0.6749711513519288,,5.843230403800475e-06,31.089118478999808
0.09026128266033254,380,0.7044901371002197,,6.001583531274743e-06,31.8761530160009
0.09263657957244656,390,0.6516448974609375,,6.159936658749011e-06,32.73513111399916
0.09501187648456057,400,0.6835359573364258,,6.318289786223278e-06,33.58443878499929
0.09738717339667459,410,0.6836982727050781,,6.476642913697546e-06,34.37621152400061
0.0997624703087886,420,0.6634366989135743,,6.634996041171814e-06,35.20907947500018
0.1021377672209026,430,0.6739198207855225,,6.7933491686460815e-06,36.01758000799964
0.10451306413301663,440,0.6941714286804199,,6.951702296120349e-06,36.85689304200059
0.10688836104513064,450,0.6679101467132569,,7.110055423594616e-06,37.70396939599959
0.10926365795724466,460,0.6706993579864502,,7.268408551068884e-06,38.59948991500096
0.11163895486935867,470,0.6856350421905517,,7.426761678543152e-06,39.42081266199966
0.11401425178147269,480,0.6666155815124511,,7.585114806017419e-06,40.22272003699982
0.1163895486935867,490,0.6591967582702637,,7.743467933491687e-06,41.06530304199987
0.1187648456057007,500,0.6619191646575928,,7.901821060965956e-06,41.91432705099942
0.12114014251781473,510,0.6414690971374511,,8.060174188440221e-06,42.8001006150007
0.12351543942992874,520,0.6568945407867431,,8.21852731591449e-06,43.690688053000486
0.12589073634204276,530,0.6396092414855957,,8.376880443388757e-06,44.47403374799978
0.12826603325415678,540,0.6502386569976807,,8.535233570863025e-06,45.28540575800071
0.13064133016627077,550,0.661707878112793,,8.693586698337293e-06,46.10373941100079
0.1330166270783848,560,0.6615846633911133,,8.85193982581156e-06,46.93584751100025
0.13539192399049882,570,0.6383412837982178,,9.010292953285828e-06,47.7672147939993
0.1377672209026128,580,0.6372353553771972,,9.168646080760095e-06,48.66902884100091
0.14014251781472684,590,0.6021174430847168,,9.326999208234362e-06,49.49097511400032
0.14251781472684086,600,0.5689374446868897,,9.485352335708631e-06,50.37006087900045
0.14489311163895488,610,0.6016552448272705,,9.643705463182899e-06,51.3143558619995
0.14726840855106887,620,0.5569298267364502,,9.802058590657166e-06,52.12224423400039
0.1496437054631829,630,0.49999179840087893,,9.960411718131435e-06,53.03843828800018
0.15201900237529692,640,0.4767152786254883,,1.0118764845605702e-05,53.87856048799949
0.1543942992874109,650,0.4910738945007324,,1.027711797307997e-05,54.72052450100091
0.15676959619952494,660,0.5559220314025879,,1.0435471100554238e-05,55.45537939300084
0.15914489311163896,670,0.41683235168457033,,1.0593824228028504e-05,56.292674431000705
0.16152019002375298,680,0.41011691093444824,,1.0752177355502773e-05,57.04763424799967
0.16389548693586697,690,0.42212734222412107,,1.091053048297704e-05,57.88459875300032
0.166270783847981,700,0.45023255348205565,,1.1068883610451307e-05,58.72270881499935
0.16864608076009502,710,0.3849048376083374,,1.1227236737925575e-05,59.51210102500045
0.171021377672209,720,0.39182918071746825,,1.1385589865399842e-05,60.27806627999962
0.17339667458432304,730,0.42557101249694823,,1.154394299287411e-05,61.12404050499936
0.17577197149643706,740,0.4290445327758789,,1.1702296120348378e-05,62.0809293580005
0.17814726840855108,750,0.3440093040466309,,1.1860649247822647e-05,62.901742091000415
0.18052256532066507,760,0.36488263607025145,,1.2019002375296912e-05,63.75053738300085
0.1828978622327791,770,0.47369937896728515,,1.217735550277118e-05,64.56925763700019
0.18527315914489312,780,0.4138439178466797,,1.2335708630245449e-05,65.44963134600039
0.1876484560570071,790,0.39516961574554443,,1.2494061757719716e-05,66.3049025929995
0.19002375296912113,800,0.4109964370727539,,1.2652414885193985e-05,67.10858785200071
0.19239904988123516,810,0.34554755687713623,,1.281076801266825e-05,67.93406613499974
0.19477434679334918,820,0.4560729503631592,,1.296912114014252e-05,68.78103425699919
0.19714964370546317,830,0.3744537591934204,,1.3127474267616787e-05,69.59190465900065
0.1995249406175772,840,0.3824376344680786,,1.3285827395091054e-05,70.54933019500095
0.20190023752969122,850,0.4463005542755127,,1.3444180522565323e-05,71.33905568999944
0.2042755344418052,860,0.37696855068206786,,1.3602533650039588e-05,72.25888694099922
0.20665083135391923,870,0.3386031150817871,,1.3760886777513857e-05,73.12752158799958
0.20902612826603326,880,0.38587026596069335,,1.3919239904988124e-05,73.90421567399972
0.21140142517814728,890,0.46406097412109376,,1.4077593032462393e-05,74.79216913399978
0.21377672209026127,900,0.3868929386138916,,1.423594615993666e-05,75.60001206000015
0.2161520190023753,910,0.27596340179443357,,1.4394299287410926e-05,76.44080107199989
0.21852731591448932,920,0.36081323623657224,,1.4552652414885195e-05,77.32236930200088
0.2209026128266033,930,0.440047025680542,,1.4711005542359462e-05,78.07945505600037
0.22327790973871733,940,0.3378991365432739,,1.4869358669833731e-05,78.88353693499994
0.22565320665083136,950,0.34140729904174805,,1.5027711797307999e-05,79.83106659300029
0.22802850356294538,960,0.2929784059524536,,1.5186064924782268e-05,80.63031313300053
0.23040380047505937,970,0.32337355613708496,,1.5344418052256533e-05,81.41992315899915
0.2327790973871734,980,0.31612257957458495,,1.55027711797308e-05,82.23232832100075
0.23515439429928742,990,0.36447916030883787,,1.5661124307205068e-05,83.03676075600015
0.2375296912114014,1000,0.3460821628570557,,1.5819477434679335e-05,83.8735953739997
0.23990498812351543,1010,0.30053527355194093,,1.5977830562153605e-05,84.71424819899948
0.24228028503562946,1020,0.31636481285095214,,1.6136183689627873e-05,85.57592086799923
0.24465558194774348,1030,0.32135705947875975,,1.629453681710214e-05,86.38199440000062
0.24703087885985747,1040,0.32400505542755126,,1.6452889944576407e-05,87.24071539599936
0.2494061757719715,1050,0.3940941095352173,,1.6611243072050674e-05,88.10712207799952
0.2517814726840855,1060,0.35106143951416013,,1.676959619952494e-05,88.9104374260005
0.25415676959619954,1070,0.2876373529434204,,1.692794932699921e-05,89.71233298299921
0.25653206650831356,1080,0.3220252990722656,,1.708630245447348e-05,90.52344645000085
0.2589073634204275,1090,0.2982360363006592,,1.7244655581947743e-05,91.3076188289997
0.26128266033254155,1100,0.39206595420837403,,1.7403008709422014e-05,92.12765725999998
0.26365795724465557,1110,0.326578164100647,,1.756136183689628e-05,92.92408403300033
0.2660332541567696,1120,0.3066389083862305,,1.7719714964370545e-05,93.75256837199959
0.2684085510688836,1130,0.2830965042114258,,1.7878068091844816e-05,94.67734320300042
0.27078384798099764,1140,0.2951951265335083,,1.8036421219319083e-05,95.45538908900016
0.27315914489311166,1150,0.3717876672744751,,1.819477434679335e-05,96.27905969399944
0.2755344418052256,1160,0.33023116588592527,,1.8353127474267618e-05,97.12116519499978
0.27790973871733965,1170,0.2924536943435669,,1.8511480601741888e-05,97.8744408170005
0.28028503562945367,1180,0.2804779052734375,,1.8669833729216152e-05,98.63641693499994
0.2826603325415677,1190,0.25279827117919923,,1.882818685669042e-05,99.41969889599932
0.2850356294536817,1200,0.3430974006652832,,1.898653998416469e-05,100.30167340099979
0.28741092636579574,1210,0.37068560123443606,,1.9144893111638957e-05,101.07313226900078
0.28978622327790976,1220,0.28525362014770506,,1.9303246239113224e-05,101.84017067499917
0.2921615201900237,1230,0.2755004405975342,,1.946159936658749e-05,102.70492578899939
0.29453681710213775,1240,0.38056848049163816,,1.961995249406176e-05,103.50948697499916
0.29691211401425177,1250,0.30145063400268557,,1.9778305621536026e-05,104.32183100200018
0.2992874109263658,1260,0.24223549365997316,,1.9936658749010293e-05,105.20638192600018
0.3016627078384798,1270,0.3320858716964722,,1.998944312483505e-05,106.00164373699954
0.30403800475059384,1280,0.38113765716552733,,1.9971848332893464e-05,106.87266091399943
0.30641330166270786,1290,0.32600812911987304,,1.995425354095188e-05,107.67411687999993
0.3087885985748218,1300,0.3457973003387451,,1.9936658749010293e-05,108.51669549600047
0.31116389548693585,1310,0.31915764808654784,,1.991906395706871e-05,109.32801392900001
0.31353919239904987,1320,0.24127237796783446,,1.9901469165127123e-05,110.20117465099975
0.3159144893111639,1330,0.3860907077789307,,1.988387437318554e-05,111.08196401299938
0.3182897862232779,1340,0.34546632766723634,,1.986627958124395e-05,111.87775510000029
0.32066508313539194,1350,0.29488976001739503,,1.9848684789302368e-05,112.75207253299959
0.32304038004750596,1360,0.2511059999465942,,1.983108999736078e-05,113.55463239900018
0.3254156769596199,1370,0.26364288330078123,,1.9813495205419197e-05,114.44811156499964
0.32779097387173395,1380,0.3093195915222168,,1.979590041347761e-05,115.26821114800077
0.33016627078384797,1390,0.336144757270813,,1.9778305621536026e-05,116.06256367999958
0.332541567695962,1400,0.30355119705200195,,1.9760710829594442e-05,116.87655198399989
0.334916864608076,1410,0.3344407320022583,,1.9743116037652855e-05,117.6720431119993
0.33729216152019004,1420,0.2966626644134521,,1.972552124571127e-05,118.44343162800033
0.33966745843230406,1430,0.276965856552124,,1.9707926453769684e-05,119.26096623199919
0.342042755344418,1440,0.2637924671173096,,1.96903316618281e-05,120.01602024599924
0.34441805225653205,1450,0.23177096843719483,,1.9672736869886514e-05,120.7945758349997
0.34679334916864607,1460,0.17342989444732665,,1.965514207794493e-05,121.65695805500036
0.3491686460807601,1470,0.4364047050476074,,1.9637547286003346e-05,122.49256271100057
0.3515439429928741,1480,0.46199989318847656,,1.961995249406176e-05,123.34836060199996
0.35391923990498814,1490,0.32778162956237794,,1.9602357702120175e-05,124.18521234500076
0.35629453681710216,1500,0.2952165365219116,,1.9584762910178588e-05,124.9661346390003
0.3586698337292161,1510,0.3209730863571167,,1.9567168118237004e-05,125.72101242700046
0.36104513064133015,1520,0.2840736865997314,,1.954957332629542e-05,126.54062781900029
0.36342042755344417,1530,0.2890427350997925,,1.9531978534353833e-05,127.27905407300022
0.3657957244655582,1540,0.3202927350997925,,1.951438374241225e-05,128.09457180900063
0.3681710213776722,1550,0.35248627662658694,,1.9496788950470663e-05,128.93120021200048
0.37054631828978624,1560,0.23125879764556884,,1.947919415852908e-05,129.7377603900004
0.37292161520190026,1570,0.2884225368499756,,1.946159936658749e-05,130.59827305900035
0.3752969121140142,1580,0.2617201805114746,,1.9444004574645908e-05,131.41912141300054
0.37767220902612825,1590,0.2979872703552246,,1.942640978270432e-05,132.28310680300092
0.38004750593824227,1600,0.29804282188415526,,1.9408814990762737e-05,133.05266897
0.3824228028503563,1610,0.3195943355560303,,1.939122019882115e-05,133.87669820100018
0.3847980997624703,1620,0.22925310134887694,,1.9373625406879566e-05,134.69427711199933
0.38717339667458434,1630,0.37286570072174074,,1.935603061493798e-05,135.4690930680008
0.38954869358669836,1640,0.2673513650894165,,1.9338435822996395e-05,136.3511719420003
0.3919239904988123,1650,0.3519261837005615,,1.9320841031054808e-05,137.18780216300001
0.39429928741092635,1660,0.259689474105835,,1.9303246239113224e-05,137.97018287799983
0.39667458432304037,1670,0.26587183475494386,,1.9285651447171637e-05,138.88390481900024
0.3990498812351544,1680,0.3438426971435547,,1.9268056655230054e-05,139.7728085359995
0.4014251781472684,1690,0.232877779006958,,1.9250461863288466e-05,140.63604519600085
0.40380047505938244,1700,0.22843532562255858,,1.9232867071346883e-05,141.5038058530008
0.40617577197149646,1710,0.23375697135925294,,1.9215272279405296e-05,142.35050377699918
0.4085510688836104,1720,0.3349828004837036,,1.9197677487463712e-05,143.2390750249997
0.41092636579572445,1730,0.35059475898742676,,1.9180082695522128e-05,144.06452632400033
0.41330166270783847,1740,0.3162539482116699,,1.916248790358054e-05,144.96229967200088
0.4156769596199525,1750,0.26387906074523926,,1.9144893111638957e-05,145.81896894199963
0.4180522565320665,1760,0.2873296499252319,,1.912729831969737e-05,146.64172185999996
0.42042755344418054,1770,0.2598160982131958,,1.9109703527755786e-05,147.59025218900024
0.42280285035629456,1780,0.29414312839508056,,1.9092108735814203e-05,148.52184130100068
0.4251781472684085,1790,0.26425461769104003,,1.9074513943872615e-05,149.32047151500046
0.42755344418052255,1800,0.34160099029541013,,1.905691915193103e-05,150.14139843699922
0.42992874109263657,1810,0.31069469451904297,,1.9039324359989445e-05,150.8907663150003
0.4323040380047506,1820,0.3017260074615479,,1.902172956804786e-05,151.73214720400028
0.4346793349168646,1830,0.2968280553817749,,1.9004134776106274e-05,152.57111966999946
0.43705463182897863,1840,0.3357652187347412,,1.898653998416469e-05,153.39623390700035
0.43942992874109266,1850,0.2786423683166504,,1.8968945192223103e-05,154.2994082139994
0.4418052256532066,1860,0.2664205074310303,,1.895135040028152e-05,155.16479276999962
0.44418052256532065,1870,0.27372989654541013,,1.8933755608339932e-05,155.99157977899995
0.44655581947743467,1880,0.2666242361068726,,1.8916160816398348e-05,156.8082297029996
0.4489311163895487,1890,0.2974104881286621,,1.889856602445676e-05,157.75951143400016
0.4513064133016627,1900,0.319078254699707,,1.8880971232515177e-05,158.6047844980003
0.45368171021377673,1910,0.3734221220016479,,1.886337644057359e-05,159.44949225299933
0.45605700712589076,1920,0.28844680786132815,,1.8845781648632006e-05,160.2314925369992
0.4584323040380047,1930,0.2579965114593506,,1.882818685669042e-05,161.0946822799997
0.46080760095011875,1940,0.28817167282104494,,1.8810592064748836e-05,161.9237794389992
0.46318289786223277,1950,0.23757951259613036,,1.879299727280725e-05,162.74799390999942
0.4655581947743468,1960,0.26546905040740965,,1.8775402480865665e-05,163.64385752499948
0.4679334916864608,1970,0.2654078006744385,,1.8757807688924078e-05,164.49733493299937
0.47030878859857483,1980,0.3068920373916626,,1.8740212896982494e-05,165.29546130999915
0.47268408551068886,1990,0.3418040037155151,,1.872261810504091e-05,166.13473044300008
0.4750593824228028,2000,0.3339052200317383,,1.8705023313099323e-05,166.97184317500069
0.47743467933491684,2010,0.259195876121521,,1.868742852115774e-05,167.82864053400044
0.47980997624703087,2020,0.35022811889648436,,1.8669833729216152e-05,168.66356988799998
0.4821852731591449,2030,0.38894171714782716,,1.8652238937274568e-05,169.45728674100064
0.4845605700712589,2040,0.2708294868469238,,1.8634644145332985e-05,170.25690252200002
0.48693586698337293,2050,0.351686692237854,,1.8617049353391397e-05,171.0969753320005
0.48931116389548696,2060,0.2617496013641357,,1.8599454561449814e-05,171.92664565800078
0.4916864608076009,2070,0.2502918243408203,,1.8581859769508227e-05,172.8590048570004
0.49406175771971494,2080,0.28974816799163816,,1.8564264977566643e-05,173.6870559250001
0.49643705463182897,2090,0.30762906074523927,,1.854667018562506e-05,174.60537654499967
0.498812351543943,2100,0.3201272487640381,,1.8529075393683472e-05,175.4200579570006
0.501187648456057,2110,0.33556945323944093,,1.8511480601741888e-05,176.2416710510006
0.503562945368171,2120,0.24916596412658693,,1.84938858098003e-05,177.07346478
0.505938242280285,2130,0.28199822902679444,,1.8476291017858717e-05,178.01155879200087
0.5083135391923991,2140,0.2940419912338257,,1.845869622591713e-05,178.88331982099953
0.5106888361045131,2150,0.19121644496917725,,1.8441101433975546e-05,179.73876085899974
0.5130641330166271,2160,0.3278022289276123,,1.842350664203396e-05,180.6323869759999
0.5154394299287411,2170,0.24976711273193358,,1.8405911850092376e-05,181.47128219600017
0.517814726840855,2180,0.23954856395721436,,1.838831705815079e-05,182.32653727800061
0.5201900237529691,2190,0.28325090408325193,,1.8370722266209205e-05,183.15171098300016
0.5225653206650831,2200,0.2693334579467773,,1.8353127474267618e-05,183.94211927200013
0.5249406175771971,2210,0.2679069757461548,,1.8335532682326034e-05,184.7912775299992
0.5273159144893111,2220,0.23850841522216798,,1.8317937890384447e-05,185.67828936899969
0.5296912114014252,2230,0.2315981864929199,,1.8300343098442863e-05,186.51043223099987
0.5320665083135392,2240,0.2987548828125,,1.8282748306501276e-05,187.35789829699934
0.5344418052256532,2250,0.24949684143066406,,1.8265153514559692e-05,188.26009103199976
0.5368171021377672,2260,0.31019113063812254,,1.8247558722618105e-05,189.04629065799963
0.5391923990498813,2270,0.21446492671966552,,1.822996393067652e-05,189.84260039999936
0.5415676959619953,2280,0.33617253303527833,,1.8212369138734934e-05,190.66977533200043
0.5439429928741093,2290,0.22805709838867189,,1.819477434679335e-05,191.46949730100096
0.5463182897862233,2300,0.2233583688735962,,1.8177179554851767e-05,192.29371692300083
0.5486935866983373,2310,0.19850821495056153,,1.815958476291018e-05,193.09483258
0.5510688836104513,2320,0.32978665828704834,,1.8141989970968596e-05,193.95316454400017
0.5534441805225653,2330,0.29986593723297117,,1.812439517902701e-05,194.81606448499952
0.5558194774346793,2340,0.23913719654083251,,1.8106800387085425e-05,195.59894791499937
0.5581947743467933,2350,0.36827998161315917,,1.808920559514384e-05,196.47544405500048
0.5605700712589073,2360,0.24560532569885254,,1.8071610803202254e-05,197.3302337669993
0.5629453681710214,2370,0.2532925605773926,,1.805401601126067e-05,198.17571293100082
0.5653206650831354,2380,0.24050869941711425,,1.8036421219319083e-05,199.04733902100088
0.5676959619952494,2390,0.31542890071868895,,1.80188264273775e-05,199.8207482680009
0.5700712589073634,2400,0.2660235404968262,,1.8001231635435912e-05,200.62893636599983
0.5724465558194775,2410,0.20870301723480225,,1.798363684349433e-05,201.52257223800007
0.5748218527315915,2420,0.24427387714385987,,1.796604205155274e-05,202.35585671099943
0.5771971496437055,2430,0.24881913661956787,,1.7948447259611158e-05,203.12982012800057
0.5795724465558195,2440,0.32248194217681886,,1.793085246766957e-05,204.03149618300085
0.5819477434679335,2450,0.26314654350280764,,1.7913257675727987e-05,204.8115817779999
0.5843230403800475,2460,0.29225683212280273,,1.78956628837864e-05,205.66583326
0.5866983372921615,2470,0.23699681758880614,,1.7878068091844816e-05,206.4176938719993
0.5890736342042755,2480,0.3065609931945801,,1.786047329990323e-05,207.2439472770002
0.5914489311163895,2490,0.17259571552276612,,1.7842878507961645e-05,208.02052841099976
0.5938242280285035,2500,0.30139281749725344,,1.7825283716020058e-05,208.7370240349992
0.5961995249406176,2510,0.25011913776397704,,1.7807688924078474e-05,209.59974778300057
0.5985748218527316,2520,0.27835209369659425,,1.7790094132136887e-05,210.41417661500054
0.6009501187648456,2530,0.30079989433288573,,1.7772499340195303e-05,211.23839885300004
0.6033254156769596,2540,0.246815824508667,,1.7754904548253716e-05,212.14673013299944
0.6057007125890737,2550,0.2940993070602417,,1.7737309756312132e-05,213.0292944690009
0.6080760095011877,2560,0.35368971824645995,,1.7719714964370545e-05,213.818104512
0.6104513064133017,2570,0.2373198986053467,,1.770212017242896e-05,214.64713742999993
0.6128266033254157,2580,0.2329951047897339,,1.7684525380487378e-05,215.42170612100017
0.6152019002375297,2590,0.3600739002227783,,1.766693058854579e-05,216.23239205500067
0.6175771971496437,2600,0.2110321044921875,,1.7649335796604207e-05,217.06013411099957
0.6199524940617577,2610,0.24310576915740967,,1.7631741004662623e-05,217.86439411399988
0.6223277909738717,2620,0.2900852203369141,,1.7614146212721036e-05,218.73295496100036
0.6247030878859857,2630,0.3483264923095703,,1.7596551420779452e-05,219.56004757700066
0.6270783847980997,2640,0.2657675266265869,,1.7578956628837865e-05,220.29279675600083
0.6294536817102138,2650,0.2994748830795288,,1.756136183689628e-05,221.15150091400028
0.6318289786223278,2660,0.31997056007385255,,1.7543767044954694e-05,221.96283579100054
0.6342042755344418,2670,0.26680431365966795,,1.752617225301311e-05,222.84399805199973
0.6365795724465558,2680,0.2326033592224121,,1.7508577461071527e-05,223.77239415199983
0.6389548693586699,2690,0.25942676067352294,,1.749098266912994e-05,224.6919086960006
0.6413301662707839,2700,0.21141257286071777,,1.7473387877188356e-05,225.50422835899917
0.6437054631828979,2710,0.30285303592681884,,1.745579308524677e-05,226.32681367999976
0.6460807600950119,2720,0.40448722839355467,,1.7438198293305185e-05,227.1586014679997
0.6484560570071259,2730,0.2513535737991333,,1.7420603501363598e-05,227.97860173499976
0.6508313539192399,2740,0.21399662494659424,,1.7403008709422014e-05,228.7692361720001
0.6532066508313539,2750,0.2750751495361328,,1.7385413917480427e-05,229.59520759299994
0.6555819477434679,2760,0.3336127519607544,,1.7367819125538843e-05,230.4653368399995
0.6579572446555819,2770,0.3049976348876953,,1.7350224333597256e-05,231.37380638499963
0.6603325415676959,2780,0.2346508502960205,,1.7332629541655672e-05,232.2971458789998
0.66270783847981,2790,0.2721261978149414,,1.7315034749714085e-05,233.1124160470008
0.665083135391924,2800,0.26375112533569334,,1.72974399577725e-05,234.01199786899997
0.667458432304038,2810,0.2583927154541016,,1.7279845165830914e-05,234.84562139599984
0.669833729216152,2820,0.3201007843017578,,1.726225037388933e-05,235.68832317899978
0.672209026128266,2830,0.2648211717605591,,1.7244655581947743e-05,236.43009902599988
0.6745843230403801,2840,0.4102717399597168,,1.722706079000616e-05,237.27723440500085
0.6769596199524941,2850,0.23716154098510742,,1.7209465998064573e-05,238.10981537800035
0.6793349168646081,2860,0.3171072483062744,,1.719187120612299e-05,239.12805724999998
0.6817102137767221,2870,0.2707744836807251,,1.71742764141814e-05,239.8953464919996
0.684085510688836,2880,0.28780574798583985,,1.7156681622239818e-05,240.7865520840005
0.6864608076009501,2890,0.2825535535812378,,1.7139086830298234e-05,241.7094105849992
0.6888361045130641,2900,0.2177055597305298,,1.7121492038356647e-05,242.56836302100055
0.6912114014251781,2910,0.3631507396697998,,1.7103897246415063e-05,243.33927377700093
0.6935866983372921,2920,0.3390775442123413,,1.708630245447348e-05,244.0822620050003
0.6959619952494062,2930,0.2854235887527466,,1.7068707662531892e-05,244.9893148709998
0.6983372921615202,2940,0.3303822040557861,,1.705111287059031e-05,245.7434932819997
0.7007125890736342,2950,0.24899468421936036,,1.703351807864872e-05,246.61911995899936
0.7030878859857482,2960,0.21197907924652098,,1.7015923286707138e-05,247.51993116999984
0.7054631828978623,2970,0.2903696060180664,,1.699832849476555e-05,248.342639814
0.7078384798099763,2980,0.22456541061401367,,1.6980733702823967e-05,249.2570571060005
0.7102137767220903,2990,0.3235846757888794,,1.696313891088238e-05,250.15473349400054
0.7125890736342043,3000,0.30622334480285646,,1.6945544118940796e-05,250.98334469700058
0.7149643705463183,3010,0.2513200044631958,,1.692794932699921e-05,251.8173516679999
0.7173396674584323,3020,0.19150397777557374,,1.6910354535057625e-05,252.64420413900007
0.7197149643705463,3030,0.191189706325531,,1.6892759743116038e-05,253.42685844600055
0.7220902612826603,3040,0.19449883699417114,,1.6875164951174454e-05,254.30284406300052
0.7244655581947743,3050,0.3550260066986084,,1.6857570159232867e-05,255.08856379200006
0.7268408551068883,3060,0.2641081094741821,,1.6839975367291283e-05,255.91231029600021
0.7292161520190024,3070,0.2202965497970581,,1.6822380575349696e-05,256.66942240699973
0.7315914489311164,3080,0.2638449192047119,,1.6804785783408113e-05,257.44190932200036
0.7339667458432304,3090,0.3181133270263672,,1.6787190991466525e-05,258.2913447989995
0.7363420427553444,3100,0.28610227108001707,,1.676959619952494e-05,259.1421000800001
0.7387173396674585,3110,0.37535278797149657,,1.6752001407583355e-05,259.94063225900027
0.7410926365795725,3120,0.23239281177520751,,1.673440661564177e-05,260.75368619099936
0.7434679334916865,3130,0.2807114362716675,,1.6716811823700184e-05,261.5674379970005
0.7458432304038005,3140,0.22500996589660643,,1.66992170317586e-05,262.3745251319997
0.7482185273159145,3150,0.3153039216995239,,1.6681622239817016e-05,263.24692834099915
0.7505938242280285,3160,0.3521298885345459,,1.666402744787543e-05,264.1577028619995
0.7529691211401425,3170,0.2522442102432251,,1.6646432655933845e-05,264.95074460700016
0.7553444180522565,3180,0.28649866580963135,,1.6628837863992258e-05,265.8138261109998
0.7577197149643705,3190,0.279440712928772,,1.6611243072050674e-05,266.6654718739992
0.7600950118764845,3200,0.2668268918991089,,1.659364828010909e-05,267.4883924040005
0.7624703087885986,3210,0.23952624797821045,,1.6576053488167504e-05,268.26856433600005
0.7648456057007126,3220,0.15720964670181276,,1.655845869622592e-05,269.0452039039992
0.7672209026128266,3230,0.2748971462249756,,1.6540863904284333e-05,269.9811995430009
0.7695961995249406,3240,0.2830456495285034,,1.652326911234275e-05,270.6848684159995
0.7719714964370546,3250,0.2588655948638916,,1.6505674320401162e-05,271.50036282200017
0.7743467933491687,3260,0.2814113855361938,,1.6488079528459578e-05,272.35475268200025
0.7767220902612827,3270,0.2927605628967285,,1.647048473651799e-05,273.2691035700009
0.7790973871733967,3280,0.2832451343536377,,1.6452889944576407e-05,274.1172206909996
0.7814726840855107,3290,0.2243891716003418,,1.643529515263482e-05,275.0634884589999
0.7838479809976246,3300,0.23631627559661866,,1.6417700360693236e-05,275.8102255440008
0.7862232779097387,3310,0.27668914794921873,,1.6400105568751653e-05,276.6350068869997
0.7885985748218527,3320,0.2539725065231323,,1.6382510776810065e-05,277.3808784119992
0.7909738717339667,3330,0.19448246955871581,,1.6364915984868482e-05,278.2151307179993
0.7933491686460807,3340,0.22938058376312256,,1.6347321192926895e-05,279.0607849959997
0.7957244655581948,3350,0.2938485622406006,,1.632972640098531e-05,279.86727925800005
0.7980997624703088,3360,0.16809113025665284,,1.6312131609043724e-05,280.66834600699985
0.8004750593824228,3370,0.23219106197357178,,1.629453681710214e-05,281.58947606999936
0.8028503562945368,3380,0.3600097417831421,,1.6276942025160553e-05,282.3834382469995
0.8052256532066508,3390,0.3109195947647095,,1.625934723321897e-05,283.1949622909997
0.8076009501187649,3400,0.3231492042541504,,1.6241752441277382e-05,284.0108097880002
0.8099762470308789,3410,0.2984159469604492,,1.6224157649335798e-05,284.80651143999967
0.8123515439429929,3420,0.25505092144012453,,1.620656285739421e-05,285.66894900899933
0.8147268408551069,3430,0.2773623466491699,,1.6188968065452627e-05,286.5455533179993
0.8171021377672208,3440,0.28428945541381834,,1.617137327351104e-05,287.32548595200024
0.8194774346793349,3450,0.32475910186767576,,1.6153778481569456e-05,288.1849725739994
0.8218527315914489,3460,0.29054698944091795,,1.6136183689627873e-05,289.1457840540006
0.8242280285035629,3470,0.30030672550201415,,1.6118588897686286e-05,289.90434016700056
0.8266033254156769,3480,0.26129395961761476,,1.6100994105744702e-05,290.82879266500095
0.828978622327791,3490,0.18076151609420776,,1.6083399313803115e-05,291.6785858250005
0.831353919239905,3500,0.22039215564727782,,1.606580452186153e-05,292.6659478170004
0.833729216152019,3510,0.3158179044723511,,1.6048209729919947e-05,293.57875062399944
0.836104513064133,3520,0.32055864334106443,,1.603061493797836e-05,294.5288977279997
0.838479809976247,3530,0.2681412220001221,,1.6013020146036776e-05,295.3966843950002
0.8408551068883611,3540,0.2914630889892578,,1.599542535409519e-05,296.2756227059999
0.8432304038004751,3550,0.20940048694610597,,1.5977830562153605e-05,297.0905533389996
0.8456057007125891,3560,0.3283780813217163,,1.596023577021202e-05,297.8594550130001
0.8479809976247031,3570,0.2746327638626099,,1.5942640978270435e-05,298.709515605
0.850356294536817,3580,0.17705594301223754,,1.5925046186328847e-05,299.5426847920007
0.8527315914489311,3590,0.21981520652770997,,1.5907451394387264e-05,300.51073636100045
0.8551068883610451,3600,0.33980369567871094,,1.5889856602445677e-05,301.40474220800024
0.8574821852731591,3610,0.3301929712295532,,1.5872261810504093e-05,302.23922315799973
0.8598574821852731,3620,0.24723472595214843,,1.5854667018562506e-05,303.0657274610003
0.8622327790973872,3630,0.23496804237365723,,1.5837072226620922e-05,303.83854709799925
0.8646080760095012,3640,0.2187103033065796,,1.5819477434679335e-05,304.6938602480004
0.8669833729216152,3650,0.17719212770462037,,1.580188264273775e-05,305.5977452469997
0.8693586698337292,3660,0.27102758884429934,,1.5784287850796164e-05,306.48968524799966
0.8717339667458432,3670,0.1717073917388916,,1.576669305885458e-05,307.29776719599977
0.8741092636579573,3680,0.21699206829071044,,1.5749098266912993e-05,308.1885793580004
0.8764845605700713,3690,0.3288206815719604,,1.573150347497141e-05,309.0626370310001
0.8788598574821853,3700,0.2879084348678589,,1.5713908683029822e-05,309.9126999349992
0.8812351543942993,3710,0.27650139331817625,,1.569631389108824e-05,310.6973435330001
0.8836104513064132,3720,0.30359487533569335,,1.5678719099146655e-05,311.4658020749994
0.8859857482185273,3730,0.18551019430160523,,1.5661124307205068e-05,312.24481689800086
0.8883610451306413,3740,0.2532815933227539,,1.5643529515263484e-05,313.18097247399965
0.8907363420427553,3750,0.25687172412872317,,1.5625934723321897e-05,313.9875178229995
0.8931116389548693,3760,0.2286602735519409,,1.5608339931380313e-05,314.8922895989999
0.8954869358669834,3770,0.2795537233352661,,1.559074513943873e-05,315.70227384400096
0.8978622327790974,3780,0.3107841730117798,,1.5573150347497142e-05,316.4679757110007
0.9002375296912114,3790,0.23664367198944092,,1.555555555555556e-05,317.35913377200086
0.9026128266033254,3800,0.2570465326309204,,1.553796076361397e-05,318.2233398490007
0.9049881235154394,3810,0.28003203868865967,,1.5520365971672387e-05,319.03262003500095
0.9073634204275535,3820,0.24819416999816896,,1.55027711797308e-05,319.86594567800057
0.9097387173396675,3830,0.2507999181747437,,1.5485176387789217e-05,320.6518367030003
0.9121140142517815,3840,0.21161437034606934,,1.546758159584763e-05,321.53278142199997
0.9144893111638955,3850,0.24789905548095703,,1.5449986803906046e-05,322.4292108410009
0.9168646080760094,3860,0.27349951267242434,,1.543239201196446e-05,323.2285739729996
0.9192399049881235,3870,0.19862478971481323,,1.5414797220022875e-05,323.97510295400025
0.9216152019002375,3880,0.3144298315048218,,1.5397202428081288e-05,324.81152868699974
0.9239904988123515,3890,0.22529194355010987,,1.5379607636139704e-05,325.65077635300077
0.9263657957244655,3900,0.1311389446258545,,1.5362012844198117e-05,326.44665225099925
0.9287410926365796,3910,0.27046751976013184,,1.5344418052256533e-05,327.3381159159999
0.9311163895486936,3920,0.22178685665130615,,1.5326823260314946e-05,328.1357035279998
0.9334916864608076,3930,0.27976677417755125,,1.5309228468373362e-05,329.0035720270007
0.9358669833729216,3940,0.3123508930206299,,1.529163367643178e-05,329.8418829689999
0.9382422802850356,3950,0.2584458589553833,,1.527403888449019e-05,330.691254243
0.9406175771971497,3960,0.2066972017288208,,1.5256444092548608e-05,331.44844327899955
0.9429928741092637,3970,0.2519651174545288,,1.5238849300607022e-05,332.2254350719995
0.9453681710213777,3980,0.20004656314849853,,1.5221254508665437e-05,333.04767508499936
0.9477434679334917,3990,0.2778238534927368,,1.5203659716723851e-05,333.8448433320009
0.9501187648456056,4000,0.3865901231765747,,1.5186064924782268e-05,334.6618895009997
0.9524940617577197,4010,0.20439474582672118,,1.516847013284068e-05,335.49709321000046
0.9548693586698337,4020,0.23225133419036864,,1.5150875340899097e-05,336.39176815800056
0.9572446555819477,4030,0.22835636138916016,,1.513328054895751e-05,337.1881405910008
0.9596199524940617,4040,0.2721710205078125,,1.5115685757015926e-05,337.94908800600024
0.9619952494061758,4050,0.2795226573944092,,1.5098090965074339e-05,338.82436776400027
0.9643705463182898,4060,0.24386157989501953,,1.5080496173132755e-05,339.6578270760001
0.9667458432304038,4070,0.2011626958847046,,1.5062901381191168e-05,340.5340147930001
0.9691211401425178,4080,0.3006129741668701,,1.5045306589249584e-05,341.37469977
0.9714964370546318,4090,0.2917871236801147,,1.5027711797307999e-05,342.3021404880001
0.9738717339667459,4100,0.18899238109588623,,1.5010117005366413e-05,343.1438648750009
0.9762470308788599,4110,0.2996673583984375,,1.4992522213424828e-05,344.0322465490008
0.9786223277909739,4120,0.30041821002960206,,1.4974927421483242e-05,344.8747823190006
0.9809976247030879,4130,0.24600443840026856,,1.4957332629541657e-05,345.6243136310004
0.9833729216152018,4140,0.2775495290756226,,1.4939737837600073e-05,346.40485043099943
0.9857482185273159,4150,0.23732120990753175,,1.4922143045658486e-05,347.19929052500083
0.9881235154394299,4160,0.19941329956054688,,1.4904548253716902e-05,348.0306166629998
0.9904988123515439,4170,0.32465472221374514,,1.4886953461775315e-05,348.78233022099994
0.9928741092636579,4180,0.2097452163696289,,1.4869358669833731e-05,349.65913665399967
0.995249406175772,4190,0.3080222845077515,,1.4851763877892144e-05,350.5241240430005
0.997624703087886,4200,0.2690561532974243,,1.483416908595056e-05,351.41005127099925
1.0,4210,0.32685673236846924,,1.4816574294008973e-05,352.1825313619993
1.0,4210,,0.25625211000442505,,354.6785322649994
1.002375296912114,4220,0.302448034286499,,1.479897950206739e-05,356.2163990450008
1.004750593824228,4230,0.24643032550811766,,1.4781384710125804e-05,357.00921176200063
1.007125890736342,4240,0.24478652477264404,,1.4763789918184219e-05,357.9830769500004
1.009501187648456,4250,0.18115584850311278,,1.4746195126242633e-05,358.7252710880002
1.01187648456057,4260,0.2957054853439331,,1.4728600334301048e-05,359.54461638000066
1.0142517814726841,4270,0.24828732013702393,,1.4711005542359462e-05,360.44364556300025
1.0166270783847982,4280,0.22676498889923097,,1.4693410750417879e-05,361.24293891100024
1.0190023752969122,4290,0.302984619140625,,1.4675815958476292e-05,361.9474838269998
1.0213776722090262,4300,0.2486812114715576,,1.4658221166534708e-05,362.72352515000057
1.0237529691211402,4310,0.2652627229690552,,1.464062637459312e-05,363.61775979100094
1.0261282660332542,4320,0.21720387935638427,,1.4623031582651537e-05,364.433346799
1.0285035629453683,4330,0.2459630012512207,,1.460543679070995e-05,365.2132128280009
1.0308788598574823,4340,0.23106780052185058,,1.4587841998768366e-05,366.02807460000076
1.0332541567695963,4350,0.2685064792633057,,1.4570247206826779e-05,366.8299179679998
1.03562945368171,4360,0.29639220237731934,,1.4552652414885195e-05,367.7088182080006
1.0380047505938241,4370,0.3717156410217285,,1.453505762294361e-05,368.5405081259996
1.0403800475059382,4380,0.2696650743484497,,1.4517462831002024e-05,369.3075655899993
1.0427553444180522,4390,0.26995439529418946,,1.4499868039060439e-05,370.13226158200087
1.0451306413301662,4400,0.28357696533203125,,1.4482273247118855e-05,370.9824482849999
1.0475059382422802,4410,0.24137444496154786,,1.4464678455177268e-05,371.7877668630008
1.0498812351543942,4420,0.24822142124176025,,1.4447083663235684e-05,372.7556856779993
1.0522565320665083,4430,0.25346665382385253,,1.4429488871294097e-05,373.6270867210005
1.0546318289786223,4440,0.23294131755828856,,1.4411894079352513e-05,374.3584395430007
1.0570071258907363,4450,0.27162442207336424,,1.4394299287410926e-05,375.1625983440008
1.0593824228028503,4460,0.23302388191223145,,1.4376704495469342e-05,376.0562976910005
1.0617577197149644,4470,0.273098087310791,,1.4359109703527755e-05,376.9276530240004
1.0641330166270784,4480,0.19056847095489501,,1.4341514911586172e-05,377.74921095900027
1.0665083135391924,4490,0.3392637729644775,,1.4323920119644586e-05,378.64374781699917
1.0688836104513064,4500,0.26873862743377686,,1.4306325327703e-05,379.6310577709992
1.0712589073634204,4510,0.28934311866760254,,1.4288730535761415e-05,380.5084804920007
1.0736342042755345,4520,0.25854308605194093,,1.427113574381983e-05,381.3367520219999
1.0760095011876485,4530,0.2143796920776367,,1.4253540951878244e-05,382.1778513650006
1.0783847980997625,4540,0.1857188582420349,,1.423594615993666e-05,383.04011206500036
1.0807600950118765,4550,0.2473151683807373,,1.4218351367995074e-05,383.90070413300054
1.0831353919239906,4560,0.3467120170593262,,1.420075657605349e-05,384.7356293060002
1.0855106888361046,4570,0.23883340358734131,,1.4183161784111904e-05,385.5781548750001
1.0878859857482186,4580,0.23943037986755372,,1.4165566992170319e-05,386.4640613829997
1.0902612826603326,4590,0.21768062114715575,,1.4147972200228735e-05,387.3293267499994
1.0926365795724466,4600,0.26008994579315187,,1.4130377408287148e-05,388.1537882779994
1.0950118764845607,4610,0.23508899211883544,,1.4112782616345564e-05,389.0173900289992
1.0973871733966747,4620,0.2776696443557739,,1.4095187824403977e-05,389.82789886499995
1.0997624703087885,4630,0.23162264823913575,,1.4077593032462393e-05,390.7516346329994
1.1021377672209025,4640,0.2511982202529907,,1.4059998240520806e-05,391.5590070319995
1.1045130641330165,4650,0.22701675891876222,,1.4042403448579223e-05,392.3589927789999
1.1068883610451306,4660,0.19516547918319702,,1.4024808656637635e-05,393.10643252800037
1.1092636579572446,4670,0.1475533962249756,,1.4007213864696052e-05,393.87397589300053
1.1116389548693586,4680,0.23305656909942626,,1.3989619072754466e-05,394.79621096399933
1.1140142517814726,4690,0.2297597885131836,,1.397202428081288e-05,395.67065700499916
1.1163895486935866,4700,0.24319093227386473,,1.3954429488871295e-05,396.48324082399995
1.1187648456057007,4710,0.2722393751144409,,1.3936834696929712e-05,397.3190208830001
1.1211401425178147,4720,0.2009729862213135,,1.3919239904988124e-05,398.23013112400076
1.1235154394299287,4730,0.20991153717041017,,1.390164511304654e-05,399.08771029799937
1.1258907363420427,4740,0.2124936580657959,,1.3884050321104954e-05,399.8809394029995
1.1282660332541568,4750,0.29161643981933594,,1.386645552916337e-05,400.68677616700006
1.1306413301662708,4760,0.25776238441467286,,1.3848860737221783e-05,401.4851385820002
1.1330166270783848,4770,0.18416306972503663,,1.3831265945280199e-05,402.3878842770009
1.1353919239904988,4780,0.24616940021514894,,1.3813671153338612e-05,403.32106953900075
1.1377672209026128,4790,0.2586414575576782,,1.3796076361397028e-05,404.18827418600085
1.1401425178147269,4800,0.23281483650207518,,1.3778481569455443e-05,405.0120467279994
1.1425178147268409,4810,0.28811757564544677,,1.3760886777513857e-05,405.85454916600065
1.144893111638955,4820,0.23253889083862306,,1.3743291985572272e-05,406.7501479139992
1.147268408551069,4830,0.33319046497344973,,1.3725697193630686e-05,407.6644023209992
1.149643705463183,4840,0.19438215494155883,,1.3708102401689101e-05,408.57947254600003
1.152019002375297,4850,0.22151801586151124,,1.3690507609747517e-05,409.38852647100066
1.154394299287411,4860,0.26235394477844237,,1.367291281780593e-05,410.2675882750009
1.156769596199525,4870,0.2517253875732422,,1.3655318025864346e-05,411.10421038000095
1.159144893111639,4880,0.2796150207519531,,1.363772323392276e-05,411.9858573679994
1.161520190023753,4890,0.23240883350372316,,1.3620128441981175e-05,412.76929309300067
1.1638954869358669,4900,0.2689927101135254,,1.3602533650039588e-05,413.5861551779999
1.166270783847981,4910,0.25774736404418946,,1.3584938858098005e-05,414.45842918500057
1.168646080760095,4920,0.20210838317871094,,1.3567344066156417e-05,415.2803534220002
1.171021377672209,4930,0.3216223239898682,,1.3549749274214834e-05,416.12788012999954
1.173396674584323,4940,0.2516022682189941,,1.3532154482273248e-05,417.03687245699984
1.175771971496437,4950,0.26913013458251955,,1.3514559690331663e-05,417.944281131
1.178147268408551,4960,0.18611044883728028,,1.3496964898390077e-05,418.772073311
1.180522565320665,4970,0.2466573715209961,,1.3479370106448492e-05,419.64950253700044
1.182897862232779,4980,0.2741274833679199,,1.3461775314506906e-05,420.5093042290009
1.185273159144893,4990,0.26811981201171875,,1.3444180522565323e-05,421.31248246200084
1.187648456057007,5000,0.17319412231445314,,1.3426585730623736e-05,422.26580815799934
1.190023752969121,5010,0.2568645000457764,,1.3408990938682152e-05,423.09129326900074
1.1923990498812351,5020,0.2813106060028076,,1.3391396146740565e-05,423.9018754989993
1.1947743467933492,5030,0.21748456954956055,,1.3373801354798981e-05,424.68395466400034
1.1971496437054632,5040,0.22683732509613036,,1.3356206562857394e-05,425.5747043699994
1.1995249406175772,5050,0.26751232147216797,,1.333861177091581e-05,426.4132464350005
1.2019002375296912,5060,0.18872463703155518,,1.3321016978974225e-05,427.24655160099974
1.2042755344418052,5070,0.21743602752685548,,1.330342218703264e-05,428.0901120849994
1.2066508313539193,5080,0.2953900575637817,,1.3285827395091054e-05,428.9286767470003
1.2090261282660333,5090,0.25126800537109373,,1.3268232603149468e-05,429.8152282360006
1.2114014251781473,5100,0.2830068588256836,,1.3250637811207883e-05,430.5932310339995
1.2137767220902613,5110,0.2448655366897583,,1.32330430192663e-05,431.52500436300033
1.2161520190023754,5120,0.18166043758392333,,1.3215448227324712e-05,432.33808608599975
1.2185273159144894,5130,0.2362743616104126,,1.3197853435383128e-05,433.1647814879998
1.2209026128266034,5140,0.17566705942153932,,1.3180258643441541e-05,434.003961376
1.2232779097387174,5150,0.2925283432006836,,1.3162663851499957e-05,434.82152236799993
1.2256532066508314,5160,0.27744626998901367,,1.314506905955837e-05,435.68945412500034
1.2280285035629455,5170,0.23102984428405762,,1.3127474267616787e-05,436.48026347000086
1.2304038004750595,5180,0.248383092880249,,1.31098794756752e-05,437.26195091999944
1.2327790973871733,5190,0.2276837110519409,,1.3092284683733616e-05,438.0570478129994
1.2351543942992875,5200,0.3123950004577637,,1.307468989179203e-05,438.94826030900003
1.2375296912114013,5210,0.2167409896850586,,1.3057095099850445e-05,439.76646193600027
1.2399049881235154,5220,0.2736495494842529,,1.3039500307908861e-05,440.5676177919995
1.2422802850356294,5230,0.22843997478485106,,1.3021905515967274e-05,441.4309377310001
1.2446555819477434,5240,0.24538493156433105,,1.300431072402569e-05,442.30866377799975
1.2470308788598574,5250,0.3150307655334473,,1.2986715932084105e-05,443.1361767750004
1.2494061757719714,5260,0.2693798303604126,,1.296912114014252e-05,444.02491573800035
1.2517814726840855,5270,0.2654097557067871,,1.2951526348200934e-05,444.7834778680008
1.2541567695961995,5280,0.21484768390655518,,1.2933931556259348e-05,445.56021860200053
1.2565320665083135,5290,0.2268350601196289,,1.2916336764317763e-05,446.42772284700004
1.2589073634204275,5300,0.25592784881591796,,1.289874197237618e-05,447.29889932600054
1.2612826603325415,5310,0.248877215385437,,1.2881147180434592e-05,448.07953187900057
1.2636579572446556,5320,0.24941742420196533,,1.2863552388493008e-05,448.9265125340007
1.2660332541567696,5330,0.30050361156463623,,1.2845957596551421e-05,449.779367698
1.2684085510688836,5340,0.2495509624481201,,1.2828362804609837e-05,450.5962290290008
1.2707838479809976,5350,0.21128554344177247,,1.281076801266825e-05,451.39820270400014
1.2731591448931117,5360,0.3428804397583008,,1.2793173220726667e-05,452.27666996900007
1.2755344418052257,5370,0.3216250896453857,,1.2775578428785081e-05,453.1017075260006
1.2779097387173397,5380,0.19185727834701538,,1.2757983636843496e-05,453.8701239059992
1.2802850356294537,5390,0.2370302677154541,,1.274038884490191e-05,454.67517901000065
1.2826603325415677,5400,0.2561576128005981,,1.2722794052960325e-05,455.5029319139994
1.2850356294536818,5410,0.26139562129974364,,1.270519926101874e-05,456.34692615099993
1.2874109263657958,5420,0.2003870725631714,,1.2687604469077156e-05,457.15480209999987
1.2897862232779098,5430,0.2509359121322632,,1.2670009677135569e-05,458.0479491469996
1.2921615201900236,5440,0.21215460300445557,,1.2652414885193985e-05,458.85551151599975
1.2945368171021379,5450,0.28647286891937257,,1.2634820093252398e-05,459.7240491930006
1.2969121140142517,5460,0.26674370765686034,,1.2617225301310814e-05,460.61340316600035
1.299287410926366,5470,0.22855618000030517,,1.2599630509369227e-05,461.4938358420004
1.3016627078384797,5480,0.25919032096862793,,1.2582035717427643e-05,462.2671378769992
1.304038004750594,5490,0.25844674110412597,,1.2564440925486056e-05,463.1694168979993
1.3064133016627077,5500,0.21786825656890868,,1.2546846133544472e-05,464.0432610839998
1.3087885985748218,5510,0.2420621395111084,,1.2529251341602887e-05,464.93124857399926
1.3111638954869358,5520,0.21679630279541015,,1.2511656549661301e-05,465.79212237700085
1.3135391923990498,5530,0.22337770462036133,,1.2494061757719716e-05,466.6623141609998
1.3159144893111638,5540,0.29579572677612304,,1.247646696577813e-05,467.49766011300017
1.3182897862232779,5550,0.2325272798538208,,1.2458872173836545e-05,468.3467210300005
1.3206650831353919,5560,0.22081561088562013,,1.2441277381894961e-05,469.2078302350001
1.323040380047506,5570,0.2836328029632568,,1.2423682589953374e-05,470.08114830200066
1.32541567695962,5580,0.2521973133087158,,1.240608779801179e-05,470.99988357300026
1.327790973871734,5590,0.20013995170593263,,1.2388493006070203e-05,471.82835620900005
1.330166270783848,5600,0.235542631149292,,1.237089821412862e-05,472.6954824559998
1.332541567695962,5610,0.1882474899291992,,1.2353303422187032e-05,473.50177983200047
1.334916864608076,5620,0.2904345512390137,,1.2335708630245449e-05,474.38119260799976
1.33729216152019,5630,0.2095031261444092,,1.2318113838303861e-05,475.31033451000076
1.339667458432304,5640,0.27977375984191893,,1.2300519046362278e-05,476.1742920729994
1.342042755344418,5650,0.17074208259582518,,1.2282924254420692e-05,477.0710521860001
1.344418052256532,5660,0.22756216526031495,,1.2265329462479107e-05,477.9105213069997
1.3467933491686461,5670,0.269640588760376,,1.2247734670537521e-05,478.87282240499917
1.3491686460807601,5680,0.17223711013793946,,1.2230139878595938e-05,479.7386149899994
1.3515439429928742,5690,0.2521217346191406,,1.221254508665435e-05,480.6088727940005
1.3539192399049882,5700,0.18447389602661132,,1.2194950294712767e-05,481.4233878369996
1.3562945368171022,5710,0.16759152412414552,,1.217735550277118e-05,482.2294159390003
1.3586698337292162,5720,0.29483206272125245,,1.2159760710829596e-05,483.0887142770007
1.36104513064133,5730,0.1974555015563965,,1.2142165918888009e-05,483.9398136840009
1.3634204275534443,5740,0.2179999828338623,,1.2124571126946425e-05,484.82920381000076
1.365795724465558,5750,0.2347195863723755,,1.2106976335004838e-05,485.59428048299924
1.3681710213776723,5760,0.23616323471069336,,1.2089381543063254e-05,486.38759762799964
1.3705463182897861,5770,0.2194519281387329,,1.2071786751121669e-05,487.28452459899927
1.3729216152019004,5780,0.27392020225524905,,1.2054191959180083e-05,488.10172858700025
1.3752969121140142,5790,0.1631479263305664,,1.2036597167238498e-05,488.92763138600094
1.3776722090261282,5800,0.14847700595855712,,1.2019002375296912e-05,489.79021956500037
1.3800475059382422,5810,0.29792442321777346,,1.2001407583355327e-05,490.62044962599975
1.3824228028503562,5820,0.21796605587005616,,1.1983812791413743e-05,491.4732979349992
1.3847980997624703,5830,0.21565499305725097,,1.1966217999472156e-05,492.2761805480004
1.3871733966745843,5840,0.236016845703125,,1.1948623207530572e-05,493.09486585299965
1.3895486935866983,5850,0.22066111564636232,,1.1931028415588987e-05,493.88205350499993
1.3919239904988123,5860,0.23633487224578859,,1.1913433623647402e-05,494.7355647509994
1.3942992874109263,5870,0.3281163215637207,,1.1895838831705818e-05,495.52210358999946
1.3966745843230404,5880,0.24452061653137208,,1.187824403976423e-05,496.3697575160004
1.3990498812351544,5890,0.236478590965271,,1.1860649247822647e-05,497.1219600029999
1.4014251781472684,5900,0.18876338005065918,,1.184305445588106e-05,497.92796097000064
1.4038004750593824,5910,0.14838237762451173,,1.1825459663939476e-05,498.7914375340006
1.4061757719714965,5920,0.2526520252227783,,1.1807864871997889e-05,499.6163595369999
1.4085510688836105,5930,0.2967341661453247,,1.1790270080056305e-05,500.37057381900013
1.4109263657957245,5940,0.2574832201004028,,1.1772675288114718e-05,501.1879092960007
1.4133016627078385,5950,0.31004648208618163,,1.1755080496173134e-05,501.98651974899985
1.4156769596199525,5960,0.20136566162109376,,1.1737485704231549e-05,502.8303328509992
1.4180522565320666,5970,0.22097692489624024,,1.1719890912289963e-05,503.6258553959997
1.4204275534441806,5980,0.19377436637878417,,1.1702296120348378e-05,504.39295927900093
1.4228028503562946,5990,0.21002595424652098,,1.1684701328406794e-05,505.16456743600065
1.4251781472684084,6000,0.2051921606063843,,1.1667106536465207e-05,505.9152604840001
1.4275534441805227,6010,0.19469887018203735,,1.1649511744523623e-05,506.64184007400036
1.4299287410926365,6020,0.23611392974853515,,1.1631916952582036e-05,507.45302583800003
1.4323040380047507,6030,0.27577345371246337,,1.1614322160640452e-05,508.25222587499957
1.4346793349168645,6040,0.2861015319824219,,1.1596727368698865e-05,509.04514081600064
1.4370546318289787,6050,0.2751297950744629,,1.1579132576757282e-05,509.92736517900084
1.4394299287410925,6060,0.2885608434677124,,1.1561537784815694e-05,510.8122633460007
1.4418052256532066,6070,0.31578314304351807,,1.154394299287411e-05,511.6255166890005
1.4441805225653206,6080,0.19245500564575196,,1.1526348200932525e-05,512.4667101060004
1.4465558194774346,6090,0.2752405881881714,,1.150875340899094e-05,513.3253251950009
1.4489311163895486,6100,0.2153120756149292,,1.1491158617049354e-05,514.091767244001
1.4513064133016627,6110,0.2043931484222412,,1.1473563825107769e-05,514.9660841959994
1.4536817102137767,6120,0.1999564528465271,,1.1455969033166184e-05,515.7932123259998
1.4560570071258907,6130,0.21755659580230713,,1.14383742412246e-05,516.6887039649991
1.4584323040380047,6140,0.24260270595550537,,1.1420779449283013e-05,517.5731028709997
1.4608076009501187,6150,0.2771994352340698,,1.1403184657341429e-05,518.432835607
1.4631828978622328,6160,0.2649331331253052,,1.1385589865399842e-05,519.2954390529994
1.4655581947743468,6170,0.20240063667297364,,1.1367995073458258e-05,520.1297438330002
1.4679334916864608,6180,0.20218584537506104,,1.1350400281516671e-05,520.9038970849997
1.4703087885985748,6190,0.2007202386856079,,1.1332805489575087e-05,521.6697346140008
1.4726840855106889,6200,0.23936960697174073,,1.13152106976335e-05,522.4960527389994
1.4750593824228029,6210,0.2672542095184326,,1.1297615905691916e-05,523.2985293820002
1.477434679334917,6220,0.1900457262992859,,1.128002111375033e-05,524.1456472770005
1.479809976247031,6230,0.2885985136032104,,1.1262426321808745e-05,524.9799198960009
1.482185273159145,6240,0.18779900074005126,,1.124483152986716e-05,525.754579892
1.484560570071259,6250,0.24688985347747802,,1.1227236737925575e-05,526.6467817129997
1.486935866983373,6260,0.13235979080200194,,1.1209641945983989e-05,527.4726077569994
1.489311163895487,6270,0.27811758518218993,,1.1192047154042405e-05,528.3957228039999
1.491686460807601,6280,0.15381431579589844,,1.1174452362100818e-05,529.1675721310003
1.4940617577197148,6290,0.20409026145935058,,1.1156857570159234e-05,530.1052793590006
1.496437054631829,6300,0.32908575534820556,,1.1139262778217647e-05,530.9707841090003
1.4988123515439429,6310,0.15484654903411865,,1.1121667986276064e-05,531.8497725420002
1.5011876484560571,6320,0.19902628660202026,,1.1104073194334476e-05,532.6734679649999
1.503562945368171,6330,0.38025126457214353,,1.1086478402392893e-05,533.5493424119995
1.5059382422802852,6340,0.2895959854125977,,1.1068883610451307e-05,534.348673732
1.508313539192399,6350,0.21218953132629395,,1.1051288818509722e-05,535.3109706630003
1.5106888361045132,6360,0.19897450208663942,,1.1033694026568136e-05,536.1251167360006
1.513064133016627,6370,0.19165291786193847,,1.1016099234626551e-05,536.8686860590005
1.5154394299287413,6380,0.18461987972259522,,1.0998504442684966e-05,537.6983726439994
1.517814726840855,6390,0.23286614418029786,,1.0980909650743382e-05,538.465761685
1.520190023752969,6400,0.3208113431930542,,1.0963314858801795e-05,539.3211781270002
1.522565320665083,6410,0.27250113487243655,,1.0945720066860211e-05,540.251937047
1.5249406175771971,6420,0.24261713027954102,,1.0928125274918624e-05,541.1444293050008
1.5273159144893111,6430,0.2581023693084717,,1.091053048297704e-05,541.9875009539992
1.5296912114014252,6440,0.20391459465026857,,1.0892935691035453e-05,542.7849627180003
1.5320665083135392,6450,0.20326430797576905,,1.0875340899093869e-05,543.6015164189994
1.5344418052256532,6460,0.26652183532714846,,1.0857746107152282e-05,544.4430296890005
1.5368171021377672,6470,0.25387766361236574,,1.0840151315210698e-05,545.2359216069999
1.5391923990498813,6480,0.30807950496673586,,1.0822556523269115e-05,546.1010647490002
1.5415676959619953,6490,0.2841256380081177,,1.0804961731327527e-05,546.9966683439998
1.5439429928741093,6500,0.3221702575683594,,1.0787366939385944e-05,547.8763086159997
1.5463182897862233,6510,0.20643172264099122,,1.0769772147444357e-05,548.711121286
1.5486935866983373,6520,0.1541929841041565,,1.0752177355502773e-05,549.5098393770004
1.5510688836104514,6530,0.17045903205871582,,1.0734582563561187e-05,550.3185551789993
1.5534441805225652,6540,0.2027297019958496,,1.0716987771619602e-05,551.176663532
1.5558194774346794,6550,0.35877699851989747,,1.0699392979678016e-05,551.959485808
1.5581947743467932,6560,0.19243355989456176,,1.0681798187736431e-05,552.6876127449996
1.5605700712589075,6570,0.1436958432197571,,1.0664203395794846e-05,553.4839104389994
1.5629453681710213,6580,0.1878216505050659,,1.0646608603853262e-05,554.2601767609995
1.5653206650831355,6590,0.33391151428222654,,1.0629013811911675e-05,555.1208870699993
1.5676959619952493,6600,0.20203256607055664,,1.0611419019970091e-05,555.9889898029996
1.5700712589073635,6610,0.2903311729431152,,1.0593824228028504e-05,556.8107729540006
1.5724465558194773,6620,0.1998271942138672,,1.057622943608692e-05,557.7312480929995
1.5748218527315916,6630,0.26014835834503175,,1.0558634644145333e-05,558.5253122009999
1.5771971496437054,6640,0.2338550329208374,,1.054103985220375e-05,559.3622113710007
1.5795724465558196,6650,0.2494504451751709,,1.0523445060262164e-05,560.2135395690002
1.5819477434679334,6660,0.25767385959625244,,1.0505850268320578e-05,561.0888450229995
1.5843230403800475,6670,0.19457576274871827,,1.0488255476378993e-05,561.8594068530001
1.5866983372921615,6680,0.2039407253265381,,1.0470660684437407e-05,562.6373599140006
1.5890736342042755,6690,0.20242602825164796,,1.0453065892495822e-05,563.5177963839997
1.5914489311163895,6700,0.2546165943145752,,1.0435471100554238e-05,564.3202927879993
1.5938242280285035,6710,0.21174998283386232,,1.0417876308612651e-05,565.1709104620004
1.5961995249406176,6720,0.10790551900863647,,1.0400281516671067e-05,566.0422160420003
1.5985748218527316,6730,0.3139827728271484,,1.038268672472948e-05,566.8564425839995
1.6009501187648456,6740,0.2744565486907959,,1.0365091932787897e-05,567.7002680210007
1.6033254156769596,6750,0.2186866044998169,,1.034749714084631e-05,568.5255026289997
1.6057007125890737,6760,0.21521291732788086,,1.0329902348904726e-05,569.3889583220007
1.6080760095011877,6770,0.2389749050140381,,1.0312307556963139e-05,570.2282532680001
1.6104513064133017,6780,0.32301557064056396,,1.0294712765021555e-05,571.0187299080008
1.6128266033254157,6790,0.24892690181732177,,1.027711797307997e-05,571.8396901020005
1.6152019002375297,6800,0.2558965444564819,,1.0259523181138384e-05,572.6859126109994
1.6175771971496435,6810,0.20216314792633056,,1.0241928389196798e-05,573.4464816870004
1.6199524940617578,6820,0.1590125322341919,,1.0224333597255213e-05,574.3117152230006
1.6223277909738716,6830,0.25125014781951904,,1.0206738805313628e-05,575.0841157310006
1.6247030878859858,6840,0.26431562900543215,,1.0189144013372044e-05,575.8531739760001
1.6270783847980996,6850,0.2574371099472046,,1.0171549221430457e-05,576.7028008889993
1.6294536817102139,6860,0.3208533048629761,,1.0153954429488873e-05,577.6018773329997
1.6318289786223277,6870,0.2859198093414307,,1.0136359637547286e-05,578.5354939989993
1.634204275534442,6880,0.2646059274673462,,1.0118764845605702e-05,579.4853175759999
1.6365795724465557,6890,0.25310938358306884,,1.0101170053664115e-05,580.4006047540006
1.63895486935867,6900,0.2967780590057373,,1.0083575261722531e-05,581.2278496380004
1.6413301662707838,6910,0.24841926097869874,,1.0065980469780944e-05,582.0418936509996
1.643705463182898,6920,0.16435381174087524,,1.004838567783936e-05,582.7572430719993
1.6460807600950118,6930,0.21595191955566406,,1.0030790885897775e-05,583.5402796039998
1.648456057007126,6940,0.20250332355499268,,1.001319609395619e-05,584.3874622740004
1.6508313539192399,6950,0.23047363758087158,,9.995601302014604e-06,585.2305961399998
1.6532066508313539,6960,0.21144280433654786,,9.97800651007302e-06,586.2165253790008
1.655581947743468,6970,0.23448622226715088,,9.960411718131435e-06,587.0650530959992
1.657957244655582,6980,0.1838330864906311,,9.94281692618985e-06,587.8813495850009
1.660332541567696,6990,0.3320616722106934,,9.925222134248264e-06,588.6255892289992
1.66270783847981,7000,0.16572000980377197,,9.907627342306679e-06,589.456713435
1.665083135391924,7010,0.2122119903564453,,9.890032550365093e-06,590.2790065040008
1.667458432304038,7020,0.2663433074951172,,9.872437758423508e-06,591.032462014
1.669833729216152,7030,0.2504286766052246,,9.854842966481922e-06,591.9173512470006
1.672209026128266,7040,0.1514088273048401,,9.837248174540337e-06,592.7899107779995
1.67458432304038,7050,0.2348635196685791,,9.819653382598751e-06,593.5549136699992
1.676959619952494,7060,0.20374882221221924,,9.802058590657166e-06,594.3467715650004
1.6793349168646081,7070,0.23201291561126708,,9.78446379871558e-06,595.1390548830004
1.6817102137767221,7080,0.2289353847503662,,9.766869006773995e-06,595.9714684869996
1.6840855106888362,7090,0.20298230648040771,,9.74927421483241e-06,596.8632153470007
1.68646080760095,7100,0.12380151748657227,,9.731679422890826e-06,597.6915420320001
1.6888361045130642,7110,0.2888385057449341,,9.71408463094924e-06,598.5395748980009
1.691211401425178,7120,0.18475008010864258,,9.696489839007655e-06,599.3495916770007
1.6935866983372923,7130,0.22995381355285643,,9.67889504706607e-06,600.2846116510009
1.695961995249406,7140,0.27307896614074706,,9.661300255124484e-06,601.1698317360006
1.6983372921615203,7150,0.30117390155792234,,9.643705463182899e-06,602.0584220830006
1.700712589073634,7160,0.22271318435668946,,9.626110671241313e-06,602.8718034939993
1.7030878859857483,7170,0.19215593338012696,,9.608515879299728e-06,603.7070497740006
1.7054631828978621,7180,0.39229066371917726,,9.590921087358142e-06,604.5291981289993
1.7078384798099764,7190,0.1891462206840515,,9.573326295416557e-06,605.3761059499993
1.7102137767220902,7200,0.2159287691116333,,9.555731503474971e-06,606.2555340960007
1.7125890736342044,7210,0.2796290636062622,,9.538136711533386e-06,607.1440363040001
1.7149643705463182,7220,0.19888296127319335,,9.5205419195918e-06,608.0254425780004
1.7173396674584323,7230,0.24568214416503906,,9.502947127650217e-06,608.8506874449995
1.7197149643705463,7240,0.26365318298339846,,9.485352335708631e-06,609.6938296089993
1.7220902612826603,7250,0.2540414333343506,,9.467757543767046e-06,610.5414198889994
1.7244655581947743,7260,0.23142728805541993,,9.45016275182546e-06,611.4442793119997
1.7268408551068883,7270,0.21665675640106202,,9.432567959883875e-06,612.2219505779995
1.7292161520190024,7280,0.22466187477111815,,9.41497316794229e-06,613.0298687360009
1.7315914489311164,7290,0.2469170331954956,,9.397378376000704e-06,613.8070632479994
1.7339667458432304,7300,0.222136926651001,,9.379783584059119e-06,614.6205686760004
1.7363420427553444,7310,0.1719127893447876,,9.362188792117533e-06,615.5096938419993
1.7387173396674585,7320,0.25964305400848386,,9.344594000175948e-06,616.3968222029998
1.7410926365795725,7330,0.279841685295105,,9.326999208234362e-06,617.277938837
1.7434679334916865,7340,0.204966139793396,,9.309404416292777e-06,618.1457241000007
1.7458432304038005,7350,0.19127870798110963,,9.291809624351192e-06,618.9538991900008
1.7482185273159145,7360,0.24330518245697022,,9.274214832409608e-06,619.7475380640008
1.7505938242280283,7370,0.18401812314987182,,9.256620040468022e-06,620.5727708909999
1.7529691211401426,7380,0.24881975650787352,,9.239025248526437e-06,621.3310492370001
1.7553444180522564,7390,0.24504599571228028,,9.221430456584852e-06,622.140812478001
1.7577197149643706,7400,0.2039414167404175,,9.203835664643266e-06,623.0544869679998
1.7600950118764844,7410,0.20902369022369385,,9.18624087270168e-06,623.9680511509996
1.7624703087885987,7420,0.13138968944549562,,9.168646080760095e-06,624.878111774
1.7648456057007125,7430,0.20164234638214112,,9.151051288818511e-06,625.6933287049997
1.7672209026128267,7440,0.21447372436523438,,9.133456496876926e-06,626.4903201319994
1.7695961995249405,7450,0.4112732410430908,,9.11586170493534e-06,627.2654697260004
1.7719714964370548,7460,0.2443704843521118,,9.098266912993755e-06,628.0470461860004
1.7743467933491686,7470,0.22216253280639647,,9.08067212105217e-06,628.9014353069997
1.7767220902612828,7480,0.3036502361297607,,9.063077329110584e-06,629.7279179939997
1.7790973871733966,7490,0.2492060661315918,,9.045482537168999e-06,630.5599529350002
1.7814726840855108,7500,0.15763719081878663,,9.027887745227413e-06,631.3710207349995
1.7838479809976246,7510,0.237774658203125,,9.010292953285828e-06,632.2400814810007
1.7862232779097387,7520,0.28687105178833006,,8.992698161344243e-06,633.0879663809992
1.7885985748218527,7530,0.17589809894561767,,8.975103369402657e-06,633.8661135849998
1.7909738717339667,7540,0.2495656967163086,,8.957508577461073e-06,634.6571344919994
1.7933491686460807,7550,0.2792525053024292,,8.939913785519488e-06,635.5093057089998
1.7957244655581948,7560,0.17841758728027343,,8.922318993577902e-06,636.2726821169999
1.7980997624703088,7570,0.19907742738723755,,8.904724201636317e-06,637.144422763
1.8004750593824228,7580,0.2019968271255493,,8.887129409694732e-06,637.968239283
1.8028503562945368,7590,0.2866933345794678,,8.869534617753146e-06,638.8020222729992
1.8052256532066508,7600,0.19928829669952391,,8.85193982581156e-06,639.6738295539999
1.8076009501187649,7610,0.206003999710083,,8.834345033869975e-06,640.5711634050003
1.809976247030879,7620,0.294995641708374,,8.81675024192839e-06,641.4065490270004
1.812351543942993,7630,0.3188071966171265,,8.799155449986804e-06,642.2057809029993
1.814726840855107,7640,0.23737723827362062,,8.781560658045219e-06,642.9890830010008
1.817102137767221,7650,0.17015155553817748,,8.763965866103634e-06,643.9077192990007
1.8194774346793348,7660,0.24771647453308104,,8.746371074162048e-06,644.7463767280005
1.821852731591449,7670,0.21715471744537354,,8.728776282220464e-06,645.5794080880005
1.8242280285035628,7680,0.2913466453552246,,8.711181490278879e-06,646.3624072700004
1.826603325415677,7690,0.3352669715881348,,8.693586698337293e-06,647.2251086569995
1.8289786223277908,7700,0.2284303665161133,,8.675991906395708e-06,648.1279450300008
1.831353919239905,7710,0.1943974733352661,,8.658397114454123e-06,649.0357176050002
1.833729216152019,7720,0.2855615377426147,,8.640802322512537e-06,649.8586482169994
1.8361045130641331,7730,0.2136002779006958,,8.623207530570952e-06,650.7323366729997
1.838479809976247,7740,0.2575687885284424,,8.605612738629366e-06,651.697181005
1.8408551068883612,7750,0.19118204116821289,,8.588017946687781e-06,652.5737116470009
1.843230403800475,7760,0.1755983591079712,,8.570423154746195e-06,653.3727363390008
1.8456057007125892,7770,0.14562339782714845,,8.55282836280461e-06,654.2279290629995
1.847980997624703,7780,0.21269018650054933,,8.535233570863025e-06,655.0785615540008
1.850356294536817,7790,0.18376214504241944,,8.517638778921439e-06,655.9999313850003
1.852731591448931,7800,0.20315942764282227,,8.500043986979855e-06,656.8820251750003
1.855106888361045,7810,0.16032663583755494,,8.48244919503827e-06,657.7727206830004
1.8574821852731591,7820,0.32644994258880616,,8.464854403096684e-06,658.7126331239997
1.8598574821852731,7830,0.2379746913909912,,8.447259611155099e-06,659.5144126750001
1.8622327790973872,7840,0.23403375148773192,,8.429664819213514e-06,660.4264748269998
1.8646080760095012,7850,0.20110368728637695,,8.412070027271928e-06,661.2403074880003
1.8669833729216152,7860,0.24068708419799806,,8.394475235330343e-06,662.0753410899997
1.8693586698337292,7870,0.21860530376434326,,8.376880443388757e-06,662.8788330629995
1.8717339667458432,7880,0.23212015628814697,,8.359285651447172e-06,663.7187324410006
1.8741092636579573,7890,0.17217068672180175,,8.341690859505586e-06,664.572215569
1.8764845605700713,7900,0.16826138496398926,,8.324096067564001e-06,665.4129897670009
1.8788598574821853,7910,0.23278608322143554,,8.306501275622416e-06,666.2734538149998
1.8812351543942993,7920,0.27037844657897947,,8.28890648368083e-06,667.1651748700006
1.8836104513064131,7930,0.2019347906112671,,8.271311691739245e-06,667.9648843579998
1.8859857482185274,7940,0.236806058883667,,8.253716899797661e-06,668.8264836090002
1.8883610451306412,7950,0.3048831939697266,,8.236122107856076e-06,669.5580425049993
1.8907363420427554,7960,0.1987263083457947,,8.21852731591449e-06,670.4765918579997
1.8931116389548692,7970,0.208099627494812,,8.200932523972905e-06,671.3643958569992
1.8954869358669835,7980,0.2700901746749878,,8.18333773203132e-06,672.2111114540003
1.8978622327790973,7990,0.32122876644134524,,8.165742940089734e-06,673.0521724959999
1.9002375296912115,8000,0.14270156621932983,,8.148148148148148e-06,673.886658976
1.9026128266033253,8010,0.2125001907348633,,8.130553356206563e-06,674.6937578150009
1.9049881235154396,8020,0.2529580593109131,,8.112958564264977e-06,675.5309721180001
1.9073634204275534,8030,0.19029678106307985,,8.095363772323392e-06,676.3311956649995
1.9097387173396676,8040,0.19051915407180786,,8.077768980381807e-06,677.1428948949997
1.9121140142517814,8050,0.22180545330047607,,8.060174188440221e-06,677.9671027820004
1.9144893111638956,8060,0.29281294345855713,,8.042579396498637e-06,678.800557945
1.9168646080760094,8070,0.20165414810180665,,8.024984604557052e-06,679.7827093659998
1.9192399049881235,8080,0.26813540458679197,,8.007389812615467e-06,680.6864601670004
1.9216152019002375,8090,0.14975192546844482,,7.989795020673881e-06,681.5628593330002
1.9239904988123515,8100,0.31346793174743653,,7.972200228732296e-06,682.4378198850009
1.9263657957244655,8110,0.2428147315979004,,7.954605436790712e-06,683.2839048240003
1.9287410926365796,8120,0.2368147850036621,,7.937010644849126e-06,684.1039009119995
1.9311163895486936,8130,0.21975083351135255,,7.919415852907541e-06,685.0326316680002
1.9334916864608076,8140,0.19593974351882934,,7.901821060965956e-06,685.9838736149995
1.9358669833729216,8150,0.1608173966407776,,7.88422626902437e-06,686.7983814060008
1.9382422802850356,8160,0.23615708351135253,,7.866631477082785e-06,687.6479336400007
1.9406175771971497,8170,0.2763795852661133,,7.8490366851412e-06,688.5329310340003
1.9429928741092637,8180,0.1937307596206665,,7.831441893199614e-06,689.4048091599998
1.9453681710213777,8190,0.12297533750534058,,7.813847101258028e-06,690.2470855829997
1.9477434679334917,8200,0.23266477584838868,,7.796252309316443e-06,691.1000926529996
1.9501187648456058,8210,0.16950521469116211,,7.778657517374858e-06,691.9361277169992
1.9524940617577196,8220,0.2497117042541504,,7.761062725433272e-06,692.7852639480006
1.9548693586698338,8230,0.23663763999938964,,7.743467933491687e-06,693.6088145869999
1.9572446555819476,8240,0.2081709623336792,,7.725873141550101e-06,694.4980906170003
1.9596199524940618,8250,0.20259478092193603,,7.708278349608517e-06,695.3807861719997
1.9619952494061756,8260,0.19715445041656493,,7.690683557666932e-06,696.2916978760004
1.96437054631829,8270,0.23058111667633058,,7.673088765725347e-06,697.1460291589992
1.9667458432304037,8280,0.18358805179595947,,7.655493973783761e-06,698.0314464490002
1.969121140142518,8290,0.2557434797286987,,7.637899181842176e-06,698.9007651669999
1.9714964370546317,8300,0.2478496789932251,,7.62030438990059e-06,699.7892814839997
1.973871733966746,8310,0.23319625854492188,,7.602709597959005e-06,700.5760853270003
1.9762470308788598,8320,0.2764492750167847,,7.585114806017419e-06,701.4672597009994
1.978622327790974,8330,0.28510775566101076,,7.567520014075834e-06,702.3310986979996
1.9809976247030878,8340,0.18431693315505981,,7.549925222134249e-06,703.1386615430001
1.9833729216152018,8350,0.2850581884384155,,7.532330430192664e-06,704.0048126029997
1.9857482185273159,8360,0.26859614849090574,,7.5147356382510785e-06,704.8902165719992
1.98812351543943,8370,0.21504356861114501,,7.497140846309493e-06,705.7020492049996
1.990498812351544,8380,0.20334990024566652,,7.479546054367908e-06,706.6506614810005
1.992874109263658,8390,0.22348971366882325,,7.461951262426322e-06,707.5028753370007
1.995249406175772,8400,0.1777121901512146,,7.444356470484737e-06,708.2819131100005
1.997624703087886,8410,0.2447951078414917,,7.426761678543152e-06,709.1565278479993
2.0,8420,0.2547512769699097,,7.409166886601567e-06,709.9092531000006
2.0,8420,,0.27279132604599,,712.4594602819998
2.002375296912114,8430,0.27765345573425293,,7.391572094659981e-06,714.0202826010009
2.004750593824228,8440,0.2746227025985718,,7.373977302718396e-06,714.9156177519999
2.007125890736342,8450,0.17806003093719483,,7.35638251077681e-06,715.7089413470003
2.009501187648456,8460,0.2532733201980591,,7.338787718835225e-06,716.5045769259996
2.01187648456057,8470,0.1449191689491272,,7.3211929268936395e-06,717.3300608000009
2.014251781472684,8480,0.18332149982452392,,7.303598134952055e-06,718.1901949059993
2.016627078384798,8490,0.15378382205963134,,7.2860033430104695e-06,719.0675990550008
2.019002375296912,8500,0.25679426193237304,,7.268408551068884e-06,719.9536470559997
2.021377672209026,8510,0.2383854866027832,,7.250813759127299e-06,720.9154985509995
2.02375296912114,8520,0.15977526903152467,,7.233218967185713e-06,721.7634154219995
2.026128266033254,8530,0.2615755558013916,,7.215624175244128e-06,722.5685182350007
2.0285035629453683,8540,0.24289085865020751,,7.198029383302543e-06,723.3999051440005
2.030878859857482,8550,0.23732783794403076,,7.180434591360958e-06,724.2294624410006
2.0332541567695963,8560,0.3139585256576538,,7.162839799419372e-06,725.1279126980007
2.03562945368171,8570,0.22926483154296876,,7.145245007477787e-06,725.991004898
2.0380047505938244,8580,0.17834060192108153,,7.127650215536201e-06,726.7337130630003
2.040380047505938,8590,0.22666175365448,,7.110055423594616e-06,727.5631193440004
2.0427553444180524,8600,0.2789094686508179,,7.0924606316530305e-06,728.4055013510006
2.045130641330166,8610,0.20457971096038818,,7.074865839711446e-06,729.1971920670003
2.0475059382422804,8620,0.1853252649307251,,7.0572710477698605e-06,730.0293741360001
2.0498812351543942,8630,0.21381692886352538,,7.039676255828275e-06,730.8503635300003
2.0522565320665085,8640,0.2222888231277466,,7.02208146388669e-06,731.7086523569997
2.0546318289786223,8650,0.1939597249031067,,7.004486671945104e-06,732.6310962129992
2.0570071258907365,8660,0.23336434364318848,,6.986891880003519e-06,733.4551660479992
2.0593824228028503,8670,0.15022215843200684,,6.969297088061934e-06,734.2967413669994
2.0617577197149646,8680,0.149015474319458,,6.951702296120349e-06,735.1195273739995
2.0641330166270784,8690,0.22596235275268556,,6.934107504178763e-06,736.0156191139995
2.0665083135391926,8700,0.18666088581085205,,6.916512712237179e-06,736.9292277870009
2.0688836104513064,8710,0.29218640327453616,,6.898917920295593e-06,737.7453929799995
2.07125890736342,8720,0.13668792247772216,,6.881323128354009e-06,738.5560867200002
2.0736342042755345,8730,0.2809749603271484,,6.863728336412423e-06,739.3407211079993
2.0760095011876483,8740,0.255574107170105,,6.846133544470838e-06,740.3002891159995
2.0783847980997625,8750,0.29227652549743655,,6.828538752529252e-06,741.1598656440001
2.0807600950118763,8760,0.2638368844985962,,6.810943960587667e-06,742.0881121349994
2.0831353919239906,8770,0.24277451038360595,,6.7933491686460815e-06,743.0339952049999
2.0855106888361044,8780,0.24942436218261718,,6.775754376704496e-06,743.9152536399997
2.0878859857482186,8790,0.2797158002853394,,6.7581595847629114e-06,744.7443874849996
2.0902612826603324,8800,0.20013973712921143,,6.740564792821326e-06,745.5872308409998
2.0926365795724466,8810,0.1744925260543823,,6.7229700008797406e-06,746.4862650609994
2.0950118764845604,8820,0.20952610969543456,,6.705375208938155e-06,747.4066426000009
2.0973871733966747,8830,0.2365734577178955,,6.68778041699657e-06,748.2217349839993
2.0997624703087885,8840,0.2083448886871338,,6.670185625054984e-06,749.114607304
2.1021377672209027,8850,0.270226788520813,,6.6525908331134e-06,750.0785308030008
2.1045130641330165,8860,0.1851649045944214,,6.634996041171814e-06,750.9043663610009
2.1068883610451308,8870,0.2819151639938354,,6.617401249230229e-06,751.7607588970004
2.1092636579572446,8880,0.23528053760528564,,6.599806457288643e-06,752.7235425679992
2.111638954869359,8890,0.14352104663848878,,6.582211665347058e-06,753.6373324279994
2.1140142517814726,8900,0.17358025312423705,,6.5646168734054725e-06,754.5077872740003
2.116389548693587,8910,0.1855480194091797,,6.547022081463887e-06,755.3455778709995
2.1187648456057007,8920,0.22555112838745117,,6.5294272895223024e-06,756.1916386339999
2.121140142517815,8930,0.23703618049621583,,6.511832497580717e-06,757.0356606660007
2.1235154394299287,8940,0.284653902053833,,6.4942377056391316e-06,757.8318186409997
2.125890736342043,8950,0.2284210205078125,,6.476642913697546e-06,758.6516288490002
2.1282660332541568,8960,0.18895357847213745,,6.459048121755961e-06,759.4741195240003
2.130641330166271,8970,0.24037857055664064,,6.441453329814375e-06,760.2661940739999
2.133016627078385,8980,0.11733832359313964,,6.423858537872791e-06,761.0705488650001
2.1353919239904986,8990,0.26296844482421877,,6.406263745931205e-06,761.9820366750009
2.137767220902613,9000,0.223115873336792,,6.38866895398962e-06,762.7698170900003
2.1401425178147266,9010,0.27383925914764407,,6.371074162048034e-06,763.6329314590002
2.142517814726841,9020,0.1878248333930969,,6.353479370106449e-06,764.5288869880005
2.1448931116389547,9030,0.23062350749969482,,6.3358845781648635e-06,765.3683162060006
2.147268408551069,9040,0.25597801208496096,,6.318289786223278e-06,766.1885343100003
2.1496437054631827,9050,0.23366408348083495,,6.3006949942816934e-06,767.0734267250009
2.152019002375297,9060,0.1596149206161499,,6.283100202340108e-06,767.8901264819997
2.1543942992874108,9070,0.2574859857559204,,6.2655054103985226e-06,768.7004754539994
2.156769596199525,9080,0.22996408939361573,,6.247910618456937e-06,769.6072388489993
2.159144893111639,9090,0.18741472959518432,,6.230315826515352e-06,770.5159018770009
2.161520190023753,9100,0.24325833320617676,,6.212721034573766e-06,771.4004997110005
2.163895486935867,9110,0.2925393581390381,,6.195126242632181e-06,772.3429122119996
2.166270783847981,9120,0.26271440982818606,,6.177531450690596e-06,773.1801505990006
2.168646080760095,9130,0.22186563014984131,,6.159936658749011e-06,773.9640541709996
2.171021377672209,9140,0.28368890285491943,,6.142341866807425e-06,774.8929856579998
2.173396674584323,9150,0.19964284896850587,,6.12474707486584e-06,775.7639635729993
2.175771971496437,9160,0.20092241764068602,,6.1071522829242545e-06,776.5955553950007
2.178147268408551,9170,0.2765092611312866,,6.089557490982669e-06,777.5022454680002
2.1805225653206652,9180,0.23397426605224608,,6.0719626990410844e-06,778.3962232239992
2.182897862232779,9190,0.1461738109588623,,6.054367907099499e-06,779.2978379359993
2.1852731591448933,9200,0.2030609130859375,,6.0367731151579136e-06,780.1505159740009
2.187648456057007,9210,0.22796130180358887,,6.019178323216328e-06,780.9666303070007
2.1900237529691213,9220,0.21015522480010987,,6.001583531274743e-06,781.805598207
2.192399049881235,9230,0.17403987646102906,,5.983988739333157e-06,782.6612413599996
2.1947743467933494,9240,0.24098443984985352,,5.966393947391572e-06,783.6135195219995
2.197149643705463,9250,0.17778878211975097,,5.948799155449987e-06,784.5002442210007
2.199524940617577,9260,0.27589471340179444,,5.931204363508402e-06,785.3976733630006
2.201900237529691,9270,0.1713504195213318,,5.913609571566816e-06,786.2422367340005
2.204275534441805,9280,0.23974666595458985,,5.896014779625231e-06,786.9866800830005
2.2066508313539193,9290,0.21800613403320312,,5.8784199876836455e-06,787.8768108200002
2.209026128266033,9300,0.2280181884765625,,5.86082519574206e-06,788.8011442000006
2.2114014251781473,9310,0.1884907603263855,,5.843230403800475e-06,789.723007347
2.213776722090261,9320,0.17715150117874146,,5.82563561185889e-06,790.6353557700004
2.2161520190023754,9330,0.19435356855392455,,5.808040819917305e-06,791.5486701459995
2.218527315914489,9340,0.2421196937561035,,5.79044602797572e-06,792.4245137819998
2.2209026128266034,9350,0.15941476821899414,,5.7728512360341345e-06,793.3443052010007
2.223277909738717,9360,0.1672726273536682,,5.75525644409255e-06,794.2905023959993
2.2256532066508314,9370,0.2887911796569824,,5.7376616521509645e-06,795.0974573830008
2.2280285035629452,9380,0.1362852096557617,,5.720066860209379e-06,795.9208513209996
2.2304038004750595,9390,0.1747536540031433,,5.702472068267794e-06,796.7633622339999
2.2327790973871733,9400,0.22055771350860595,,5.684877276326208e-06,797.6880776760008
2.2351543942992875,9410,0.17235326766967773,,5.667282484384623e-06,798.5661918339993
2.2375296912114013,9420,0.20305347442626953,,5.649687692443037e-06,799.5187293609997
2.2399049881235156,9430,0.22893087863922118,,5.632092900501453e-06,800.3917182099995
2.2422802850356294,9440,0.24119260311126708,,5.614498108559867e-06,801.2454558970003
2.2446555819477436,9450,0.10928328037261963,,5.596903316618282e-06,802.0694961509998
2.2470308788598574,9460,0.19473669528961182,,5.579308524676696e-06,803.0375850849996
2.2494061757719717,9470,0.13215831518173218,,5.561713732735111e-06,803.9546534399997
2.2517814726840855,9480,0.22117142677307128,,5.5441189407935255e-06,804.8229007930004
2.2541567695961997,9490,0.1981615900993347,,5.526524148851941e-06,805.7031785449999
2.2565320665083135,9500,0.20930426120758056,,5.5089293569103555e-06,806.582468826
2.2589073634204277,9510,0.28744666576385497,,5.49133456496877e-06,807.4574474420006
2.2612826603325415,9520,0.27922189235687256,,5.473739773027185e-06,808.3852912799994
2.2636579572446553,9530,0.13345872163772582,,5.456144981085599e-06,809.2687700770002
2.2660332541567696,9540,0.16735987663269042,,5.438550189144014e-06,810.1262855530003
2.268408551068884,9550,0.21676068305969237,,5.420955397202428e-06,810.9405141660009
2.2707838479809976,9560,0.14774271249771118,,5.403360605260844e-06,811.7562952520002
2.2731591448931114,9570,0.2176846981048584,,5.385765813319258e-06,812.6474244750007
2.2755344418052257,9580,0.2093970775604248,,5.368171021377673e-06,813.4759763099992
2.2779097387173395,9590,0.1614320993423462,,5.350576229436087e-06,814.2801682040008
2.2802850356294537,9600,0.16104902029037477,,5.332981437494502e-06,815.1261031630002
2.2826603325415675,9610,0.17559213638305665,,5.3153866455529165e-06,815.9476838110004
2.2850356294536818,9620,0.17421787977218628,,5.297791853611331e-06,816.7497683889997
2.2874109263657956,9630,0.24296050071716307,,5.2801970616697465e-06,817.6597797979994
2.28978622327791,9640,0.23587307929992676,,5.262602269728161e-06,818.5496162880008
2.2921615201900236,9650,0.22933952808380126,,5.245007477786576e-06,819.3680101560003
2.294536817102138,9660,0.20950169563293458,,5.22741268584499e-06,820.2558625399997
2.2969121140142517,9670,0.24228761196136475,,5.209817893903405e-06,821.1019286800001
2.299287410926366,9680,0.2448129177093506,,5.192223101961819e-06,821.8498011129996
2.3016627078384797,9690,0.20982580184936522,,5.174628310020235e-06,822.6739762260004
2.304038004750594,9700,0.2675228834152222,,5.157033518078649e-06,823.6537547949993
2.3064133016627077,9710,0.23176162242889403,,5.139438726137064e-06,824.4678746699992
2.308788598574822,9720,0.19792516231536866,,5.121843934195478e-06,825.2678869259998
2.311163895486936,9730,0.2191678762435913,,5.104249142253893e-06,826.1103058440003
2.31353919239905,9740,0.13466037511825563,,5.0866543503123075e-06,826.9082107009999
2.315914489311164,9750,0.22848641872406006,,5.069059558370722e-06,827.7617501999994
2.318289786223278,9760,0.19642640352249147,,5.0514647664291375e-06,828.6576196679998
2.320665083135392,9770,0.18540254831314087,,5.033869974487552e-06,829.5741492069992
2.323040380047506,9780,0.3046569347381592,,5.016275182545967e-06,830.5167236859998
2.32541567695962,9790,0.23315937519073487,,4.998680390604381e-06,831.4099877009994
2.3277909738717337,9800,0.24345126152038574,,4.981085598662796e-06,832.2728738090009
2.330166270783848,9810,0.24180135726928711,,4.963490806721211e-06,833.0833337109998
2.332541567695962,9820,0.21101975440979004,,4.945896014779626e-06,834.0527208469994
2.334916864608076,9830,0.26268045902252196,,4.92830122283804e-06,834.9414792879998
2.33729216152019,9840,0.20103724002838136,,4.910706430896455e-06,835.8275014760002
2.339667458432304,9850,0.2817545890808105,,4.89311163895487e-06,836.624354091
2.342042755344418,9860,0.23120536804199218,,4.875516847013285e-06,837.5408883380005
2.344418052256532,9870,0.22271852493286132,,4.857922055071699e-06,838.3649830140002
2.346793349168646,9880,0.136691677570343,,4.840327263130114e-06,839.2605668609995
2.34916864608076,9890,0.21161060333251952,,4.8227324711885285e-06,840.1660085240001
2.351543942992874,9900,0.15040240287780762,,4.805137679246943e-06,841.004074212
2.353919239904988,9910,0.20358057022094728,,4.7875428873053585e-06,841.8486579439996
2.356294536817102,9920,0.30086631774902345,,4.769948095363773e-06,842.7739387269994
2.3586698337292162,9930,0.16381961107254028,,4.752353303422188e-06,843.6813058299995
2.36104513064133,9940,0.22007265090942382,,4.734758511480602e-06,844.5290602910009
2.3634204275534443,9950,0.12072106599807739,,4.717163719539017e-06,845.3405412829998
2.365795724465558,9960,0.2262286901473999,,4.699568927597431e-06,846.2006562690003
2.3681710213776723,9970,0.2298208713531494,,4.681974135655846e-06,847.0697969209996
2.370546318289786,9980,0.1842237591743469,,4.664379343714261e-06,847.8952041739994
2.3729216152019004,9990,0.259709095954895,,4.646784551772676e-06,848.8140015740009
2.375296912114014,10000,0.24245598316192626,,4.62918975983109e-06,849.6127790270002
2.3776722090261284,10010,0.2488306999206543,,4.611594967889505e-06,850.5904170909998
2.380047505938242,10020,0.29242031574249266,,4.5940001759479195e-06,851.4262621550006
2.3824228028503565,10030,0.2571869373321533,,4.576405384006334e-06,852.2346626310009
2.3847980997624703,10040,0.310851001739502,,4.5588105920647495e-06,853.024108304
2.3871733966745845,10050,0.2837977409362793,,4.541215800123164e-06,853.8934526569992
2.3895486935866983,10060,0.22012338638305665,,4.523621008181579e-06,854.8225700370003
2.391923990498812,10070,0.22012145519256593,,4.506026216239993e-06,855.6247558729992
2.3942992874109263,10080,0.21619172096252443,,4.488431424298408e-06,856.5091838040007
2.3966745843230406,10090,0.22921547889709473,,4.470836632356822e-06,857.2612908690007
2.3990498812351544,10100,0.1856104016304016,,4.453241840415237e-06,858.1287855720002
2.401425178147268,10110,0.28062007427215574,,4.435647048473652e-06,858.9367384449997
2.4038004750593824,10120,0.25514171123504636,,4.418052256532067e-06,859.8240327679996
2.4061757719714967,10130,0.23524000644683837,,4.400457464590482e-06,860.7330007330002
2.4085510688836105,10140,0.1456939697265625,,4.382862672648897e-06,861.6755209120001
2.4109263657957243,10150,0.2144465208053589,,4.365267880707311e-06,862.5396411149995
2.4133016627078385,10160,0.30484020709991455,,4.347673088765726e-06,863.4693031490006
2.4156769596199523,10170,0.2508395195007324,,4.3300782968241405e-06,864.3045622720001
2.4180522565320666,10180,0.27039508819580077,,4.312483504882555e-06,865.1214850939996
2.4204275534441804,10190,0.19162416458129883,,4.29488871294097e-06,866.0978721579995
2.4228028503562946,10200,0.18814128637313843,,4.277293920999385e-06,866.9739439299992
2.4251781472684084,10210,0.21369452476501466,,4.2596991290578e-06,867.8721639560008
2.4275534441805227,10220,0.2717542886734009,,4.242104337116214e-06,868.7569499510009
2.4299287410926365,10230,0.26043555736541746,,4.224509545174629e-06,869.6253417400003
2.4323040380047507,10240,0.20450985431671143,,4.206914753233043e-06,870.5389929859994
2.4346793349168645,10250,0.1915198802947998,,4.189319961291458e-06,871.4683520590006
2.4370546318289787,10260,0.19816761016845702,,4.171725169349872e-06,872.3551027979993
2.4394299287410925,10270,0.25413899421691893,,4.154130377408288e-06,873.1929434459998
2.441805225653207,10280,0.2429656982421875,,4.136535585466702e-06,873.9985800489994
2.4441805225653206,10290,0.27513575553894043,,4.118940793525117e-06,875.0291609930009
2.446555819477435,10300,0.15104219913482667,,4.1013460015835315e-06,876.0073689729998
2.4489311163895486,10310,0.19316906929016114,,4.083751209641946e-06,876.9450757449995
2.451306413301663,10320,0.25139105319976807,,4.066156417700361e-06,877.8906192039994
2.4536817102137767,10330,0.14893192052841187,,4.048561625758776e-06,878.7888324710002
2.456057007125891,10340,0.1309983730316162,,4.030966833817191e-06,879.6083811509998
2.4584323040380047,10350,0.23564553260803223,,4.013372041875605e-06,880.4718491650001
2.460807600950119,10360,0.23572614192962646,,3.99577724993402e-06,881.3033670290006
2.4631828978622328,10370,0.2567072629928589,,3.978182457992434e-06,882.1226503929993
2.4655581947743466,10380,0.23819050788879395,,3.960587666050849e-06,883.0113535990004
2.467933491686461,10390,0.31392660140991213,,3.942992874109263e-06,883.8912553360005
2.470308788598575,10400,0.22420592308044435,,3.925398082167679e-06,884.6875309280003
2.472684085510689,10410,0.28205246925354005,,3.907803290226093e-06,885.4816267269998
2.4750593824228027,10420,0.19178979396820067,,3.890208498284508e-06,886.3789547150009
2.477434679334917,10430,0.12912731170654296,,3.8726137063429225e-06,887.2058613209992
2.4798099762470307,10440,0.1798427700996399,,3.855018914401337e-06,887.9888071250007
2.482185273159145,10450,0.23572463989257814,,3.8374241224597525e-06,888.8553556650004
2.4845605700712587,10460,0.25006566047668455,,3.819829330518167e-06,889.7769193589993
2.486935866983373,10470,0.24371054172515869,,3.802234538576582e-06,890.72453288
2.489311163895487,10480,0.19214863777160646,,3.7846397466349966e-06,891.5576685300002
2.491686460807601,10490,0.213074254989624,,3.767044954693411e-06,892.5078911609999
2.494061757719715,10500,0.18700895309448243,,3.749450162751826e-06,893.445775956001
2.496437054631829,10510,0.1990216612815857,,3.7318553708102407e-06,894.3271200939998
2.498812351543943,10520,0.17305809259414673,,3.7142605788686553e-06,895.2053791620001
2.501187648456057,10530,0.19858624935150146,,3.69666578692707e-06,896.0008668289993
2.503562945368171,10540,0.17160332202911377,,3.679070994985485e-06,896.9438834060002
2.505938242280285,10550,0.2382889747619629,,3.6614762030438994e-06,897.7100843930002
2.508313539192399,10560,0.25151283740997316,,3.643881411102314e-06,898.5993978170009
2.510688836104513,10570,0.18027406930923462,,3.626286619160729e-06,899.4769826190004
2.513064133016627,10580,0.3048733711242676,,3.6086918272191435e-06,900.3660888899994
2.5154394299287413,10590,0.2624659061431885,,3.591097035277558e-06,901.042458244001
2.517814726840855,10600,0.21208624839782714,,3.573502243335973e-06,901.905720793
2.520190023752969,10610,0.14755241870880126,,3.5559074513943876e-06,902.7639774830004
2.522565320665083,10620,0.20774579048156738,,3.538312659452802e-06,903.604047797
2.5249406175771973,10630,0.22971913814544678,,3.5207178675112167e-06,904.4071162389992
2.527315914489311,10640,0.17550472021102906,,3.5031230755696317e-06,905.2848256739999
2.529691211401425,10650,0.2706132411956787,,3.4855282836280463e-06,906.1284936209995
2.532066508313539,10660,0.19052184820175172,,3.467933491686461e-06,906.9973994949996
2.5344418052256534,10670,0.29390249252319334,,3.450338699744876e-06,907.9109135729996
2.5368171021377672,10680,0.21650323867797852,,3.4327439078032904e-06,908.697958879
2.539192399049881,10690,0.28130488395690917,,3.415149115861705e-06,909.5397709299996
2.5415676959619953,10700,0.20065925121307374,,3.39755432392012e-06,910.4648996769993
2.5439429928741095,10710,0.16997586488723754,,3.3799595319785345e-06,911.3573524969997
2.5463182897862233,10720,0.2050734281539917,,3.362364740036949e-06,912.3447445580005
2.548693586698337,10730,0.23552899360656737,,3.344769948095364e-06,913.2053955619995
2.5510688836104514,10740,0.30331571102142335,,3.3271751561537786e-06,914.0816444539996
2.553444180522565,10750,0.20496442317962646,,3.309580364212193e-06,914.9123819809993
2.5558194774346794,10760,0.17108005285263062,,3.2919855722706086e-06,915.7849773180005
2.558194774346793,10770,0.19339076280593873,,3.274390780329023e-06,916.6663395489995
2.5605700712589075,10780,0.20797760486602784,,3.2567959883874377e-06,917.521466532
2.5629453681710213,10790,0.2382465124130249,,3.2392011964458527e-06,918.3343493459997
2.5653206650831355,10800,0.22664239406585693,,3.2216064045042672e-06,919.2428149280004
2.5676959619952493,10810,0.21315760612487794,,3.204011612562682e-06,920.0614811390005
2.5700712589073635,10820,0.16153968572616578,,3.1864168206210968e-06,920.9013547800005
2.5724465558194773,10830,0.19991334676742553,,3.1688220286795113e-06,921.7497918690005
2.5748218527315916,10840,0.2485179901123047,,3.151227236737926e-06,922.5037881469998
2.5771971496437054,10850,0.27263736724853516,,3.1336324447963405e-06,923.3670373799996
2.5795724465558196,10860,0.17112599611282348,,3.1160376528547555e-06,924.185318201
2.5819477434679334,10870,0.219762921333313,,3.09844286091317e-06,925.0156341429993
2.5843230403800472,10880,0.22810828685760498,,3.0808480689715846e-06,925.9350506970004
2.5866983372921615,10890,0.19957513809204103,,3.0632532770299996e-06,926.8528396990005
2.5890736342042757,10900,0.2867439746856689,,3.045658485088414e-06,927.6758591800008
2.5914489311163895,10910,0.20476818084716797,,3.0280636931468287e-06,928.4837027569993
2.5938242280285033,10920,0.2254498243331909,,3.0104689012052437e-06,929.344589196
2.5961995249406176,10930,0.15928113460540771,,2.9928741092636582e-06,930.2080210830009
2.598574821852732,10940,0.20363879203796387,,2.975279317322073e-06,931.0309572599999
2.6009501187648456,10950,0.18245171308517455,,2.9576845253804874e-06,931.9492894659998
2.6033254156769594,10960,0.19319431781768798,,2.9400897334389023e-06,932.7923998480001
2.6057007125890737,10970,0.2857213020324707,,2.922494941497317e-06,933.6036317979997
2.608076009501188,10980,0.24509239196777344,,2.9049001495557315e-06,934.4653326049993
2.6104513064133017,10990,0.17365789413452148,,2.8873053576141465e-06,935.3512005240009
2.6128266033254155,11000,0.246779727935791,,2.869710565672561e-06,936.1956548849994
2.6152019002375297,11010,0.1668078899383545,,2.8521157737309756e-06,936.9907115500009
2.6175771971496435,11020,0.22391667366027831,,2.8345209817893906e-06,937.8935044459995
2.619952494061758,11030,0.2204498052597046,,2.816926189847805e-06,938.7250768060003
2.6223277909738716,11040,0.23274030685424804,,2.7993313979062197e-06,939.6439996780009
2.624703087885986,11050,0.20382375717163087,,2.7817366059646343e-06,940.4474516789996
2.6270783847980996,11060,0.24815723896026612,,2.7641418140230492e-06,941.4058124479998
2.629453681710214,11070,0.27460644245147703,,2.746547022081464e-06,942.2851958360006
2.6318289786223277,11080,0.20305256843566893,,2.728952230139879e-06,943.1252047079997
2.634204275534442,11090,0.22424819469451904,,2.7113574381982938e-06,943.9532435639994
2.6365795724465557,11100,0.17728332281112671,,2.6937626462567083e-06,944.8218736220006
2.63895486935867,11110,0.14139007329940795,,2.6761678543151233e-06,945.6114293369992
2.6413301662707838,11120,0.21126315593719483,,2.658573062373538e-06,946.4342937649999
2.643705463182898,11130,0.31563434600830076,,2.6409782704319524e-06,947.3708966710001
2.646080760095012,11140,0.21552772521972657,,2.6233834784903674e-06,948.2619353749997
2.648456057007126,11150,0.33765268325805664,,2.605788686548782e-06,949.1174963730009
2.65083135391924,11160,0.2657268285751343,,2.5881938946071966e-06,949.9479331170005
2.653206650831354,11170,0.2510610818862915,,2.570599102665611e-06,950.8266568849995
2.655581947743468,11180,0.17672970294952392,,2.553004310724026e-06,951.7843884619997
2.6579572446555817,11190,0.16229938268661498,,2.5354095187824407e-06,952.6603247010007
2.660332541567696,11200,0.17951178550720215,,2.5178147268408552e-06,953.4855358860004
2.66270783847981,11210,0.27217726707458495,,2.5002199348992702e-06,954.354100857001
2.665083135391924,11220,0.2752885580062866,,2.4826251429576848e-06,955.2760014689993
2.667458432304038,11230,0.11804474592208862,,2.4650303510160993e-06,956.1057748229996
2.669833729216152,11240,0.20803050994873046,,2.4474355590745143e-06,956.9962360019999
2.6722090261282663,11250,0.2254713535308838,,2.429840767132929e-06,957.8642512040005
2.67458432304038,11260,0.19358838796615602,,2.4122459751913434e-06,958.7053530140001
2.676959619952494,11270,0.2686645984649658,,2.394651183249758e-06,959.5748003389999
2.679334916864608,11280,0.2976749658584595,,2.377056391308173e-06,960.512826569
2.6817102137767224,11290,0.1517336845397949,,2.3594615993665876e-06,961.4577704740004
2.684085510688836,11300,0.19522401094436645,,2.341866807425002e-06,962.3386594000003
2.68646080760095,11310,0.29813058376312257,,2.324272015483417e-06,963.245710612
2.688836104513064,11320,0.16977591514587403,,2.306677223541832e-06,964.0521378810008
2.691211401425178,11330,0.22022130489349365,,2.2890824316002467e-06,964.8991365359998
2.6935866983372923,11340,0.2739858865737915,,2.2714876396586612e-06,965.767901792
2.695961995249406,11350,0.22775452136993407,,2.253892847717076e-06,966.5843669269998
2.6983372921615203,11360,0.2855526924133301,,2.2362980557754908e-06,967.4740503020003
2.700712589073634,11370,0.23295631408691406,,2.2187032638339053e-06,968.3873519989993
2.7030878859857483,11380,0.2879392862319946,,2.20110847189232e-06,969.2063060700002
2.705463182897862,11390,0.1715133786201477,,2.183513679950735e-06,970.1168464759994
2.7078384798099764,11400,0.17765655517578124,,2.1659188880091494e-06,970.9394879699994
2.71021377672209,11410,0.14869614839553832,,2.148324096067564e-06,971.8004585210001
2.7125890736342044,11420,0.12695910930633544,,2.130729304125979e-06,972.6060581019992
2.7149643705463182,11430,0.24304909706115724,,2.1131345121843935e-06,973.4355246989999
2.7173396674584325,11440,0.19966015815734864,,2.095539720242808e-06,974.3263009170005
2.7197149643705463,11450,0.2845289707183838,,2.077944928301223e-06,975.2717861170004
2.72209026128266,11460,0.15912615060806273,,2.0603501363596377e-06,976.1454523020002
2.7244655581947743,11470,0.1765192985534668,,2.0427553444180522e-06,976.9898950740007
2.7268408551068886,11480,0.22202086448669434,,2.025160552476467e-06,977.8516553379995
2.7292161520190024,11490,0.14422664642333985,,2.0075657605348818e-06,978.6944704809994
2.731591448931116,11500,0.17378772497177125,,1.9899709685932968e-06,979.5564695310004
2.7339667458432304,11510,0.3288151264190674,,1.9723761766517113e-06,980.3714484270004
2.7363420427553447,11520,0.2141576051712036,,1.954781384710126e-06,981.2293949659997
2.7387173396674585,11530,0.15488486289978026,,1.937186592768541e-06,982.1098185259998
2.7410926365795723,11540,0.20560235977172853,,1.9195918008269554e-06,982.9546500439992
2.7434679334916865,11550,0.203452467918396,,1.90199700888537e-06,983.7329389749993
2.7458432304038007,11560,0.27137451171875,,1.8844022169437848e-06,984.6202005489995
2.7482185273159145,11570,0.23578548431396484,,1.8668074250021995e-06,985.4887738550005
2.7505938242280283,11580,0.2179696798324585,,1.849212633060614e-06,986.3157930430007
2.7529691211401426,11590,0.22266287803649903,,1.8316178411190289e-06,987.0963771269999
2.7553444180522564,11600,0.13730597496032715,,1.8140230491774436e-06,987.9561567799992
2.7577197149643706,11610,0.1836186647415161,,1.7964282572358582e-06,988.8436142909995
2.7600950118764844,11620,0.1948032021522522,,1.778833465294273e-06,989.6911784059994
2.7624703087885987,11630,0.19798564910888672,,1.7612386733526875e-06,990.5169452680002
2.7648456057007125,11640,0.2264936685562134,,1.7436438814111025e-06,991.4101713199998
2.7672209026128267,11650,0.24209260940551758,,1.7260490894695173e-06,992.1962311389998
2.7695961995249405,11660,0.30465447902679443,,1.7084542975279319e-06,993.1596771620007
2.7719714964370548,11670,0.21243858337402344,,1.6908595055863466e-06,994.0720501970009
2.7743467933491686,11680,0.1948493242263794,,1.6732647136447614e-06,994.9299021339993
2.776722090261283,11690,0.20063927173614501,,1.655669921703176e-06,995.782262701001
2.7790973871733966,11700,0.17064789533615113,,1.6380751297615907e-06,996.6936958759998
2.781472684085511,11710,0.16515835523605346,,1.6204803378200053e-06,997.5522212609994
2.7838479809976246,11720,0.26783664226531984,,1.60288554587842e-06,998.4172085999999
2.7862232779097384,11730,0.18140281438827516,,1.5852907539368349e-06,999.3225590399998
2.7885985748218527,11740,0.20829370021820068,,1.5676959619952494e-06,1000.1479790920002
2.790973871733967,11750,0.21580471992492675,,1.5501011700536642e-06,1000.8911307670005
2.7933491686460807,11760,0.17816610336303712,,1.5325063781120788e-06,1001.7650866280001
2.7957244655581945,11770,0.17972631454467775,,1.5149115861704935e-06,1002.6336983809997
2.798099762470309,11780,0.2442312240600586,,1.4973167942289083e-06,1003.4856393410009
2.800475059382423,11790,0.2320080280303955,,1.4797220022873233e-06,1004.352128296001
2.802850356294537,11800,0.14267868995666505,,1.4621272103457379e-06,1005.2438779029999
2.8052256532066506,11810,0.24560134410858153,,1.4445324184041526e-06,1006.1120533890007
2.807600950118765,11820,0.20038936138153077,,1.4269376264625672e-06,1006.8996045479998
2.809976247030879,11830,0.14397244453430175,,1.409342834520982e-06,1007.7646497059995
2.812351543942993,11840,0.20569734573364257,,1.3917480425793967e-06,1008.6130971170005
2.8147268408551067,11850,0.16454299688339233,,1.3741532506378113e-06,1009.4502996949996
2.817102137767221,11860,0.22422409057617188,,1.356558458696226e-06,1010.3424240990007
2.8194774346793348,11870,0.19948620796203614,,1.3389636667546406e-06,1011.2029577159992
2.821852731591449,11880,0.17635736465454102,,1.3213688748130554e-06,1012.0379467149996
2.824228028503563,11890,0.27796435356140137,,1.3037740828714702e-06,1012.8316094359998
2.826603325415677,11900,0.2651830196380615,,1.2861792909298847e-06,1013.7275850740007
2.828978622327791,11910,0.15260303020477295,,1.2685844989882995e-06,1014.6371897829995
2.831353919239905,11920,0.31910858154296873,,1.250989707046714e-06,1015.4796613159997
2.833729216152019,11930,0.17785258293151857,,1.233394915105129e-06,1016.3291879379994
2.836104513064133,11940,0.3075843811035156,,1.2158001231635436e-06,1017.2574085470005
2.838479809976247,11950,0.21168670654296876,,1.1982053312219584e-06,1018.1964829480003
2.840855106888361,11960,0.307970666885376,,1.1806105392803732e-06,1019.0155948810007
2.843230403800475,11970,0.22066359519958495,,1.1630157473387877e-06,1019.8241004570009
2.8456057007125892,11980,0.12998361587524415,,1.1454209553972025e-06,1020.7196906629997
2.847980997624703,11990,0.20814666748046876,,1.1278261634556173e-06,1021.5849314019997
2.850356294536817,12000,0.16077258586883544,,1.110231371514032e-06,1022.4198191560008
2.852731591448931,12010,0.19831653833389282,,1.0926365795724466e-06,1023.2911971699996
2.8551068883610453,12020,0.27995235919952394,,1.0750417876308614e-06,1024.1484272519992
2.857482185273159,12030,0.26246592998504636,,1.057446995689276e-06,1024.9880658330003
2.859857482185273,12040,0.19547120332717896,,1.0398522037476907e-06,1025.840654013
2.862232779097387,12050,0.13606936931610109,,1.0222574118061055e-06,1026.7474661439992
2.8646080760095014,12060,0.24299240112304688,,1.00466261986452e-06,1027.6055362379993
2.866983372921615,12070,0.18068715333938598,,9.87067827922935e-07,1028.4796365349994
2.869358669833729,12080,0.1399707317352295,,9.694730359813496e-07,1029.2948209139995
2.8717339667458432,12090,0.19968276023864745,,9.518782440397643e-07,1030.224701694
2.8741092636579575,12100,0.29059813022613523,,9.342834520981791e-07,1031.0867087610004
2.8764845605700713,12110,0.21645677089691162,,9.166886601565937e-07,1031.9069392689998
2.878859857482185,12120,0.1795349597930908,,8.990938682150084e-07,1032.7721748929998
2.8812351543942993,12130,0.1757463335990906,,8.814990762734231e-07,1033.6827102370007
2.883610451306413,12140,0.2391463041305542,,8.639042843318378e-07,1034.5519731420009
2.8859857482185274,12150,0.25056822299957277,,8.463094923902526e-07,1035.4234204940003
2.888361045130641,12160,0.19087480306625365,,8.287147004486673e-07,1036.3300478309993
2.8907363420427554,12170,0.24649083614349365,,8.11119908507082e-07,1037.2144185069992
2.8931116389548692,12180,0.15342378616333008,,7.935251165654967e-07,1038.0942138829996
2.8954869358669835,12190,0.16233147382736207,,7.759303246239114e-07,1038.9853935390001
2.8978622327790973,12200,0.2307826280593872,,7.583355326823261e-07,1039.875175923
2.9002375296912115,12210,0.2099930763244629,,7.407407407407407e-07,1040.7132378770002
2.9026128266033253,12220,0.191335129737854,,7.231459487991555e-07,1041.5547052309994
2.9049881235154396,12230,0.17985365390777588,,7.055511568575703e-07,1042.391243479
2.9073634204275534,12240,0.1779460072517395,,6.879563649159849e-07,1043.2738543159994
2.9097387173396676,12250,0.16843436956405639,,6.703615729743996e-07,1044.1868072590005
2.9121140142517814,12260,0.1903854250907898,,6.527667810328144e-07,1044.994633921
2.9144893111638956,12270,0.1400647282600403,,6.351719890912291e-07,1045.8020296659997
2.9168646080760094,12280,0.17718966007232667,,6.175771971496437e-07,1046.6468984900002
2.9192399049881237,12290,0.18583664894104004,,5.999824052080585e-07,1047.4764989630003
2.9216152019002375,12300,0.2510699987411499,,5.823876132664732e-07,1048.434983526
2.9239904988123513,12310,0.19134972095489503,,5.647928213248878e-07,1049.2980720609994
2.9263657957244655,12320,0.19680557250976563,,5.471980293833026e-07,1050.1579171049998
2.92874109263658,12330,0.21278388500213624,,5.296032374417173e-07,1050.982736637001
2.9311163895486936,12340,0.17952771186828614,,5.12008445500132e-07,1051.8185684479995
2.9334916864608074,12350,0.2558483123779297,,4.944136535585467e-07,1052.7015307679994
2.9358669833729216,12360,0.257303261756897,,4.768188616169614e-07,1053.522254296
2.938242280285036,12370,0.22710080146789552,,4.5922406967537616e-07,1054.3801749569993
2.9406175771971497,12380,0.22400834560394287,,4.416292777337908e-07,1055.2406084489994
2.9429928741092635,12390,0.25011239051818845,,4.2403448579220555e-07,1056.1076031280008
2.9453681710213777,12400,0.2802464246749878,,4.064396938506202e-07,1056.8842779669994
2.947743467933492,12410,0.13637278079986573,,3.88844901909035e-07,1057.7460764259995
2.9501187648456058,12420,0.24214839935302734,,3.7125010996744966e-07,1058.6219440240002
2.9524940617577196,12430,0.19187424182891846,,3.536553180258644e-07,1059.444855791
2.954869358669834,12440,0.16209259033203124,,3.3606052608427905e-07,1060.3824452650006
2.9572446555819476,12450,0.14992210865020753,,3.184657341426938e-07,1061.2774893980004
2.959619952494062,12460,0.2302624225616455,,3.008709422011085e-07,1062.190773583001
2.9619952494061756,12470,0.17324573993682862,,2.832761502595232e-07,1062.9917365710007
2.96437054631829,12480,0.17892171144485475,,2.6568135831793793e-07,1063.7920204900001
2.9667458432304037,12490,0.25789451599121094,,2.480865663763526e-07,1064.6176557670005
2.969121140142518,12500,0.198392653465271,,2.3049177443476735e-07,1065.5076554989992
2.9714964370546317,12510,0.24385600090026854,,2.1289698249318201e-07,1066.4037094670002
2.973871733966746,12520,0.23777236938476562,,1.9530219055159676e-07,1067.2118915409992
2.97624703087886,12530,0.2989553451538086,,1.7770739861001143e-07,1068.0908812409998
2.978622327790974,12540,0.1856847047805786,,1.6011260666842618e-07,1068.978361212001
2.980997624703088,12550,0.20234928131103516,,1.4251781472684087e-07,1069.826617265
2.983372921615202,12560,0.18353995084762573,,1.249230227852556e-07,1070.6671432210005
2.985748218527316,12570,0.2661496877670288,,1.0732823084367029e-07,1071.5622171470004
2.9881235154394297,12580,0.21063506603240967,,8.9733438902085e-08,1072.3934011090005
2.990498812351544,12590,0.12408099174499512,,7.213864696049969e-08,1073.1792672760002
2.992874109263658,12600,0.26651878356933595,,5.45438550189144e-08,1073.9457082410008
2.995249406175772,12610,0.2187887907028198,,3.694906307732912e-08,1074.8026379189996
2.9976247030878858,12620,0.28181886672973633,,1.9354271135743822e-08,1075.662990711
3.0,12630,0.17952239513397217,,1.7594791941585293e-09,1076.516493094001
3.0,12630,,0.26004716753959656,,1079.0782758629994
3.0,12630,,,,1079.7687910460008
